4.0,1.0,2388.0,20.0,8.0,2.0,2.0,0.0,3.0,1.0,1.0,0.0,0.0,1.0,0.0,0.0,2.0,0.0,0.0,0.0,0.0,1.0,1.0,0.0,0.0,0.0,0.0,2.0,0.0
4.0,2.0,28.0,4.0,10.0,5.0,0.0,0.0,3.0,1.0,1.0,0.0,0.0,1.0,0.0,0.0,1.0,1.0,0.0,1.0,0.0,3.0,0.0,0.0,0.0,0.0,0.0,0.0,0.0
3.0,1.0,9.0,1.0,6.0,1.0,0.0,0.0,3.0,0.0,1.0,0.0,1.0,1.0,0.0,0.0,0.0,0.0,0.0,0.0,0.0,0.0,0.0,0.0,1.0,1.0,0.0,0.0,0.0
3.0,4.0,1.0,0.0,6.0,1.0,0.0,0.0,3.0,1.0,0.0,1.0,0.0,1.0,0.0,0.0,0.0,0.0,1.0,0.0,0.0,0.0,0.0,0.0,0.0,0.0,0.0,0.0,0.0
3.0,1.0,337.0,5.0,9.0,1.0,0.0,0.0,2.0,0.0,0.0,1.0,0.0,1.0,0.0,0.0,0.0,0.0,1.0,0.0,0.0,0.0,0.0,0.0,0.0,0.0,0.0,0.0,0.0
6.0,2.0,1904.0,157.0,10.0,2.0,0.0,2.0,2.0,1.0,0.0,0.0,0.0,1.0,0.0,0.0,1.0,0.0,0.0,0.0,0.0,0.0,0.0,0.0,0.0,0.0,0.0,1.0,0.0
5.0,1.0,372.0,118.0,9.0,7.0,0.0,0.0,2.0,1.0,0.0,0.0,0.0,1.0,0.0,0.0,0.0,1.0,0.0,0.0,0.0,1.0,0.0,0.0,0.0,0.0,0.0,0.0,0.0
5.0,1.0,333.0,13.0,10.0,2.0,0.0,14.0,4.0,1.0,0.0,1.0,1.0,1.0,0.0,0.0,1.0,0.0,0.0,0.0,1.0,1.0,1.0,0.0,0.0,0.0,0.0,4.0,0.0
3.0,1.0,0.0,0.0,3.0,0.0,0.0,2.0,2.0,1.0,0.0,0.0,0.0,1.0,0.0,0.0,1.0,0.0,0.0,0.0,0.0,0.0,0.0,0.0,0.0,0.0,0.0,1.0,0.0
1.0,4.0,0.0,0.0,6.0,1.0,0.0,1.0,3.0,1.0,0.0,1.0,0.0,1.0,0.0,0.0,0.0,0.0,0.0,0.0,0.0,6.0,0.0,0.0,0.0,0.0,0.0,0.0,0.0
2.0,4.0,76.0,2.0,2.0,0.0,0.0,0.0,3.0,1.0,0.0,1.0,0.0,1.0,0.0,0.0,1.0,0.0,0.0,0.0,4.0,2.0,0.0,0.0,0.0,0.0,0.0,0.0,0.0
5.0,1.0,1.0,3.0,7.0,3.0,0.0,2.0,2.0,1.0,0.0,0.0,0.0,1.0,0.0,0.0,0.0,0.0,0.0,0.0,0.0,5.0,1.0,0.0,0.0,0.0,0.0,1.0,0.0
5.0,1.0,99.0,39.0,10.0,7.0,0.0,0.0,4.0,1.0,0.0,1.0,0.0,1.0,1.0,0.0,0.0,1.0,0.0,0.0,0.0,0.0,0.0,0.0,1.0,0.0,0.0,0.0,0.0
2.0,4.0,5.0,1.0,1.0,1.0,0.0,0.0,3.0,1.0,0.0,0.0,0.0,1.0,1.0,0.0,1.0,0.0,0.0,0.0,0.0,0.0,0.0,1.0,0.0,0.0,0.0,0.0,0.0
2.0,3.0,178.0,3.0,2.0,0.0,0.0,9.0,3.0,0.0,0.0,1.0,1.0,1.0,0.0,0.0,0.0,0.0,0.0,0.0,1.0,1.0,0.0,0.0,0.0,0.0,0.0,0.0,0.0
1.0,4.0,0.0,0.0,1.0,1.0,0.0,0.0,6.0,1.0,1.0,1.0,1.0,1.0,0.0,0.0,0.0,0.0,0.0,0.0,0.0,0.0,0.0,0.0,1.0,1.0,1.0,0.0,0.0
3.0,1.0,0.0,0.0,6.0,0.0,2.0,0.0,4.0,1.0,0.0,0.0,1.0,1.0,1.0,0.0,5.0,0.0,0.0,0.0,0.0,0.0,0.0,0.0,1.0,0.0,0.0,5.0,0.0
3.0,1.0,29.0,3.0,6.0,6.0,0.0,0.0,3.0,1.0,0.0,0.0,1.0,0.0,1.0,0.0,1.0,0.0,0.0,0.0,0.0,1.0,0.0,0.0,0.0,1.0,0.0,1.0,1.0
6.0,3.0,0.0,0.0,1.0,1.0,0.0,0.0,5.0,1.0,0.0,1.0,1.0,1.0,0.0,1.0,4.0,0.0,0.0,0.0,0.0,0.0,0.0,1.0,1.0,1.0,0.0,4.0,1.0
3.0,1.0,0.0,0.0,6.0,0.0,3.0,0.0,3.0,1.0,0.0,1.0,1.0,0.0,0.0,0.0,5.0,0.0,0.0,0.0,0.0,0.0,0.0,0.0,0.0,0.0,0.0,4.0,1.0
1.0,4.0,0.0,0.0,1.0,1.0,0.0,1.0,5.0,1.0,0.0,1.0,1.0,1.0,1.0,0.0,1.0,0.0,0.0,0.0,0.0,1.0,0.0,1.0,0.0,0.0,0.0,3.0,1.0
3.0,1.0,84.0,8.0,4.0,0.0,0.0,3.0,2.0,1.0,0.0,0.0,0.0,1.0,0.0,0.0,1.0,0.0,0.0,0.0,0.0,0.0,0.0,0.0,0.0,0.0,0.0,1.0,1.0
5.0,1.0,1.0,0.0,8.0,2.0,0.0,0.0,2.0,1.0,0.0,0.0,0.0,1.0,0.0,0.0,1.0,0.0,0.0,0.0,0.0,0.0,0.0,0.0,0.0,0.0,0.0,0.0,1.0
3.0,1.0,31.0,10.0,6.0,0.0,3.0,0.0,3.0,1.0,0.0,0.0,1.0,0.0,1.0,0.0,5.0,0.0,0.0,0.0,0.0,0.0,0.0,0.0,0.0,0.0,0.0,3.0,1.0
1.0,4.0,23.0,0.0,1.0,1.0,0.0,2.0,8.0,1.0,1.0,1.0,1.0,1.0,1.0,1.0,4.0,1.0,0.0,0.0,0.0,0.0,0.0,0.0,1.0,1.0,1.0,1.0,1.0
1.0,4.0,0.0,0.0,1.0,1.0,0.0,0.0,6.0,1.0,1.0,1.0,1.0,1.0,1.0,0.0,1.0,1.0,1.0,1.0,1.0,0.0,0.0,0.0,1.0,1.0,0.0,0.0,1.0
5.0,1.0,47.0,1.0,10.0,3.0,0.0,0.0,4.0,1.0,0.0,0.0,0.0,1.0,1.0,1.0,6.0,4.0,0.0,0.0,0.0,0.0,0.0,0.0,0.0,1.0,0.0,6.0,1.0
3.0,1.0,111.0,9.0,5.0,6.0,0.0,3.0,5.0,1.0,1.0,1.0,1.0,1.0,0.0,0.0,1.0,0.0,0.0,0.0,0.0,1.0,0.0,0.0,1.0,1.0,0.0,0.0,1.0
5.0,1.0,678.0,35.0,10.0,3.0,0.0,0.0,3.0,1.0,0.0,1.0,0.0,1.0,0.0,0.0,1.0,0.0,0.0,0.0,1.0,14.0,0.0,0.0,1.0,1.0,0.0,4.0,1.0
1.0,4.0,9976.0,24.0,1.0,1.0,2.0,0.0,2.0,1.0,0.0,0.0,0.0,1.0,0.0,0.0,1.0,0.0,0.0,0.0,0.0,0.0,0.0,0.0,0.0,1.0,0.0,1.0,1.0
4.0,1.0,1284.0,4.0,3.0,5.0,3.0,0.0,3.0,1.0,0.0,1.0,1.0,0.0,0.0,0.0,5.0,0.0,0.0,0.0,0.0,0.0,0.0,0.0,0.0,0.0,0.0,4.0,1.0
2.0,3.0,757.0,11.0,2.0,0.0,0.0,2.0,3.0,1.0,0.0,1.0,0.0,1.0,0.0,0.0,1.0,0.0,0.0,0.0,1.0,1.0,0.0,0.0,0.0,0.0,0.0,4.0,1.0
5.0,1.0,9561.0,1008.0,7.0,6.0,0.0,0.0,2.0,1.0,0.0,0.0,1.0,0.0,0.0,0.0,1.0,0.0,0.0,0.0,0.0,5.0,0.0,0.0,0.0,0.0,0.0,1.0,1.0
2.0,4.0,1139.0,28.0,2.0,0.0,0.0,3.0,3.0,1.0,0.0,1.0,1.0,0.0,0.0,0.0,5.0,0.0,0.0,0.0,0.0,0.0,0.0,0.0,0.0,0.0,0.0,5.0,1.0
4.0,2.0,342.0,2.0,10.0,5.0,0.0,0.0,3.0,1.0,1.0,0.0,1.0,0.0,0.0,0.0,1.0,0.0,0.0,0.0,0.0,1.0,0.0,0.0,1.0,1.0,0.0,1.0,1.0
3.0,1.0,128.0,15.0,5.0,6.0,0.0,0.0,3.0,1.0,0.0,1.0,0.0,1.0,0.0,0.0,0.0,0.0,0.0,0.0,0.0,0.0,0.0,1.0,0.0,0.0,0.0,0.0,1.0
3.0,1.0,43.0,5.0,6.0,1.0,0.0,0.0,2.0,1.0,0.0,0.0,0.0,1.0,0.0,0.0,1.0,0.0,1.0,0.0,0.0,0.0,0.0,0.0,0.0,0.0,0.0,1.0,1.0
2.0,3.0,284.0,8.0,2.0,0.0,0.0,3.0,3.0,1.0,0.0,1.0,1.0,0.0,0.0,0.0,5.0,0.0,0.0,0.0,0.0,0.0,0.0,0.0,0.0,0.0,0.0,5.0,1.0
4.0,1.0,28.0,0.0,10.0,5.0,0.0,3.0,4.0,1.0,1.0,1.0,0.0,1.0,0.0,0.0,2.0,0.0,0.0,0.0,0.0,0.0,0.0,1.0,0.0,0.0,0.0,2.0,1.0
4.0,1.0,1222.0,31.0,10.0,1.0,0.0,3.0,3.0,1.0,1.0,0.0,1.0,0.0,0.0,0.0,2.0,0.0,0.0,0.0,0.0,0.0,0.0,0.0,0.0,0.0,0.0,2.0,1.0
3.0,1.0,547.0,54.0,3.0,0.0,3.0,0.0,3.0,1.0,0.0,1.0,0.0,1.0,0.0,0.0,0.0,0.0,0.0,0.0,0.0,0.0,0.0,0.0,0.0,0.0,0.0,4.0,1.0
2.0,4.0,91.0,0.0,3.0,0.0,3.0,0.0,3.0,1.0,0.0,1.0,0.0,1.0,0.0,0.0,0.0,0.0,0.0,0.0,0.0,0.0,0.0,0.0,0.0,0.0,0.0,4.0,1.0
6.0,3.0,4.0,0.0,3.0,0.0,0.0,3.0,5.0,1.0,0.0,1.0,1.0,1.0,1.0,0.0,1.0,1.0,0.0,0.0,0.0,1.0,0.0,0.0,1.0,0.0,0.0,1.0,1.0
3.0,4.0,0.0,0.0,1.0,1.0,0.0,1.0,3.0,1.0,0.0,0.0,1.0,1.0,0.0,0.0,0.0,0.0,0.0,0.0,0.0,0.0,0.0,0.0,1.0,0.0,0.0,0.0,1.0
1.0,4.0,2176.0,0.0,6.0,1.0,0.0,0.0,2.0,1.0,0.0,0.0,0.0,1.0,0.0,0.0,0.0,1.0,0.0,0.0,0.0,0.0,0.0,0.0,0.0,0.0,0.0,0.0,1.0
1.0,4.0,0.0,0.0,1.0,1.0,0.0,0.0,3.0,1.0,1.0,0.0,1.0,0.0,0.0,0.0,5.0,1.0,0.0,0.0,0.0,7.0,0.0,1.0,0.0,1.0,0.0,1.0,1.0
6.0,1.0,0.0,0.0,1.0,1.0,0.0,0.0,7.0,1.0,1.0,1.0,1.0,1.0,0.0,1.0,4.0,0.0,0.0,0.0,0.0,0.0,0.0,0.0,1.0,1.0,1.0,1.0,1.0
1.0,4.0,28.0,6.0,3.0,0.0,2.0,0.0,2.0,1.0,0.0,0.0,0.0,0.0,1.0,0.0,3.0,0.0,0.0,0.0,0.0,0.0,0.0,0.0,0.0,0.0,0.0,3.0,1.0
5.0,1.0,1648.0,39.0,6.0,2.0,0.0,3.0,3.0,1.0,1.0,0.0,0.0,1.0,0.0,0.0,1.0,0.0,0.0,0.0,0.0,0.0,0.0,0.0,1.0,0.0,1.0,2.0,1.0
3.0,1.0,301.0,57.0,6.0,0.0,3.0,0.0,3.0,1.0,1.0,0.0,0.0,1.0,0.0,0.0,0.0,0.0,0.0,0.0,0.0,0.0,0.0,0.0,0.0,0.0,0.0,2.0,1.0
5.0,1.0,181.0,6.0,10.0,3.0,0.0,0.0,2.0,1.0,0.0,0.0,1.0,0.0,0.0,0.0,1.0,0.0,0.0,0.0,0.0,0.0,0.0,0.0,1.0,0.0,0.0,1.0,1.0
5.0,1.0,18.0,2.0,8.0,2.0,0.0,3.0,4.0,1.0,1.0,0.0,0.0,1.0,1.0,0.0,2.0,0.0,0.0,0.0,0.0,0.0,0.0,0.0,0.0,0.0,0.0,2.0,1.0
5.0,1.0,236.0,3.0,10.0,6.0,0.0,3.0,3.0,1.0,0.0,1.0,0.0,1.0,0.0,0.0,1.0,1.0,0.0,0.0,0.0,0.0,0.0,0.0,0.0,0.0,0.0,1.0,1.0
5.0,1.0,10.0,3.0,8.0,2.0,0.0,2.0,4.0,1.0,1.0,0.0,0.0,1.0,0.0,1.0,1.0,0.0,0.0,0.0,0.0,0.0,0.0,0.0,0.0,1.0,0.0,1.0,1.0
4.0,4.0,111.0,1.0,10.0,5.0,0.0,11.0,3.0,1.0,0.0,1.0,0.0,1.0,0.0,0.0,1.0,0.0,0.0,0.0,1.0,1.0,0.0,0.0,0.0,0.0,0.0,4.0,1.0
3.0,1.0,0.0,0.0,4.0,0.0,0.0,2.0,3.0,1.0,0.0,1.0,1.0,0.0,0.0,0.0,1.0,0.0,0.0,0.0,0.0,0.0,0.0,0.0,1.0,0.0,0.0,4.0,1.0
5.0,1.0,0.0,0.0,10.0,2.0,0.0,0.0,3.0,1.0,1.0,0.0,0.0,1.0,0.0,0.0,1.0,0.0,0.0,0.0,0.0,0.0,1.0,0.0,0.0,0.0,0.0,1.0,1.0
4.0,4.0,1240.0,7.0,3.0,2.0,3.0,0.0,3.0,1.0,1.0,0.0,1.0,0.0,0.0,0.0,5.0,0.0,0.0,0.0,0.0,0.0,0.0,0.0,0.0,0.0,0.0,2.0,1.0
3.0,1.0,0.0,0.0,10.0,0.0,2.0,0.0,3.0,1.0,0.0,0.0,0.0,1.0,1.0,0.0,1.0,0.0,1.0,0.0,0.0,0.0,0.0,0.0,1.0,0.0,0.0,0.0,1.0
1.0,4.0,1973.0,77.0,2.0,0.0,3.0,0.0,4.0,1.0,1.0,0.0,0.0,1.0,0.0,1.0,2.0,0.0,0.0,0.0,0.0,0.0,0.0,0.0,0.0,1.0,0.0,2.0,1.0
5.0,1.0,1566.0,2.0,10.0,6.0,3.0,0.0,3.0,1.0,0.0,1.0,1.0,0.0,0.0,0.0,1.0,2.0,0.0,0.0,0.0,1.0,1.0,1.0,1.0,0.0,0.0,1.0,1.0
4.0,4.0,447.0,20.0,8.0,2.0,0.0,0.0,2.0,1.0,1.0,0.0,0.0,0.0,0.0,0.0,1.0,0.0,0.0,0.0,0.0,1.0,0.0,0.0,0.0,0.0,0.0,1.0,1.0
3.0,1.0,324.0,4.0,6.0,1.0,0.0,0.0,3.0,1.0,0.0,1.0,0.0,1.0,0.0,0.0,1.0,0.0,1.0,0.0,0.0,0.0,0.0,0.0,0.0,0.0,0.0,1.0,1.0
2.0,3.0,1285.0,14.0,2.0,0.0,3.0,0.0,2.0,1.0,0.0,0.0,0.0,1.0,0.0,0.0,1.0,0.0,0.0,0.0,0.0,0.0,0.0,0.0,0.0,0.0,0.0,1.0,1.0
6.0,1.0,300.0,48.0,10.0,0.0,0.0,0.0,4.0,1.0,0.0,1.0,1.0,1.0,0.0,0.0,4.0,0.0,0.0,0.0,0.0,4.0,0.0,1.0,0.0,0.0,0.0,4.0,1.0
3.0,1.0,313.0,36.0,5.0,6.0,0.0,2.0,2.0,1.0,0.0,0.0,0.0,1.0,0.0,0.0,0.0,0.0,0.0,0.0,0.0,0.0,0.0,0.0,0.0,0.0,0.0,0.0,1.0
3.0,4.0,92.0,10.0,6.0,0.0,0.0,0.0,5.0,1.0,1.0,1.0,1.0,1.0,0.0,0.0,1.0,1.0,0.0,0.0,0.0,0.0,0.0,0.0,1.0,0.0,0.0,2.0,1.0
1.0,4.0,9.0,3.0,2.0,0.0,0.0,5.0,3.0,1.0,0.0,1.0,0.0,1.0,0.0,0.0,1.0,0.0,0.0,0.0,0.0,1.0,0.0,1.0,0.0,0.0,0.0,1.0,1.0
3.0,1.0,237.0,22.0,6.0,6.0,3.0,0.0,7.0,1.0,1.0,1.0,1.0,1.0,0.0,1.0,1.0,0.0,0.0,0.0,0.0,2.0,0.0,0.0,1.0,1.0,1.0,4.0,1.0
4.0,4.0,196.0,6.0,3.0,2.0,3.0,0.0,3.0,1.0,1.0,0.0,1.0,0.0,0.0,0.0,2.0,0.0,0.0,0.0,0.0,1.0,0.0,0.0,0.0,0.0,0.0,2.0,1.0
3.0,4.0,505.0,38.0,2.0,0.0,0.0,3.0,2.0,1.0,0.0,0.0,1.0,0.0,0.0,0.0,1.0,0.0,0.0,0.0,0.0,0.0,0.0,0.0,0.0,0.0,0.0,1.0,1.0
1.0,4.0,0.0,0.0,1.0,1.0,0.0,0.0,5.0,1.0,1.0,0.0,1.0,1.0,1.0,0.0,2.0,0.0,0.0,0.0,0.0,2.0,0.0,1.0,0.0,0.0,0.0,2.0,1.0
3.0,1.0,41.0,6.0,4.0,1.0,0.0,0.0,2.0,1.0,0.0,0.0,0.0,1.0,0.0,0.0,1.0,0.0,1.0,0.0,0.0,0.0,0.0,0.0,0.0,0.0,0.0,1.0,1.0
5.0,1.0,36.0,18.0,7.0,3.0,0.0,0.0,3.0,1.0,0.0,1.0,0.0,1.0,0.0,0.0,1.0,1.0,0.0,0.0,1.0,1.0,0.0,0.0,0.0,0.0,0.0,4.0,1.0
5.0,1.0,514.0,49.0,10.0,3.0,0.0,5.0,3.0,1.0,0.0,1.0,0.0,1.0,0.0,0.0,1.0,0.0,0.0,0.0,0.0,0.0,0.0,0.0,0.0,0.0,0.0,1.0,1.0
6.0,2.0,1.0,0.0,10.0,1.0,0.0,0.0,2.0,1.0,0.0,0.0,0.0,1.0,0.0,0.0,1.0,0.0,1.0,0.0,1.0,0.0,0.0,0.0,0.0,0.0,0.0,0.0,1.0
4.0,1.0,164.0,7.0,8.0,2.0,0.0,0.0,2.0,1.0,0.0,0.0,0.0,1.0,0.0,0.0,1.0,1.0,0.0,0.0,0.0,1.0,1.0,0.0,0.0,0.0,0.0,1.0,1.0
5.0,1.0,781.0,45.0,9.0,2.0,0.0,0.0,2.0,1.0,0.0,0.0,0.0,1.0,0.0,0.0,1.0,0.0,0.0,0.0,0.0,1.0,1.0,0.0,0.0,0.0,0.0,1.0,1.0
4.0,1.0,236.0,13.0,10.0,5.0,0.0,6.0,5.0,1.0,0.0,0.0,1.0,1.0,1.0,0.0,5.0,1.0,0.0,0.0,0.0,0.0,0.0,0.0,0.0,1.0,0.0,3.0,1.0
3.0,4.0,245.0,56.0,1.0,1.0,0.0,0.0,3.0,1.0,0.0,1.0,0.0,1.0,0.0,0.0,1.0,0.0,1.0,1.0,0.0,0.0,0.0,0.0,0.0,0.0,0.0,0.0,1.0
1.0,4.0,9363.0,231.0,1.0,1.0,0.0,13.0,3.0,1.0,0.0,1.0,0.0,1.0,0.0,0.0,0.0,0.0,0.0,0.0,1.0,50.0,0.0,0.0,0.0,0.0,0.0,4.0,1.0
5.0,1.0,22402.0,274.0,5.0,6.0,0.0,0.0,2.0,1.0,0.0,0.0,1.0,0.0,0.0,0.0,1.0,0.0,0.0,0.0,0.0,1.0,0.0,0.0,1.0,0.0,0.0,1.0,1.0
2.0,4.0,912.0,15.0,2.0,0.0,0.0,3.0,7.0,1.0,1.0,1.0,1.0,1.0,1.0,1.0,1.0,0.0,0.0,0.0,0.0,7.0,0.0,0.0,1.0,1.0,0.0,5.0,1.0
5.0,1.0,333.0,60.0,10.0,6.0,0.0,0.0,2.0,1.0,0.0,0.0,1.0,0.0,0.0,0.0,1.0,0.0,0.0,0.0,0.0,1.0,0.0,0.0,0.0,0.0,0.0,1.0,1.0
6.0,3.0,3.0,0.0,1.0,1.0,0.0,0.0,3.0,1.0,0.0,1.0,0.0,1.0,0.0,0.0,1.0,0.0,0.0,0.0,1.0,5.0,0.0,0.0,0.0,0.0,0.0,4.0,1.0
3.0,1.0,256.0,22.0,6.0,6.0,0.0,3.0,4.0,1.0,0.0,1.0,1.0,1.0,0.0,0.0,1.0,0.0,0.0,0.0,0.0,1.0,0.0,0.0,0.0,0.0,0.0,4.0,1.0
5.0,1.0,648.0,16.0,10.0,2.0,0.0,3.0,5.0,1.0,1.0,0.0,1.0,1.0,1.0,0.0,2.0,0.0,0.0,0.0,0.0,1.0,0.0,0.0,1.0,0.0,0.0,3.0,1.0
5.0,1.0,143.0,90.0,6.0,2.0,0.0,0.0,2.0,1.0,1.0,0.0,0.0,0.0,0.0,0.0,2.0,1.0,0.0,0.0,0.0,0.0,0.0,0.0,0.0,0.0,0.0,2.0,1.0
4.0,1.0,113.0,3.0,3.0,5.0,0.0,0.0,2.0,1.0,1.0,0.0,0.0,0.0,0.0,0.0,2.0,0.0,0.0,0.0,0.0,1.0,0.0,0.0,0.0,0.0,0.0,2.0,1.0
2.0,3.0,1099.0,6.0,2.0,0.0,0.0,3.0,3.0,1.0,1.0,0.0,1.0,0.0,0.0,0.0,1.0,0.0,0.0,0.0,0.0,0.0,0.0,0.0,0.0,0.0,0.0,1.0,1.0
2.0,3.0,8512.0,119.0,6.0,0.0,0.0,0.0,4.0,0.0,1.0,1.0,1.0,1.0,0.0,0.0,2.0,1.0,0.0,0.0,0.0,22.0,0.0,0.0,0.0,0.0,1.0,2.0,1.0
4.0,4.0,274.0,7.0,3.0,5.0,0.0,2.0,3.0,1.0,1.0,0.0,1.0,0.0,0.0,0.0,1.0,0.0,0.0,0.0,0.0,1.0,0.0,0.0,0.0,0.0,0.0,1.0,1.0
4.0,4.0,4.0,0.0,6.0,0.0,1.0,2.0,5.0,1.0,1.0,0.0,1.0,0.0,1.0,1.0,5.0,0.0,0.0,0.0,0.0,1.0,0.0,0.0,0.0,1.0,0.0,1.0,1.0
4.0,2.0,2.0,0.0,3.0,2.0,0.0,0.0,2.0,0.0,1.0,0.0,0.0,1.0,0.0,0.0,2.0,0.0,0.0,0.0,0.0,4.0,1.0,0.0,0.0,0.0,0.0,2.0,1.0
4.0,1.0,22.0,0.0,3.0,2.0,0.0,0.0,4.0,1.0,1.0,1.0,0.0,1.0,0.0,0.0,4.0,0.0,0.0,0.0,0.0,1.0,0.0,1.0,0.0,0.0,0.0,0.0,1.0
1.0,4.0,0.0,0.0,1.0,1.0,0.0,0.0,6.0,1.0,1.0,1.0,1.0,1.0,1.0,0.0,2.0,1.0,0.0,0.0,0.0,10.0,0.0,0.0,0.0,1.0,0.0,2.0,1.0
4.0,4.0,10.0,1.0,1.0,5.0,0.0,5.0,4.0,1.0,1.0,1.0,0.0,1.0,0.0,0.0,1.0,0.0,0.0,0.0,0.0,0.0,0.0,0.0,0.0,0.0,0.0,1.0,1.0
4.0,4.0,239.0,14.0,1.0,5.0,0.0,3.0,4.0,1.0,1.0,0.0,1.0,0.0,1.0,0.0,1.0,0.0,0.0,0.0,0.0,1.0,0.0,0.0,0.0,0.0,0.0,1.0,1.0
4.0,4.0,246.0,6.0,3.0,2.0,3.0,0.0,3.0,1.0,1.0,0.0,1.0,0.0,0.0,0.0,5.0,0.0,0.0,0.0,0.0,0.0,0.0,0.0,0.0,0.0,0.0,1.0,1.0
4.0,4.0,36.0,1.0,6.0,5.0,1.0,2.0,4.0,1.0,1.0,0.0,1.0,0.0,1.0,0.0,5.0,0.0,0.0,0.0,0.0,1.0,0.0,0.0,0.0,0.0,0.0,1.0,1.0
2.0,4.0,215.0,1.0,1.0,4.0,0.0,0.0,5.0,1.0,1.0,0.0,1.0,1.0,1.0,0.0,2.0,0.0,0.0,0.0,0.0,0.0,0.0,1.0,0.0,0.0,0.0,3.0,1.0
3.0,1.0,93.0,11.0,9.0,6.0,0.0,3.0,3.0,1.0,1.0,0.0,0.0,1.0,0.0,0.0,1.0,0.0,0.0,0.0,0.0,0.0,0.0,0.0,0.0,0.0,0.0,1.0,1.0
5.0,1.0,3268.0,684.0,6.0,4.0,0.0,3.0,4.0,0.0,1.0,1.0,0.0,1.0,0.0,1.0,6.0,1.0,0.0,0.0,0.0,0.0,0.0,0.0,1.0,0.0,0.0,6.0,1.0
4.0,4.0,323.0,7.0,3.0,5.0,3.0,0.0,3.0,1.0,1.0,0.0,0.0,1.0,0.0,0.0,0.0,0.0,0.0,0.0,0.0,0.0,0.0,0.0,0.0,0.0,0.0,1.0,1.0
5.0,1.0,98.0,2.0,8.0,2.0,0.0,3.0,4.0,1.0,1.0,0.0,0.0,1.0,1.0,0.0,3.0,0.0,0.0,0.0,0.0,1.0,0.0,1.0,0.0,0.0,0.0,3.0,1.0
4.0,1.0,583.0,17.0,10.0,5.0,0.0,5.0,4.0,1.0,1.0,0.0,0.0,1.0,1.0,0.0,1.0,1.0,0.0,0.0,0.0,0.0,0.0,0.0,1.0,0.0,0.0,3.0,1.0
4.0,1.0,1760.0,3.0,8.0,2.0,0.0,0.0,1.0,0.0,1.0,0.0,0.0,0.0,0.0,0.0,2.0,0.0,0.0,0.0,0.0,0.0,0.0,0.0,0.0,0.0,0.0,2.0,1.0
4.0,2.0,587.0,9.0,10.0,1.0,1.0,2.0,3.0,1.0,1.0,0.0,0.0,1.0,0.0,0.0,1.0,0.0,0.0,0.0,0.0,0.0,0.0,0.0,0.0,0.0,0.0,0.0,1.0
4.0,2.0,118.0,6.0,10.0,5.0,0.0,3.0,3.0,1.0,1.0,0.0,0.0,0.0,1.0,0.0,1.0,0.0,0.0,0.0,0.0,1.0,0.0,0.0,0.0,0.0,0.0,3.0,1.0
4.0,4.0,1031.0,2.0,8.0,2.0,0.0,0.0,2.0,0.0,1.0,0.0,1.0,0.0,0.0,0.0,2.0,0.0,0.0,0.0,0.0,1.0,1.0,0.0,0.0,0.0,0.0,2.0,1.0
4.0,2.0,2.0,1.0,1.0,4.0,0.0,4.0,4.0,1.0,1.0,1.0,1.0,0.0,0.0,0.0,1.0,0.0,0.0,0.0,0.0,0.0,0.0,0.0,0.0,0.0,0.0,1.0,1.0
4.0,1.0,1267.0,5.0,3.0,2.0,0.0,3.0,3.0,0.0,1.0,0.0,0.0,1.0,0.0,1.0,6.0,1.0,0.0,0.0,0.0,0.0,0.0,0.0,0.0,0.0,0.0,6.0,1.0
4.0,1.0,925.0,56.0,10.0,2.0,3.0,0.0,2.0,0.0,1.0,0.0,0.0,1.0,0.0,0.0,2.0,0.0,0.0,0.0,0.0,0.0,0.0,0.0,0.0,0.0,0.0,2.0,1.0
5.0,1.0,212.0,1.0,8.0,2.0,0.0,2.0,3.0,1.0,1.0,0.0,0.0,1.0,0.0,0.0,1.0,0.0,0.0,0.0,0.0,0.0,0.0,0.0,1.0,0.0,0.0,1.0,1.0
5.0,1.0,804.0,84.0,6.0,2.0,1.0,0.0,2.0,0.0,1.0,0.0,0.0,1.0,0.0,0.0,2.0,0.0,0.0,0.0,0.0,1.0,1.0,0.0,0.0,0.0,0.0,0.0,1.0
4.0,2.0,26.0,5.0,10.0,5.0,3.0,0.0,4.0,1.0,1.0,0.0,1.0,0.0,1.0,0.0,1.0,0.0,0.0,0.0,0.0,0.0,0.0,0.0,0.0,0.0,1.0,1.0,1.0
4.0,1.0,0.0,0.0,6.0,0.0,0.0,3.0,4.0,1.0,1.0,0.0,1.0,0.0,1.0,0.0,2.0,0.0,0.0,0.0,0.0,2.0,0.0,1.0,0.0,0.0,0.0,2.0,1.0
5.0,1.0,2150.0,9.0,8.0,2.0,0.0,0.0,2.0,0.0,1.0,0.0,0.0,1.0,0.0,0.0,2.0,0.0,0.0,0.0,0.0,0.0,0.0,0.0,1.0,0.0,1.0,2.0,1.0
4.0,2.0,0.0,0.0,1.0,1.0,0.0,0.0,3.0,1.0,1.0,0.0,0.0,1.0,0.0,0.0,1.0,0.0,0.0,0.0,0.0,0.0,0.0,0.0,0.0,0.0,0.0,1.0,1.0
6.0,2.0,30.0,0.0,1.0,1.0,0.0,0.0,4.0,0.0,1.0,1.0,1.0,1.0,0.0,0.0,2.0,0.0,0.0,0.0,0.0,5.0,0.0,1.0,0.0,0.0,0.0,4.0,1.0
1.0,4.0,0.0,0.0,1.0,1.0,5.0,0.0,4.0,0.0,1.0,1.0,1.0,1.0,0.0,0.0,2.0,0.0,0.0,0.0,0.0,0.0,0.0,0.0,1.0,1.0,1.0,4.0,1.0
2.0,4.0,63.0,0.0,6.0,1.0,0.0,5.0,4.0,1.0,1.0,0.0,1.0,1.0,0.0,0.0,1.0,0.0,0.0,0.0,0.0,1.0,0.0,0.0,0.0,0.0,0.0,2.0,1.0
4.0,1.0,57.0,2.0,3.0,7.0,0.0,5.0,4.0,1.0,1.0,0.0,1.0,1.0,0.0,0.0,2.0,0.0,0.0,0.0,1.0,1.0,0.0,0.0,0.0,0.0,0.0,1.0,1.0
6.0,2.0,15.0,0.0,6.0,1.0,0.0,0.0,4.0,1.0,1.0,0.0,1.0,0.0,1.0,0.0,1.0,0.0,0.0,0.0,0.0,0.0,0.0,1.0,0.0,1.0,0.0,3.0,1.0
4.0,2.0,905.0,28.0,10.0,5.0,0.0,0.0,4.0,1.0,1.0,0.0,1.0,0.0,0.0,1.0,2.0,1.0,0.0,0.0,0.0,0.0,0.0,0.0,1.0,1.0,0.0,2.0,1.0
4.0,2.0,391.0,8.0,10.0,5.0,0.0,7.0,5.0,1.0,1.0,0.0,1.0,1.0,1.0,0.0,2.0,0.0,0.0,0.0,0.0,1.0,0.0,1.0,1.0,1.0,0.0,2.0,1.0
4.0,2.0,1247.0,7.0,10.0,5.0,0.0,2.0,3.0,1.0,0.0,0.0,1.0,0.0,1.0,0.0,1.0,0.0,0.0,0.0,0.0,1.0,0.0,0.0,1.0,0.0,0.0,1.0,1.0
4.0,1.0,1001.0,47.0,8.0,2.0,0.0,3.0,4.0,1.0,0.0,0.0,1.0,1.0,1.0,0.0,3.0,0.0,0.0,0.0,0.0,0.0,0.0,0.0,0.0,1.0,1.0,1.0,1.0
5.0,1.0,435.0,14.0,8.0,2.0,0.0,3.0,4.0,1.0,1.0,0.0,0.0,1.0,1.0,0.0,1.0,0.0,0.0,0.0,0.0,3.0,0.0,0.0,0.0,0.0,0.0,1.0,1.0
5.0,1.0,195.0,9.0,8.0,2.0,0.0,3.0,4.0,1.0,1.0,0.0,0.0,1.0,1.0,0.0,1.0,0.0,0.0,0.0,0.0,1.0,0.0,0.0,0.0,0.0,0.0,1.0,1.0
6.0,2.0,463.0,3.0,1.0,5.0,0.0,0.0,4.0,1.0,0.0,0.0,1.0,1.0,1.0,0.0,3.0,0.0,0.0,0.0,0.0,5.0,0.0,1.0,0.0,1.0,0.0,1.0,1.0
5.0,1.0,288.0,2.0,8.0,2.0,0.0,3.0,4.0,1.0,0.0,1.0,0.0,1.0,1.0,0.0,1.0,0.0,0.0,0.0,0.0,1.0,0.0,1.0,0.0,0.0,0.0,1.0,1.0
4.0,1.0,2506.0,20.0,8.0,2.0,0.0,3.0,4.0,1.0,1.0,0.0,0.0,1.0,1.0,0.0,1.0,0.0,0.0,0.0,0.0,0.0,0.0,1.0,0.0,0.0,0.0,1.0,1.0
5.0,1.0,185.0,10.0,8.0,2.0,0.0,3.0,4.0,1.0,1.0,0.0,0.0,1.0,1.0,0.0,1.0,0.0,0.0,0.0,0.0,2.0,0.0,0.0,0.0,0.0,0.0,1.0,1.0
5.0,1.0,84.0,1.0,8.0,2.0,1.0,3.0,4.0,1.0,1.0,0.0,0.0,1.0,1.0,0.0,2.0,0.0,0.0,0.0,0.0,0.0,0.0,0.0,0.0,0.0,0.0,1.0,1.0
1.0,4.0,0.0,0.0,1.0,1.0,0.0,1.0,3.0,0.0,0.0,1.0,0.0,1.0,0.0,1.0,0.0,0.0,0.0,0.0,0.0,0.0,0.0,0.0,0.0,1.0,0.0,0.0,1.0
2.0,3.0,2777.0,28.0,2.0,0.0,0.0,3.0,2.0,0.0,0.0,1.0,0.0,1.0,0.0,0.0,4.0,0.0,0.0,0.0,0.0,0.0,0.0,0.0,0.0,0.0,0.0,4.0,1.0
2.0,3.0,2777.0,28.0,2.0,0.0,0.0,3.0,3.0,0.0,0.0,1.0,1.0,1.0,0.0,0.0,4.0,0.0,0.0,0.0,0.0,1.0,0.0,0.0,0.0,0.0,0.0,4.0,1.0
6.0,2.0,7690.0,15.0,1.0,1.0,0.0,0.0,3.0,1.0,0.0,1.0,0.0,1.0,0.0,0.0,4.0,0.0,1.0,1.0,1.0,6.0,0.0,0.0,0.0,0.0,0.0,0.0,1.0
1.0,4.0,19.0,0.0,1.0,1.0,0.0,3.0,3.0,0.0,0.0,1.0,1.0,0.0,1.0,0.0,4.0,0.0,0.0,0.0,0.0,0.0,0.0,1.0,0.0,0.0,0.0,4.0,1.0
1.0,4.0,0.0,0.0,1.0,1.0,3.0,0.0,3.0,0.0,0.0,1.0,1.0,0.0,1.0,0.0,4.0,0.0,0.0,0.0,0.0,0.0,0.0,0.0,1.0,0.0,0.0,4.0,1.0
4.0,2.0,600.0,1.0,10.0,5.0,0.0,5.0,3.0,0.0,0.0,1.0,0.0,1.0,1.0,0.0,4.0,0.0,0.0,0.0,0.0,0.0,0.0,0.0,0.0,0.0,0.0,4.0,1.0
1.0,4.0,0.0,0.0,1.0,1.0,0.0,0.0,6.0,1.0,1.0,1.0,1.0,1.0,0.0,1.0,4.0,0.0,1.0,1.0,1.0,0.0,0.0,0.0,1.0,1.0,1.0,0.0,1.0
1.0,4.0,0.0,0.0,1.0,1.0,0.0,0.0,6.0,1.0,1.0,1.0,1.0,1.0,0.0,1.0,4.0,1.0,1.0,1.0,1.0,4.0,0.0,0.0,1.0,1.0,1.0,0.0,1.0
6.0,3.0,0.0,0.0,1.0,1.0,0.0,0.0,4.0,1.0,0.0,1.0,0.0,1.0,0.0,0.0,4.0,1.0,1.0,1.0,1.0,15.0,0.0,0.0,0.0,0.0,0.0,0.0,1.0
1.0,4.0,51.0,2.0,2.0,0.0,0.0,5.0,3.0,1.0,0.0,1.0,0.0,1.0,0.0,0.0,4.0,0.0,0.0,0.0,0.0,0.0,0.0,0.0,0.0,0.0,0.0,4.0,1.0
1.0,4.0,115.0,10.0,2.0,6.0,0.0,5.0,3.0,1.0,0.0,1.0,0.0,1.0,0.0,0.0,4.0,0.0,0.0,0.0,0.0,1.0,0.0,1.0,0.0,0.0,0.0,4.0,1.0
1.0,4.0,49.0,6.0,2.0,0.0,0.0,0.0,3.0,1.0,0.0,1.0,0.0,1.0,0.0,0.0,4.0,0.0,1.0,0.0,0.0,0.0,0.0,0.0,0.0,0.0,0.0,4.0,1.0
1.0,4.0,21.0,5.0,2.0,0.0,0.0,3.0,2.0,0.0,0.0,1.0,0.0,1.0,0.0,0.0,4.0,0.0,0.0,0.0,0.0,0.0,0.0,0.0,0.0,0.0,0.0,4.0,1.0
2.0,3.0,12.0,0.0,1.0,1.0,0.0,0.0,6.0,1.0,1.0,1.0,1.0,1.0,0.0,0.0,4.0,1.0,1.0,1.0,1.0,0.0,0.0,0.0,1.0,1.0,1.0,0.0,1.0
6.0,2.0,18.0,1.0,1.0,1.0,0.0,0.0,7.0,1.0,1.0,1.0,1.0,1.0,0.0,1.0,4.0,0.0,2.0,1.0,1.0,0.0,0.0,0.0,1.0,1.0,0.0,0.0,1.0
4.0,2.0,268.0,1.0,10.0,5.0,0.0,3.0,3.0,0.0,1.0,1.0,1.0,0.0,0.0,0.0,2.0,0.0,0.0,0.0,0.0,0.0,0.0,0.0,0.0,0.0,0.0,2.0,1.0
3.0,1.0,132.0,10.0,6.0,1.0,0.0,9.0,2.0,0.0,0.0,1.0,0.0,1.0,0.0,0.0,4.0,0.0,1.0,0.0,1.0,0.0,0.0,0.0,0.0,0.0,0.0,4.0,1.0
1.0,4.0,109.0,8.0,2.0,0.0,3.0,0.0,2.0,0.0,0.0,1.0,0.0,1.0,0.0,0.0,4.0,0.0,0.0,0.0,0.0,0.0,0.0,0.0,0.0,0.0,0.0,4.0,1.0
1.0,4.0,112.0,4.0,2.0,0.0,0.0,3.0,2.0,0.0,0.0,1.0,0.0,1.0,0.0,0.0,4.0,0.0,0.0,0.0,0.0,5.0,0.0,0.0,0.0,0.0,0.0,4.0,1.0
5.0,1.0,1.0,5.0,7.0,3.0,0.0,0.0,6.0,1.0,1.0,1.0,1.0,1.0,0.0,1.0,4.0,1.0,1.0,1.0,1.0,0.0,0.0,0.0,1.0,1.0,1.0,0.0,1.0
3.0,4.0,103.0,0.0,6.0,1.0,0.0,0.0,3.0,1.0,0.0,1.0,0.0,1.0,0.0,0.0,4.0,0.0,1.0,0.0,0.0,0.0,0.0,0.0,0.0,0.0,0.0,4.0,1.0
5.0,1.0,21.0,4.0,10.0,7.0,0.0,2.0,2.0,0.0,0.0,1.0,0.0,1.0,0.0,0.0,0.0,0.0,0.0,0.0,0.0,1.0,0.0,0.0,0.0,0.0,0.0,4.0,1.0
6.0,1.0,0.0,0.0,1.0,1.0,0.0,0.0,4.0,1.0,0.0,1.0,1.0,1.0,0.0,0.0,1.0,0.0,0.0,0.0,0.0,1.0,0.0,0.0,1.0,1.0,0.0,1.0,1.0
4.0,2.0,30.0,1.0,10.0,5.0,2.0,0.0,4.0,1.0,1.0,1.0,0.0,1.0,0.0,0.0,4.0,0.0,0.0,0.0,0.0,0.0,0.0,0.0,1.0,0.0,0.0,2.0,1.0
3.0,1.0,3.0,0.0,4.0,0.0,0.0,3.0,3.0,1.0,0.0,1.0,0.0,1.0,0.0,0.0,1.0,0.0,0.0,0.0,0.0,0.0,0.0,0.0,0.0,0.0,0.0,1.0,1.0
6.0,1.0,0.0,0.0,10.0,1.0,0.0,0.0,3.0,0.0,0.0,1.0,0.0,1.0,0.0,0.0,4.0,0.0,0.0,0.0,0.0,1.0,0.0,0.0,1.0,0.0,0.0,4.0,1.0
6.0,1.0,1.0,0.0,10.0,1.0,0.0,0.0,2.0,0.0,0.0,1.0,0.0,1.0,0.0,0.0,4.0,0.0,0.0,0.0,0.0,4.0,0.0,0.0,0.0,0.0,0.0,4.0,1.0
1.0,4.0,0.0,0.0,1.0,1.0,0.0,0.0,7.0,1.0,1.0,1.0,1.0,1.0,1.0,0.0,4.0,0.0,2.0,1.0,1.0,0.0,0.0,0.0,1.0,1.0,0.0,0.0,1.0
6.0,2.0,0.0,0.0,10.0,1.0,0.0,3.0,3.0,0.0,0.0,1.0,1.0,1.0,0.0,0.0,4.0,0.0,0.0,0.0,0.0,1.0,0.0,0.0,0.0,0.0,0.0,4.0,1.0
5.0,1.0,140.0,16.0,10.0,4.0,0.0,0.0,3.0,0.0,0.0,1.0,0.0,1.0,0.0,1.0,7.0,0.0,0.0,0.0,0.0,2.0,1.0,0.0,0.0,0.0,0.0,4.0,1.0
3.0,1.0,41.0,14.0,6.0,1.0,0.0,3.0,3.0,1.0,0.0,1.0,0.0,1.0,0.0,0.0,1.0,0.0,0.0,0.0,0.0,0.0,0.0,0.0,0.0,0.0,0.0,1.0,1.0
6.0,2.0,268.0,2.0,1.0,1.0,0.0,0.0,3.0,1.0,0.0,1.0,0.0,1.0,0.0,0.0,4.0,0.0,1.0,1.0,1.0,4.0,0.0,0.0,0.0,0.0,0.0,0.0,1.0
1.0,4.0,128.0,3.0,2.0,0.0,0.0,3.0,2.0,0.0,0.0,1.0,0.0,1.0,0.0,0.0,4.0,0.0,0.0,0.0,0.0,0.0,0.0,0.0,0.0,0.0,0.0,4.0,1.0
5.0,1.0,121.0,18.0,10.0,6.0,0.0,5.0,3.0,1.0,0.0,1.0,0.0,1.0,0.0,0.0,4.0,1.0,0.0,0.0,0.0,1.0,0.0,0.0,0.0,0.0,0.0,4.0,1.0
2.0,3.0,407.0,3.0,2.0,0.0,0.0,3.0,6.0,1.0,1.0,1.0,1.0,1.0,1.0,0.0,1.0,1.0,0.0,0.0,0.0,1.0,0.0,0.0,1.0,1.0,1.0,1.0,1.0
3.0,1.0,0.0,0.0,6.0,0.0,0.0,2.0,2.0,0.0,0.0,1.0,0.0,1.0,0.0,0.0,0.0,0.0,0.0,0.0,0.0,0.0,0.0,0.0,0.0,0.0,0.0,0.0,1.0
4.0,4.0,72.0,3.0,1.0,5.0,0.0,3.0,3.0,0.0,1.0,1.0,0.0,1.0,0.0,0.0,2.0,0.0,0.0,0.0,0.0,0.0,0.0,0.0,0.0,0.0,0.0,2.0,1.0
4.0,1.0,637.0,5.0,10.0,2.0,0.0,0.0,2.0,0.0,0.0,1.0,0.0,1.0,0.0,0.0,4.0,0.0,0.0,0.0,0.0,1.0,0.0,0.0,0.0,0.0,0.0,4.0,1.0
4.0,2.0,1221.0,29.0,6.0,1.0,0.0,3.0,5.0,1.0,1.0,1.0,0.0,1.0,0.0,1.0,6.0,0.0,1.0,1.0,0.0,0.0,0.0,0.0,0.0,0.0,0.0,6.0,1.0
4.0,3.0,0.0,0.0,1.0,1.0,0.0,0.0,7.0,1.0,1.0,1.0,1.0,1.0,0.0,1.0,4.0,0.0,1.0,1.0,1.0,0.0,0.0,0.0,1.0,0.0,0.0,0.0,1.0
1.0,4.0,0.0,0.0,1.0,1.0,0.0,0.0,4.0,0.0,0.0,1.0,1.0,1.0,1.0,0.0,4.0,0.0,0.0,0.0,0.0,0.0,0.0,1.0,0.0,0.0,0.0,4.0,1.0
4.0,2.0,17.0,1.0,10.0,1.0,0.0,5.0,7.0,1.0,0.0,1.0,1.0,1.0,1.0,1.0,4.0,0.0,0.0,0.0,0.0,0.0,0.0,0.0,1.0,0.0,0.0,4.0,1.0
3.0,1.0,450.0,8.0,6.0,1.0,0.0,0.0,2.0,0.0,0.0,1.0,1.0,0.0,0.0,0.0,4.0,0.0,1.0,0.0,0.0,0.0,0.0,0.0,0.0,0.0,0.0,4.0,1.0
4.0,2.0,945.0,18.0,10.0,5.0,0.0,0.0,4.0,0.0,1.0,1.0,1.0,0.0,1.0,0.0,2.0,0.0,0.0,0.0,0.0,0.0,0.0,1.0,0.0,0.0,0.0,2.0,1.0
1.0,4.0,0.0,0.0,1.0,1.0,0.0,0.0,6.0,1.0,1.0,1.0,1.0,1.0,0.0,1.0,4.0,0.0,1.0,1.0,1.0,0.0,0.0,0.0,1.0,1.0,0.0,0.0,1.0
6.0,2.0,0.0,0.0,1.0,1.0,0.0,0.0,5.0,1.0,0.0,1.0,1.0,1.0,0.0,0.0,4.0,0.0,1.0,1.0,1.0,9.0,0.0,0.0,0.0,0.0,0.0,0.0,1.0
5.0,1.0,6.0,0.0,10.0,2.0,0.0,0.0,4.0,1.0,0.0,0.0,1.0,1.0,1.0,0.0,5.0,0.0,0.0,0.0,0.0,0.0,0.0,1.0,1.0,1.0,1.0,0.0,1.0
4.0,1.0,474.0,8.0,3.0,1.0,3.0,0.0,3.0,1.0,1.0,0.0,1.0,0.0,0.0,0.0,5.0,0.0,0.0,0.0,0.0,1.0,0.0,0.0,0.0,0.0,0.0,2.0,1.0
4.0,1.0,623.0,2.0,10.0,5.0,1.0,0.0,5.0,1.0,1.0,1.0,1.0,1.0,0.0,0.0,5.0,0.0,0.0,0.0,0.0,1.0,0.0,0.0,0.0,0.0,0.0,4.0,1.0
3.0,1.0,108.0,17.0,4.0,6.0,0.0,3.0,3.0,1.0,0.0,0.0,1.0,0.0,1.0,0.0,5.0,0.0,0.0,0.0,0.0,0.0,0.0,0.0,1.0,0.0,0.0,3.0,1.0
3.0,1.0,249.0,61.0,4.0,1.0,0.0,3.0,3.0,1.0,0.0,0.0,1.0,0.0,1.0,0.0,3.0,0.0,0.0,0.0,0.0,0.0,0.0,0.0,0.0,0.0,0.0,3.0,1.0
1.0,4.0,11.0,2.0,1.0,1.0,0.0,0.0,3.0,0.0,1.0,0.0,1.0,0.0,1.0,0.0,2.0,0.0,0.0,1.0,0.0,0.0,0.0,1.0,0.0,0.0,0.0,5.0,1.0
4.0,2.0,783.0,12.0,10.0,5.0,0.0,5.0,5.0,1.0,1.0,0.0,1.0,1.0,1.0,0.0,5.0,0.0,0.0,0.0,0.0,1.0,0.0,1.0,1.0,0.0,0.0,2.0,1.0
6.0,3.0,0.0,0.0,1.0,1.0,0.0,0.0,4.0,1.0,0.0,1.0,1.0,1.0,0.0,0.0,5.0,1.0,1.0,1.0,1.0,5.0,0.0,0.0,0.0,0.0,0.0,0.0,1.0
5.0,1.0,66.0,15.0,10.0,3.0,2.0,0.0,4.0,0.0,1.0,0.0,1.0,0.0,0.0,1.0,5.0,0.0,0.0,0.0,0.0,0.0,0.0,0.0,1.0,1.0,0.0,5.0,1.0
3.0,4.0,70.0,3.0,1.0,0.0,3.0,0.0,3.0,0.0,1.0,0.0,0.0,1.0,0.0,1.0,0.0,0.0,0.0,0.0,0.0,0.0,0.0,0.0,0.0,0.0,0.0,2.0,1.0
5.0,1.0,11.0,0.0,8.0,2.0,0.0,0.0,2.0,0.0,0.0,0.0,0.0,1.0,0.0,1.0,7.0,0.0,0.0,0.0,0.0,0.0,0.0,0.0,0.0,0.0,0.0,0.0,1.0
4.0,2.0,753.0,6.0,10.0,5.0,3.0,0.0,4.0,1.0,1.0,0.0,0.0,0.0,1.0,1.0,2.0,0.0,0.0,0.0,0.0,0.0,0.0,0.0,0.0,1.0,0.0,2.0,1.0
4.109178593189859,1.0,2163.6379909948396,19.235749847670988,8.218357186379718,2.0,1.781642813620282,1.528500304658026,3.109178593189859,1.0,0.890821406810141,0.10917859318985901,0.10917859318985901,1.0,0.0,0.0,1.890821406810141,0.0,0.0,0.0,0.10917859318985901,1.0,1.0,0.0,0.0,0.0,0.0,2.218357186379718,0.0
4.506369444244808,1.0,1347.410792076919,16.455413890286344,9.012738888489617,2.0,0.9872611115103835,7.089172219427315,3.5063694442448083,1.0,0.49363055575519177,0.5063694442448082,0.5063694442448082,1.0,0.0,0.0,1.4936305557551917,0.0,0.0,0.0,0.5063694442448082,1.0,1.0,0.0,0.0,0.0,0.0,3.0127388884896167,0.0
4.040990299992451,1.0204951499962256,2378.0803474018267,22.80783554948292,8.040990299992451,2.0,1.9590097000075486,0.04099029999245141,2.9795048500037744,1.0,0.9795048500037743,0.0,0.0,1.0,0.0,0.0,1.9795048500037744,0.0,0.0,0.0,0.0,0.9795048500037743,0.9795048500037743,0.0,0.0,0.0,0.0,1.9795048500037744,0.0
4.593691577132891,1.0,1167.963808991909,15.844158960069763,9.187383154265781,2.0,0.812616845734218,8.311682079860475,3.593691577132891,1.0,0.406308422867109,0.593691577132891,0.593691577132891,1.0,0.0,0.0,1.406308422867109,0.0,0.0,0.0,0.593691577132891,1.0,1.0,0.0,0.0,0.0,0.0,3.187383154265782,0.0
4.150504549972749,1.0,2084.5828272549375,34.74944589732942,8.15050454997275,2.752522749863746,1.6989909000545016,0.0,2.8494954500272507,1.0,0.8494954500272508,0.0,0.0,1.0,0.0,0.0,1.6989909000545016,0.1505045499727492,0.0,0.0,0.0,1.0,0.8494954500272508,0.0,0.0,0.0,0.0,1.6989909000545016,0.0
4.291152123152941,1.0,1801.0373197236718,48.53290806898818,8.29115212315294,3.455760615764703,1.4176957536941188,0.0,2.7088478768470594,1.0,0.7088478768470594,0.0,0.0,1.0,0.0,0.0,1.4176957536941188,0.2911521231529406,0.0,0.0,0.0,1.0,0.7088478768470594,0.0,0.0,0.0,0.0,1.4176957536941188,0.0
3.292300063416528,1.0,936.5074300672993,9.384500951247922,8.707699936583472,1.292300063416528,0.5846001268330563,0.0,2.292300063416528,0.29230006341652814,0.29230006341652814,0.7076999365834719,0.0,1.0,0.0,0.0,0.5846001268330563,0.0,0.7076999365834719,0.0,0.0,0.29230006341652814,0.29230006341652814,0.0,0.0,0.0,0.0,0.5846001268330563,0.0
4.8403008840836055,1.0,693.9534176874517,102.34948664019332,8.840300884083605,6.2015044204180265,0.3193982318327895,0.0,2.1596991159163945,1.0,0.15969911591639474,0.0,0.0,1.0,0.0,0.0,0.3193982318327895,0.8403008840836053,0.0,0.0,0.0,1.0,0.15969911591639474,0.0,0.0,0.0,0.0,0.3193982318327895,0.0
5.61073079501527,1.8053653975076347,1998.2031476063048,130.33505945854597,9.61073079501527,2.0,0.3892692049847306,1.6107307950152694,2.194634602492365,1.0,0.1946346024923653,0.0,0.0,1.0,0.0,0.0,1.1946346024923653,0.0,0.0,0.0,0.0,0.1946346024923653,0.1946346024923653,0.0,0.0,0.0,0.0,1.1946346024923653,0.0
5.30556779736477,1.6527838986823848,2072.0525930377257,109.43139411948671,9.30556779736477,2.0,0.6944322026352305,1.3055677973647695,2.347216101317615,1.0,0.34721610131761527,0.0,0.0,1.0,0.0,0.0,1.3472161013176152,0.0,0.0,0.0,0.0,0.34721610131761527,0.34721610131761527,0.0,0.0,0.0,0.0,1.3472161013176152,0.0
2.074903798703168,3.2833974675312216,10.0324354545629,1.4332050649375572,7.433205064937557,2.433205064937557,0.0,0.6416987337656107,3.0,1.0,0.3583012662343893,0.6416987337656107,0.0,1.0,0.0,0.0,0.3583012662343893,0.3583012662343893,0.0,0.3583012662343893,0.0,4.925096201296832,0.0,0.0,0.0,0.0,0.0,0.0,0.0
4.557699336173683,1.4423006638263174,12.942117923310567,3.4423006638263174,8.326901991478952,3.8846013276526348,0.0,1.1153986723473654,2.4423006638263174,1.0,0.4423006638263173,0.0,0.0,1.0,0.0,0.0,0.4423006638263173,0.4423006638263173,0.0,0.4423006638263173,0.0,4.115398672347365,0.5576993361736827,0.0,0.0,0.0,0.0,0.5576993361736827,0.0
4.189442974284282,1.8105570257157173,22.88503969432437,3.8105570257157173,9.431671077147152,4.621114051431435,0.0,0.37888594856856517,2.8105570257157173,1.0,0.8105570257157174,0.0,0.0,1.0,0.0,0.0,0.8105570257157174,0.8105570257157174,0.0,0.8105570257157174,0.0,3.3788859485685654,0.18944297428428258,0.0,0.0,0.0,0.0,0.18944297428428258,0.0
3.1113134337706594,1.1113134337706594,11.11495524164253,1.3339403013119786,6.4452537350826375,1.445253735082638,0.0,0.0,3.0,0.1113134337706595,1.0,0.0,0.8886865662293405,1.0,0.0,0.0,0.1113134337706595,0.1113134337706595,0.0,0.1113134337706595,0.0,0.3339403013119786,0.0,0.0,0.8886865662293405,0.8886865662293405,0.0,0.0,0.0
3.412446930458629,3.175106139082742,12.13606712238298,1.6497877218345156,7.649787721834516,2.6497877218345156,0.0,0.0,3.0,1.0,0.4124469304586289,0.5875530695413711,0.0,1.0,0.0,0.0,0.4124469304586289,0.4124469304586289,0.5875530695413711,0.4124469304586289,0.0,1.2373407913758867,0.0,0.0,0.0,0.0,0.0,0.0,0.0
3.457446063703333,1.4574460637033329,17.691475210363322,2.3723381911099986,7.829784254813331,2.8297842548133314,0.0,0.0,3.0,0.45744606370333285,1.0,0.0,0.5425539362966671,1.0,0.0,0.0,0.45744606370333285,0.45744606370333285,0.0,0.45744606370333285,0.0,1.3723381911099986,0.0,0.0,0.5425539362966671,0.5425539362966671,0.0,0.0,0.0
4.771355631034181,1.2286443689658193,7.173397962077118,3.2286443689658193,7.6859331068974575,3.4572887379316386,0.0,1.5427112620683616,2.2286443689658193,1.0,0.2286443689658192,0.0,0.0,1.0,0.0,0.0,0.2286443689658192,0.2286443689658192,0.0,0.2286443689658192,0.0,4.542711262068361,0.7713556310341808,0.0,0.0,0.0,0.0,0.7713556310341808,0.0
4.666942849789656,1.3330571502103439,9.992543055679288,3.333057150210344,7.999171450631032,3.6661143004206878,0.0,1.333885699579312,2.333057150210344,1.0,0.333057150210344,0.0,0.0,1.0,0.0,0.0,0.333057150210344,0.333057150210344,0.0,0.333057150210344,0.0,4.333885699579312,0.666942849789656,0.0,0.0,0.0,0.0,0.666942849789656,0.0
2.586483452694785,3.413516547305215,11.744559705990032,1.879725179042178,3.639175537126534,2.1729669053895706,0.0,0.0,3.0,1.0,0.29324172634739265,0.0,0.0,1.0,0.7067582736526073,0.0,1.0,0.29324172634739265,0.0,0.29324172634739265,0.0,0.8797251790421781,0.0,0.7067582736526073,0.0,0.0,0.0,0.0,0.0
1.97864473010854,3.34757017992764,9.13401748101304,1.30485964014472,7.30485964014472,2.30485964014472,0.0,0.67378508996382,3.0,1.0,0.32621491003618,0.67378508996382,0.0,1.0,0.0,0.0,0.32621491003618,0.32621491003618,0.0,0.32621491003618,0.0,5.02135526989146,0.0,0.0,0.0,0.0,0.0,0.0,0.0
2.053401358407921,2.4198979623881187,4.740306112835644,0.5267006792039605,3.6335033960198024,1.0,0.0,0.0,4.419897962388118,0.47329932079603954,1.0,0.47329932079603954,1.0,1.0,0.0,0.0,0.0,0.0,0.0,0.0,0.0,0.0,0.0,0.0,1.0,1.0,0.47329932079603954,0.0,0.0
3.0,1.8453397686909685,6.745760616824084,0.7182200771030105,6.0,1.0,0.0,0.0,3.0,0.2817799228969895,0.7182200771030105,0.2817799228969895,0.7182200771030105,1.0,0.0,0.0,0.0,0.0,0.2817799228969895,0.0,0.0,0.0,0.0,0.0,0.7182200771030105,0.7182200771030105,0.0,0.0,0.0
4.5575935479843155,1.0,2.769625808062739,2.5575935479843155,6.778796773992157,2.5575935479843155,0.0,1.5575935479843153,2.2212032260078423,0.7787967739921576,0.22120322600784237,0.0,0.22120322600784237,1.0,0.0,0.0,0.0,0.0,0.0,0.0,0.0,3.8939838699607883,0.7787967739921576,0.0,0.22120322600784237,0.22120322600784237,0.0,0.7787967739921576,0.0
3.0,2.765633603090234,4.29164372509271,0.41145546563658875,6.0,1.0,0.0,0.0,3.0,0.5885445343634113,0.41145546563658875,0.5885445343634113,0.41145546563658875,1.0,0.0,0.0,0.0,0.0,0.5885445343634113,0.0,0.0,0.0,0.0,0.0,0.41145546563658875,0.41145546563658875,0.0,0.0,0.0
3.481747727996267,1.0,7.07300908801493,1.4817477279962674,6.240873863998134,1.4817477279962674,0.0,0.4817477279962674,2.7591261360018664,0.2408738639981337,0.7591261360018663,0.0,0.7591261360018663,1.0,0.0,0.0,0.0,0.0,0.0,0.0,0.0,1.2043693199906684,0.2408738639981337,0.0,0.7591261360018663,0.7591261360018663,0.0,0.2408738639981337,0.0
3.0,3.1672562051751085,3.220650119533044,0.2775812649416305,6.0,1.0,0.0,0.0,3.0,0.7224187350583695,0.2775812649416305,0.7224187350583695,0.2775812649416305,1.0,0.0,0.0,0.0,0.0,0.7224187350583695,0.0,0.0,0.0,0.0,0.0,0.2775812649416305,0.2775812649416305,0.0,0.0,0.0
3.4877497889072444,1.0,7.0490008443710215,1.4877497889072446,6.243874894453622,1.4877497889072446,0.0,0.48774978890724463,2.756125105546378,0.24387489445362232,0.7561251055463777,0.0,0.7561251055463777,1.0,0.0,0.0,0.0,0.0,0.0,0.0,0.0,1.2193744722681115,0.24387489445362232,0.0,0.7561251055463777,0.7561251055463777,0.0,0.24387489445362232,0.0
3.6571395812404615,1.0,6.371441675038154,1.6571395812404615,6.3285697906202305,1.6571395812404615,0.0,0.6571395812404615,2.6714302093797695,0.32856979062023073,0.6714302093797693,0.0,0.6714302093797693,1.0,0.0,0.0,0.0,0.0,0.0,0.0,0.0,1.6428489531011536,0.32856979062023073,0.0,0.6714302093797693,0.6714302093797693,0.0,0.32856979062023073,0.0
2.9701938177692915,4.0,0.9850969088846456,0.0,5.925484544423228,1.0,0.0,0.0,3.0447092733460632,1.0,0.014903091115354372,1.0,0.014903091115354372,1.0,0.0,0.0,0.0,0.0,0.9850969088846456,0.0,0.0,0.0,0.0,0.0,0.014903091115354372,0.014903091115354372,0.014903091115354372,0.0,0.0
1.1049962225421424,4.0,0.05249811127107118,0.0,6.0,1.0,0.0,0.9475018887289288,3.0,1.0,0.0,1.0,0.0,1.0,0.0,0.0,0.0,0.0,0.05249811127107118,0.0,0.0,5.685011332373573,0.0,0.0,0.0,0.0,0.0,0.0,0.0
2.431099405887534,4.0,3.2756023764498643,0.5689005941124661,3.1554970294376696,1.0,0.0,0.0,3.0,1.0,0.0,0.4310994058875339,0.0,1.0,0.5689005941124661,0.0,0.5689005941124661,0.0,0.4310994058875339,0.0,0.0,0.0,0.0,0.5689005941124661,0.0,0.0,0.0,0.0,0.0
3.4705500049521403,3.29417499257179,1.0,0.7058250074282101,6.23527500247607,1.47055000495214,0.0,0.47055000495214006,2.76472499752393,1.0,0.0,0.76472499752393,0.0,1.0,0.0,0.0,0.0,0.0,0.76472499752393,0.0,0.0,1.1763750123803502,0.23527500247607003,0.0,0.0,0.0,0.0,0.23527500247607003,0.0
4.362846359841702,1.9557304602374455,1.0,2.0442695397625545,6.681423179920851,2.362846359841703,0.0,1.3628463598417029,2.318576820079149,1.0,0.0,0.31857682007914856,0.0,1.0,0.0,0.0,0.0,0.0,0.31857682007914856,0.0,0.0,3.407115899604257,0.6814231799208514,0.0,0.0,0.0,0.0,0.6814231799208514,0.0
3.9054977232958805,2.6417534150561788,1.0,1.3582465849438212,6.45274886164794,1.9054977232958807,0.0,0.9054977232958807,2.5472511383520597,1.0,0.0,0.5472511383520596,0.0,1.0,0.0,0.0,0.0,0.0,0.5472511383520596,0.0,0.0,2.2637443082397017,0.45274886164794037,0.0,0.0,0.0,0.0,0.45274886164794037,0.0
1.2145047227720525,4.0,0.10725236138602623,0.0,1.5362618069301313,1.0,0.0,0.0,5.678242915841921,1.0,0.8927476386139738,1.0,0.8927476386139738,1.0,0.0,0.0,0.0,0.0,0.10725236138602623,0.0,0.0,0.0,0.0,0.0,0.8927476386139738,0.8927476386139738,0.8927476386139738,0.0,0.0
1.1913630932612154,4.0,0.09568154663060768,0.0,6.0,1.0,0.0,0.9043184533693923,3.0,1.0,0.0,1.0,0.0,1.0,0.0,0.0,0.0,0.0,0.09568154663060768,0.0,0.0,5.425910720216354,0.0,0.0,0.0,0.0,0.0,0.0,0.0
4.162505488002758,1.0,334.6749890239945,9.65002195201103,9.581252744001379,1.5812527440013788,0.0,8.137538416019302,3.1625054880027577,0.5812527440013787,0.0,1.0,0.5812527440013787,1.0,0.0,0.0,0.5812527440013787,0.0,0.4187472559986213,0.0,0.5812527440013787,0.5812527440013787,0.5812527440013787,0.0,0.0,0.0,0.0,2.325010976005515,0.0
2.7180576466533015,1.563884706693397,292.17116581787496,4.436115293306603,7.026403526573111,0.7180576466533015,0.0,2.5374811801202863,2.2819423533466985,0.0,0.0,1.0,0.2819423533466985,1.0,0.0,0.0,0.0,0.0,0.7180576466533015,0.0,0.2819423533466985,0.2819423533466985,0.0,0.0,0.0,0.0,0.0,0.0,0.0
3.6018997447990957,1.0,335.79620051040183,7.407598979196383,9.300949872399547,1.3009498723995478,0.0,4.21329821359367,2.6018997447990957,0.30094987239954785,0.0,1.0,0.30094987239954785,1.0,0.0,0.0,0.30094987239954785,0.0,0.6990501276004522,0.0,0.30094987239954785,0.30094987239954785,0.30094987239954785,0.0,0.0,0.0,0.0,1.2037994895981914,0.0
2.272807873413387,2.4543842531732256,221.37645187272858,3.5456157468267744,3.9096551138937112,0.2728078734133873,0.0,6.544729139279514,2.727192126586613,0.0,0.0,1.0,0.7271921265866127,1.0,0.0,0.0,0.0,0.0,0.2728078734133873,0.0,0.7271921265866127,0.7271921265866127,0.0,0.0,0.0,0.0,0.0,0.0,0.0
4.661401018056177,1.0,366.0745178159831,98.86915752017397,9.0,5.984203054168529,0.0,0.0,2.0,0.8307005090280882,0.0,0.16929949097191177,0.0,1.0,0.0,0.0,0.0,0.8307005090280882,0.16929949097191177,0.0,0.0,0.8307005090280882,0.0,0.0,0.0,0.0,0.0,0.0,0.0
2.391926585073851,2.216146829852298,240.31632702674233,3.783853170147702,4.743486095516957,0.39192658507385103,0.0,5.47266073433534,2.608073414926149,0.0,0.0,1.0,0.608073414926149,1.0,0.0,0.0,0.0,0.0,0.39192658507385103,0.0,0.608073414926149,0.608073414926149,0.0,0.0,0.0,0.0,0.0,0.0,0.0
2.0447528804509503,3.8657413586471487,87.68050179769804,2.1342586413528513,2.313270163156653,0.04475288045095038,0.0,0.0,2.9552471195490497,0.9552471195490496,0.0,1.0,0.0,1.0,0.0,0.0,0.9552471195490496,0.0,0.04475288045095038,0.0,3.8209884781961985,1.9104942390980992,0.0,0.0,0.0,0.0,0.0,0.0,0.0
4.426155718991167,1.0,361.9577250823454,85.57779812300095,9.0,5.278467156973502,0.0,0.0,2.0,0.7130778594955836,0.0,0.28692214050441645,0.0,1.0,0.0,0.0,0.0,0.7130778594955836,0.28692214050441645,0.0,0.0,0.7130778594955836,0.0,0.0,0.0,0.0,0.0,0.0,0.0
5.531014963252821,1.5310149632528212,1167.2245072701821,89.46615470840625,10.0,2.0,0.0,7.627820440966146,2.9379700734943577,1.0,0.0,0.46898503674717884,0.46898503674717884,1.0,0.0,0.0,1.0,0.0,0.0,0.0,0.46898503674717884,0.46898503674717884,0.46898503674717884,0.0,0.0,0.0,0.0,2.4069551102415367,0.0
5.886842931209746,1.8868429312097459,1726.230244930511,140.70538209420343,10.0,2.0,0.0,3.357884825483048,2.2263141375805082,1.0,0.0,0.113157068790254,0.113157068790254,1.0,0.0,0.0,1.0,0.0,0.0,0.0,0.113157068790254,0.113157068790254,0.113157068790254,0.0,0.0,0.0,0.0,1.339471206370762,0.0
3.1064350612550182,1.0354783537516727,392.5945803288712,10.392709770254271,9.035478353751673,1.0354783537516727,0.0,0.07095670750334548,2.0,0.03547835375167274,0.0,0.9645216462483273,0.0,1.0,0.0,0.0,0.03547835375167274,0.0,0.9645216462483273,0.0,0.0,0.0,0.0,0.0,0.0,0.0,0.0,0.03547835375167274,0.0
3.9016028174579356,1.3005342724859785,807.9372049855283,50.68120941786873,9.30053427248598,1.3005342724859785,0.0,0.601068544971957,2.0,0.3005342724859785,0.0,0.6994657275140215,0.0,1.0,0.0,0.0,0.3005342724859785,0.0,0.6994657275140215,0.0,0.0,0.0,0.0,0.0,0.0,0.0,0.0,0.3005342724859785,0.0
5.03176695343009,1.0317669534300897,382.9058838386709,17.57444129393292,10.0,2.0,0.0,13.618796558838923,3.9364660931398205,1.0,0.0,0.9682330465699103,0.9682330465699103,1.0,0.0,0.0,1.0,0.0,0.0,0.0,0.9682330465699103,0.9682330465699103,0.9682330465699103,0.0,0.0,0.0,0.0,3.904699139709731,0.0
4.1227137869406665,2.4693215532648334,1093.9509990648974,84.72448079721565,6.245427573881332,1.061356893470333,0.0,5.285250872853835,2.4693215532648334,0.5306784467351665,0.0,0.4693215532648335,0.4693215532648335,1.0,0.0,0.0,0.5306784467351665,0.0,0.0,0.0,0.4693215532648335,0.4693215532648335,0.0,0.0,0.0,0.0,0.0,0.5306784467351665,0.0
3.5578411920016695,1.1859470640005565,628.379049288872,33.26395372808459,9.185947064000556,1.1859470640005565,0.0,0.371894128001113,2.0,0.1859470640005565,0.0,0.8140529359994435,0.0,1.0,0.0,0.0,0.1859470640005565,0.0,0.8140529359994435,0.0,0.0,0.0,0.0,0.0,0.0,0.0,0.0,0.1859470640005565,0.0
5.755500532576482,1.9185001775254942,1776.2897781824495,144.61202698387513,9.918500177525495,1.9185001775254942,0.0,1.8370003550509884,2.0,0.9185001775254942,0.0,0.08149982247450582,0.0,1.0,0.0,0.0,0.9185001775254942,0.0,0.08149982247450582,0.0,0.0,0.0,0.0,0.0,0.0,0.0,0.0,0.9185001775254942,0.0
4.813001481054577,2.2967496297363557,1391.8101390750503,111.30055702060123,7.626002962109155,1.4065007405272887,0.0,4.07724740815449,2.2967496297363557,0.7032503702636443,0.0,0.29674962973635566,0.29674962973635566,1.0,0.0,0.0,0.7032503702636443,0.0,0.0,0.0,0.29674962973635566,0.29674962973635566,0.0,0.0,0.0,0.0,0.0,0.7032503702636443,0.0
2.597985774210133,2.8505035564474666,436.0308615716724,26.022452307090106,3.1959715484202658,0.29899288710506644,0.0,7.953524895132268,2.8505035564474666,0.14949644355253322,0.0,0.8505035564474668,0.8505035564474668,1.0,0.0,0.0,0.14949644355253322,0.0,0.0,0.0,0.8505035564474668,0.8505035564474668,0.0,0.0,0.0,0.0,0.0,0.14949644355253322,0.0
3.6869408340857914,1.0,349.02146459650135,43.81215712584721,9.0,3.0608225022573734,0.0,0.0,2.0,0.3434704170428956,0.0,0.6565295829571044,0.0,1.0,0.0,0.0,0.0,0.3434704170428956,0.6565295829571044,0.0,0.0,0.3434704170428956,0.0,0.0,0.0,0.0,0.0,0.0,0.0
3.9893774539123767,1.0,354.3141054434666,60.899826146049286,9.0,3.9681323617371302,0.0,0.0,2.0,0.4946887269561884,0.0,0.5053112730438116,0.0,1.0,0.0,0.0,0.0,0.4946887269561884,0.5053112730438116,0.0,0.0,0.4946887269561884,0.0,0.0,0.0,0.0,0.0,0.0,0.0
3.6839506252776077,2.3160493747223923,242.14979502739064,67.11275751073417,5.929218125647751,3.9292181256477514,0.0,0.0,2.438683124907464,1.0,0.0,0.4386831249074641,0.0,1.0,0.0,0.0,0.4386831249074641,0.5613168750925359,0.0,0.0,1.7547324996298563,1.438683124907464,0.0,0.0,0.0,0.0,0.0,0.0,0.0
5.0,1.0,162.86596769118964,57.481360613933994,9.766058726405898,7.0,0.0,0.0,3.5321174528117973,1.0,0.0,0.7660587264058988,0.0,1.0,0.7660587264058988,0.0,0.0,1.0,0.0,0.0,0.0,0.23394127359410122,0.0,0.0,0.7660587264058988,0.0,0.0,0.0,0.0
2.4372497842674985,2.7085001438216674,206.27548604929825,19.761241730254113,3.0202494966241638,1.0202494966241638,0.0,7.6882506471975045,2.8542500719108337,0.1457499280891662,0.0,0.8542500719108338,0.8542500719108338,1.0,0.0,0.0,0.0,0.1457499280891662,0.0,0.0,0.8542500719108338,1.0,0.0,0.0,0.0,0.0,0.0,0.0,0.0
4.06362896875411,1.9363710312458897,279.6113915837389,81.79365345849226,6.815134260426257,4.815134260426257,0.0,0.0,2.312123677081963,1.0,0.0,0.3121236770819632,0.0,1.0,0.0,0.0,0.3121236770819632,0.6878763229180368,0.0,0.0,1.2484947083278528,1.312123677081963,0.0,0.0,0.0,0.0,0.0,0.0,0.0
4.714025562591385,1.2859744374086146,343.7838555090167,106.94232175353358,8.332726312713232,6.332726312713233,0.0,0.0,2.095324812469538,1.0,0.0,0.09532481246953817,0.0,1.0,0.0,0.0,0.09532481246953817,0.9046751875304618,0.0,0.0,0.38129924987815267,1.095324812469538,0.0,0.0,0.0,0.0,0.0,0.0,0.0
5.0,1.0,356.4003534746614,76.00095166254988,9.399990936547145,5.000045317264281,0.0,5.599873111660015,2.799981873094288,1.0,0.0,0.3999909365471439,0.3999909365471439,1.0,0.0,0.0,0.3999909365471439,0.6000090634528561,0.0,0.0,0.3999909365471439,1.0,0.3999909365471439,0.0,0.0,0.0,0.0,1.5999637461885756,0.0
5.0,1.0,187.8886766127375,64.72236429452843,9.674400451967994,7.0,0.0,0.0,3.348800903935989,1.0,0.0,0.6744004519679945,0.0,1.0,0.6744004519679945,0.0,0.0,1.0,0.0,0.0,0.0,0.3255995480320055,0.0,0.0,0.6744004519679945,0.0,0.0,0.0,0.0
3.5868665472073076,1.9420889685284615,280.61737005273926,63.82988430961347,5.702688610150385,3.7026886101503846,0.0,4.239400358378076,2.4710444842642305,0.5289555157357693,0.0,0.47104448426423073,0.47104448426423073,1.0,0.0,0.0,0.0,0.5289555157357693,0.0,0.0,0.47104448426423073,1.0,0.0,0.0,0.0,0.0,0.0,0.0,0.0
2.5482961827744606,2.634469211483693,206.3286361100138,4.827653942581534,3.462123154065228,0.36553078851630705,0.0,9.913826971290767,3.1827653942581535,0.18276539425815352,0.0,1.0,1.0,1.0,0.0,0.0,0.18276539425815352,0.0,0.0,0.0,1.0,1.0,0.18276539425815352,0.0,0.0,0.0,0.0,0.7310615770326141,0.0
4.052873958020662,1.6314173613195586,284.0651544977342,9.842913193402207,7.4743305547217656,1.3685826386804414,0.0,12.421456596701104,3.684291319340221,0.6842913193402207,0.0,1.0,1.0,1.0,0.0,0.0,0.6842913193402207,0.0,0.0,0.0,1.0,1.0,0.6842913193402207,0.0,0.0,0.0,0.0,2.7371652773608828,0.0
5.0,1.0,351.99843166935807,64.14962372519489,9.512860726426716,4.435696367866423,0.0,7.180050169974016,3.025721452853431,1.0,0.0,0.5128607264267154,0.5128607264267154,1.0,0.0,0.0,0.5128607264267154,0.48713927357328457,0.0,0.0,0.5128607264267154,1.0,0.5128607264267154,0.0,0.0,0.0,0.0,2.0514429057068617,0.0
5.0,1.0,120.86744040533634,36.57028439940707,10.0,6.532746999885976,0.0,1.3083084003192678,4.0,1.0,0.0,1.0,0.09345060002280481,1.0,0.9065493999771952,0.0,0.09345060002280481,0.9065493999771952,0.0,0.0,0.09345060002280481,0.09345060002280481,0.09345060002280481,0.0,0.9065493999771952,0.0,0.0,0.37380240009121923,0.0
5.0,1.0,332.8438939701629,13.017345114426341,10.0,2.0033355989281425,0.0,13.990660323001201,4.0,1.0,0.0,1.0,0.9993328802143715,1.0,0.0006671197856285005,0.0,0.9993328802143715,0.0006671197856285005,0.0,0.0,0.9993328802143715,0.9993328802143715,0.9993328802143715,0.0,0.0006671197856285005,0.0,0.0,3.997331520857486,0.0
3.77165746107514,1.8188950259499066,269.53563548888224,8.905524870250467,6.724419896200374,1.1811049740500934,0.0,11.952762435125234,3.5905524870250467,0.5905524870250467,0.0,1.0,1.0,1.0,0.0,0.0,0.5905524870250467,0.0,0.0,0.0,1.0,1.0,0.5905524870250467,0.0,0.0,0.0,0.0,2.362209948100187,0.0
5.0,1.0,366.65134596782354,103.59977760567881,9.137144975184011,6.314275124079943,0.0,1.9200296525761598,2.274289950368023,1.0,0.0,0.13714497518401136,0.13714497518401136,1.0,0.0,0.0,0.13714497518401136,0.8628550248159886,0.0,0.0,0.13714497518401136,1.0,0.13714497518401136,0.0,0.0,0.0,0.0,0.5485799007360455,0.0
4.52376965446013,1.0,333.95246069107975,11.095078617840521,9.761884827230064,1.7618848272300651,0.0,10.66638758122091,3.5237696544601302,0.761884827230065,0.0,1.0,0.761884827230065,1.0,0.0,0.0,0.761884827230065,0.0,0.238115172769935,0.0,0.761884827230065,0.761884827230065,0.761884827230065,0.0,0.0,0.0,0.0,3.04753930892026,0.0
3.0,2.9385418616121073,0.6461806205373691,0.0,4.938541861612107,0.6461806205373691,0.0,0.7076387589252617,2.6461806205373692,1.0,0.0,0.6461806205373691,0.0,1.0,0.0,0.0,0.35381937946263087,0.0,0.6461806205373691,0.0,0.0,0.0,0.0,0.0,0.0,0.0,0.0,0.35381937946263087,0.0
2.5594703189372323,2.321589043188304,2.2026484053138393,0.4405296810627679,2.118940637874464,0.4405296810627679,0.0,1.1189406378744642,2.4405296810627677,1.0,0.0,0.0,0.0,1.0,0.4405296810627679,0.0,1.0,0.0,0.0,0.0,0.0,0.0,0.0,0.4405296810627679,0.0,0.0,0.0,0.5594703189372321,0.0
3.0,1.0,0.0,0.0,5.10956607410278,0.0,1.4063773827351869,0.5936226172648131,3.4063773827351866,1.0,0.0,0.0,0.7031886913675934,1.0,0.7031886913675934,0.0,3.8127547654703737,0.0,0.0,0.0,0.0,0.0,0.0,0.0,0.7031886913675934,0.0,0.0,3.8127547654703737,0.0
2.355609318872926,2.933172043381222,3.22195340563537,0.644390681127074,1.711218637745852,0.644390681127074,0.0,0.711218637745852,2.644390681127074,1.0,0.0,0.0,0.0,1.0,0.644390681127074,0.0,1.0,0.0,0.0,0.0,0.0,0.0,0.0,0.644390681127074,0.0,0.0,0.0,0.355609318872926,0.0
3.0,1.0,0.0,0.0,5.927802534007255,0.0,1.9518683560048367,0.04813164399516334,3.9518683560048364,1.0,0.0,0.0,0.9759341780024183,1.0,0.9759341780024183,0.0,4.903736712009673,0.0,0.0,0.0,0.0,0.0,0.0,0.0,0.9759341780024183,0.0,0.0,4.903736712009673,0.0
2.169651412525187,3.4910457624244393,4.151742937374065,0.8303485874748131,1.3393028250503738,0.8303485874748131,0.0,0.3393028250503738,2.830348587474813,1.0,0.0,0.0,0.0,1.0,0.8303485874748131,0.0,1.0,0.0,0.0,0.0,0.0,0.0,0.0,0.8303485874748131,0.0,0.0,0.0,0.1696514125251869,0.0
2.1993616896783905,2.2009574654824147,0.0,0.0,2.1993616896783905,0.40031915516080485,0.0,1.1993616896783903,3.6012766206432194,1.0,0.40031915516080485,0.40031915516080485,0.40031915516080485,1.0,0.0,0.0,0.5996808448391951,0.0,0.0,0.0,0.0,0.0,0.0,0.0,0.40031915516080485,0.40031915516080485,0.40031915516080485,0.5996808448391951,0.0
2.815356093801022,1.276965859298467,0.0,0.0,3.2769658592984667,0.09232195309948898,0.0,1.907678046900511,2.092321953099489,1.0,0.0,0.09232195309948898,0.0,1.0,0.0,0.0,0.907678046900511,0.0,0.0,0.0,0.0,0.5539317185969339,0.0,0.0,0.0,0.0,0.0,0.907678046900511,0.0
2.1635503472229067,3.5093489583312794,4.182248263885466,0.8364496527770932,1.3271006944458137,0.8364496527770932,0.0,0.3271006944458137,2.8364496527770933,1.0,0.0,0.0,0.0,1.0,0.8364496527770932,0.0,1.0,0.0,0.0,0.0,0.0,0.0,0.0,0.8364496527770932,0.0,0.0,0.0,0.16355034722290684,0.0
2.9780558179841434,1.0329162730237849,0.0,0.0,3.032916273023785,0.010972091007928286,0.0,1.9890279089920717,2.010972091007928,1.0,0.0,0.010972091007928286,0.0,1.0,0.0,0.0,0.9890279089920717,0.0,0.0,0.0,0.0,0.06583254604756972,0.0,0.0,0.0,0.0,0.0,0.9890279089920717,0.0
1.4539258785656923,3.3191111821514614,0.0,0.0,5.319111182151461,0.7730370607171538,0.0,1.226962939282846,2.773037060717154,1.0,0.0,0.7730370607171538,0.0,1.0,0.0,0.0,0.22696293928284617,0.0,0.0,0.0,0.0,4.638222364302923,0.0,0.0,0.0,0.0,0.0,0.22696293928284617,0.0
3.7027904156362275,1.9729071882728295,0.6756976039090569,2.0270928117271705,6.6756976039090565,2.351395207818114,0.0,1.675697603909057,2.324302396090943,1.0,0.0,0.32430239609094313,0.0,1.0,0.0,0.0,0.0,0.0,0.0,0.0,0.0,5.3243023960909435,0.6756976039090569,0.0,0.0,0.0,0.0,0.6756976039090569,0.0
1.0066683832511871,3.9949987125616095,0.0016670958127967817,0.005001287438390345,6.001667095812797,1.0033341916255936,0.0,1.0016670958127967,2.9983329041872033,1.0,0.0,0.9983329041872032,0.0,1.0,0.0,0.0,0.0,0.0,0.0,0.0,0.0,5.998332904187203,0.0016670958127967817,0.0,0.0,0.0,0.0,0.0016670958127967817,0.0
2.7261017746140537,1.41084733807892,0.0,0.0,3.41084733807892,0.13694911269297327,0.0,1.8630508873070268,2.136949112692973,1.0,0.0,0.13694911269297327,0.0,1.0,0.0,0.0,0.8630508873070267,0.0,0.0,0.0,0.0,0.8216946761578399,0.0,0.0,0.0,0.0,0.0,0.8630508873070267,0.0
1.8165216669534483,4.0,0.40826083347672415,0.0,6.0,1.0,0.0,0.5917391665232759,3.0,1.0,0.0,1.0,0.0,1.0,0.0,0.0,0.0,0.0,0.40826083347672415,0.0,0.0,3.550434999139655,0.0,0.0,0.0,0.0,0.0,0.0,0.0
1.907563542139776,4.0,0.45378177106988804,0.0,6.0,1.0,0.0,0.546218228930112,3.0,1.0,0.0,1.0,0.0,1.0,0.0,0.0,0.0,0.0,0.45378177106988804,0.0,0.0,3.277309373580672,0.0,0.0,0.0,0.0,0.0,0.0,0.0
2.9896012730993906,4.0,1.7799045175457024,0.020797453801218557,5.958405092397562,0.9896012730993907,0.0,0.0,3.0,1.0,0.0,1.0,0.0,1.0,0.0,0.0,0.010398726900609279,0.0,0.9896012730993907,0.0,0.041594907602437114,0.020797453801218557,0.0,0.0,0.0,0.0,0.0,0.0,0.0
2.236737159373957,3.2897885218781298,60.138610321944896,1.763262840626043,2.946948637495827,0.23673715937395678,0.0,0.0,3.0,0.7632628406260432,0.23673715937395678,0.7632628406260432,0.23673715937395678,1.0,0.0,0.0,0.7632628406260432,0.0,0.0,0.0,3.053051362504173,1.5265256812520864,0.0,0.0,0.23673715937395678,0.23673715937395678,0.0,0.0,0.0
2.8361109777039486,3.1638890222960514,55.93333653510523,2.8361109777039486,5.344443910815795,2.090277444259872,0.0,0.0,3.0,1.0,0.4180554888519744,0.5819445111480256,0.0,1.0,0.0,0.0,1.0,0.4180554888519744,0.0,0.4180554888519744,2.3277780445921024,2.4180554888519743,0.0,0.0,0.0,0.0,0.0,0.0,0.0
2.0,4.0,9.731763199523343,1.0666445521059627,1.0666445521059627,0.9333554478940373,0.0,0.0,3.0,1.0,0.0,0.06664455210596265,0.0,1.0,0.9333554478940373,0.0,1.0,0.0,0.0,0.0,0.2665782084238506,0.1332891042119253,0.0,0.9333554478940373,0.0,0.0,0.0,0.0,0.0
2.318034613309685,4.0,52.14740400177362,1.3639307733806298,3.2721384532387403,0.3180346133096851,0.0,0.0,3.0,1.0,0.0,1.0,0.0,1.0,0.0,0.0,0.6819653866903149,0.0,0.3180346133096851,0.0,2.7278615467612597,1.3639307733806298,0.0,0.0,0.0,0.0,0.0,0.0,0.0
2.2614215547511924,3.215735335746423,58.484755831670114,1.7385784452488076,3.0456862190047693,0.26142155475119233,0.0,0.0,3.0,0.7385784452488077,0.26142155475119233,0.7385784452488077,0.26142155475119233,1.0,0.0,0.0,0.7385784452488077,0.0,0.0,0.0,2.9543137809952307,1.4771568904976153,0.0,0.0,0.26142155475119233,0.26142155475119233,0.0,0.0,0.0
2.2307052554906397,4.0,58.697105838202006,1.5385894890187202,2.9228210219625597,0.23070525549063992,0.0,0.0,3.0,1.0,0.0,1.0,0.0,1.0,0.0,0.0,0.7692947445093601,0.0,0.23070525549063992,0.0,3.0771789780374403,1.5385894890187202,0.0,0.0,0.0,0.0,0.0,0.0,0.0
2.3322262630426938,4.0,51.083030271797966,1.3355474739146125,3.328905052170775,0.33222626304269376,0.0,0.0,3.0,1.0,0.0,1.0,0.0,1.0,0.0,0.0,0.6677737369573062,0.0,0.33222626304269376,0.0,2.671094947829225,1.3355474739146125,0.0,0.0,0.0,0.0,0.0,0.0,0.0
2.7812852684712075,3.2187147315287925,57.24915355669103,2.7812852684712075,5.125141073884829,1.9532131711780183,0.0,0.0,3.0,1.0,0.39064263423560364,0.6093573657643964,0.0,1.0,0.0,0.0,1.0,0.39064263423560364,0.0,0.39064263423560364,2.4374294630575855,2.3906426342356037,0.0,0.0,0.0,0.0,0.0,0.0,0.0
4.983640661281229,1.0163593387187708,98.8745784031561,38.798234822468494,9.956375096749944,6.961828209656201,0.0,0.0,3.994546887093743,1.0,0.0,1.0,0.0,1.0,0.9945468870937431,0.0,0.0054531129062569406,0.9945468870937431,0.0,0.0,0.021812451625027762,0.010906225812513881,0.0,0.0,0.9945468870937431,0.0,0.0,0.0,0.0
4.257275723785627,2.114086414321559,1.0,1.8859135856784408,6.6286378618928135,2.257275723785627,0.0,1.2572757237856271,2.3713621381071865,1.0,0.0,0.37136213810718643,0.0,1.0,0.0,0.0,0.0,0.0,0.37136213810718643,0.0,0.0,3.1431893094640677,0.6286378618928136,0.0,0.0,0.0,0.0,0.6286378618928136,0.0
4.198691839801908,1.0,0.5993459199009542,1.7980377597028627,5.397383679603816,1.7980377597028627,0.0,2.0,2.0,1.0,0.0,0.0,0.0,1.0,0.0,0.0,0.4006540800990458,0.0,0.0,0.0,0.0,2.996729599504771,0.5993459199009542,0.0,0.0,0.0,0.0,1.0,0.0
4.571341765737053,1.0,0.7856708828685265,2.3570126486055796,6.1426835314741055,2.3570126486055796,0.0,2.0,2.0,1.0,0.0,0.0,0.0,1.0,0.0,0.0,0.2143291171314735,0.0,0.0,0.0,0.0,3.9283544143426323,0.7856708828685265,0.0,0.0,0.0,0.0,1.0,0.0
4.16861038652708,1.0,0.5843051932635398,1.7529155797906193,5.33722077305416,1.7529155797906193,0.0,2.0,2.0,1.0,0.0,0.0,0.0,1.0,0.0,0.0,0.4156948067364602,0.0,0.0,0.0,0.0,2.921525966317699,0.5843051932635398,0.0,0.0,0.0,0.0,1.0,0.0
2.413666889726727,2.9397498327049547,0.35341672243168176,1.0602501672950453,6.353416722431682,1.7068334448633635,0.0,1.3534167224316818,2.6465832775683182,1.0,0.0,0.6465832775683182,0.0,1.0,0.0,0.0,0.0,0.0,0.0,0.0,0.0,5.646583277568318,0.35341672243168176,0.0,0.0,0.0,0.0,0.35341672243168176,0.0
4.277856389992623,2.083215415011065,1.0,1.916784584988935,6.6389281949963115,2.277856389992623,0.0,1.2778563899926232,2.3610718050036885,1.0,0.0,0.3610718050036884,0.0,1.0,0.0,0.0,0.0,0.0,0.3610718050036884,0.0,0.0,3.194640974981558,0.6389281949963116,0.0,0.0,0.0,0.0,0.6389281949963116,0.0
3.6620356077028413,2.003473294222869,0.6655089019257103,1.996526705777131,6.66550890192571,2.3310178038514207,0.0,1.6655089019257103,2.33449109807429,1.0,0.0,0.33449109807428967,0.0,1.0,0.0,0.0,0.0,0.0,0.0,0.0,0.0,5.33449109807429,0.6655089019257103,0.0,0.0,0.0,0.0,0.6655089019257103,0.0
3.185732730690772,3.7214009039638416,1.0,0.2785990960361584,6.092866365345386,1.1857327306907721,0.0,0.18573273069077212,2.907133634654614,1.0,0.0,0.9071336346546139,0.0,1.0,0.0,0.0,0.0,0.0,0.9071336346546139,0.0,0.0,0.4643318267269301,0.09286636534538606,0.0,0.0,0.0,0.0,0.09286636534538606,0.0
3.123856831521729,2.876143168478271,84.61623570833325,15.860900922101326,4.996951550724611,2.6223326068840347,0.0,0.0,3.3746189438405763,1.0,0.0,1.0,0.0,1.0,0.37461894384057637,0.0,0.6253810561594236,0.37461894384057637,0.0,0.0,2.5015242246376945,1.2507621123188473,0.0,0.0,0.37461894384057637,0.0,0.0,0.0,0.0
2.205466948354833,2.863022034430111,172.5893703599894,5.4656033802579955,2.5479118622795545,0.47942287949461004,0.0,8.383599154935501,3.0684889827849444,0.06848898278494431,0.0,1.0,0.9315110172150557,1.0,0.06848898278494431,0.0,0.0,0.06848898278494431,0.0,0.0,0.9315110172150557,0.9315110172150557,0.0,0.0,0.06848898278494431,0.0,0.0,0.0,0.0
4.709110995068713,1.2908890049312878,78.34688064987857,28.81888482740493,10.0,6.4182219901374244,0.0,0.0,3.7091109950687122,1.0,0.29088900493128766,0.7091109950687123,0.0,1.0,0.7091109950687123,0.0,0.29088900493128766,1.0,0.0,0.29088900493128766,0.0,0.872667014793863,0.0,0.0,0.7091109950687123,0.0,0.0,0.0,0.0
4.083029501268272,1.0,57.736327557072244,21.57756052409717,8.166059002536544,4.249088503804816,0.0,0.0,3.541514750634136,0.541514750634136,0.458485249365864,0.541514750634136,0.458485249365864,1.0,0.541514750634136,0.0,0.0,0.541514750634136,0.0,0.0,0.0,0.0,0.0,0.0,1.0,0.458485249365864,0.0,0.0,0.0
4.695037355393811,1.3049626446061888,96.66195305801922,35.238794049857006,9.186766281050163,6.288420495918893,0.0,0.0,3.89834578513127,1.0,0.0,1.0,0.0,1.0,0.8983457851312704,0.0,0.10165421486872961,0.8983457851312704,0.0,0.0,0.40661685947491844,0.20330842973745922,0.0,0.0,0.8983457851312704,0.0,0.0,0.0,0.0
2.7381081171696606,2.5079279218868926,158.56315291453228,11.85729740603593,3.9682883124524286,1.722252273395875,0.0,6.785675648491018,3.2460360390565537,0.24603603905655358,0.0,1.0,0.7539639609434464,1.0,0.24603603905655358,0.0,0.0,0.24603603905655358,0.0,0.0,0.7539639609434464,0.7539639609434464,0.0,0.0,0.24603603905655358,0.0,0.0,0.0,0.0
2.4064785018686297,3.5935214981313703,17.736326391883736,6.148727690335974,2.2194355056058894,1.8129570037372593,0.0,0.0,3.13549283395621,1.0,0.0,0.13549283395620992,0.0,1.0,1.0,0.0,0.8645071660437901,0.13549283395620992,0.0,0.0,0.0,0.0,0.0,0.8645071660437901,0.13549283395620992,0.0,0.0,0.0,0.0
4.984952460229301,1.010031693180466,99.39625188062841,38.81942952275161,9.959873227278136,6.964889073868369,0.0,0.045142619312097176,3.994984153409767,0.994984153409767,0.0,1.0,0.00501584659023302,1.0,0.994984153409767,0.0,0.0,0.994984153409767,0.0,0.0,0.00501584659023302,0.00501584659023302,0.0,0.0,0.994984153409767,0.0,0.0,0.0,0.0
2.09148084751478,2.93901276832348,175.59100434877746,4.097770170177363,2.2439489267060804,0.2134553108678201,0.0,8.72555745745566,3.0304936158382603,0.030493615838260046,0.0,1.0,0.96950638416174,1.0,0.030493615838260046,0.0,0.0,0.030493615838260046,0.0,0.0,0.96950638416174,0.96950638416174,0.0,0.0,0.030493615838260046,0.0,0.0,0.0,0.0
2.271957300321147,3.728042699678853,13.521328743395955,4.444792470734534,1.815871900963442,1.5439146006422941,0.0,0.0,3.0906524334403827,1.0,0.0,0.09065243344038243,0.0,1.0,1.0,0.0,0.9093475665596176,0.09065243344038243,0.0,0.0,0.0,0.0,0.0,0.9093475665596176,0.09065243344038243,0.0,0.0,0.0,0.0
2.3508570235140573,2.9474289294578275,3.245714882429713,0.6491429764859425,1.701714047028115,0.6491429764859425,0.0,0.7017140470281149,2.6491429764859427,1.0,0.0,0.0,0.0,1.0,0.6491429764859425,0.0,1.0,0.0,0.0,0.0,0.0,0.0,0.0,0.6491429764859425,0.0,0.0,0.0,0.35085702351405745,0.0
1.003779003578209,4.0,0.01889501789104564,0.0037790035782091502,5.981104982108954,1.0,0.0,0.9962209964217908,3.0,1.0,0.0,0.9962209964217908,0.0,1.0,0.0037790035782091502,0.0,0.0037790035782091502,0.0,0.0,0.0,0.0,5.977325978530745,0.0,0.0037790035782091502,0.0,0.0,0.0,0.0,0.0
1.7806373580473123,4.0,3.903186790236561,0.7806373580473122,1.0,1.0,0.0,0.0,3.6580879258580636,1.0,0.21936264195268784,0.21936264195268784,0.21936264195268784,1.0,0.7806373580473122,0.0,0.7806373580473122,0.0,0.0,0.0,0.0,0.0,0.0,0.7806373580473122,0.21936264195268784,0.21936264195268784,0.21936264195268784,0.0,0.0
1.5314754410445195,4.0,2.657377205222598,0.5314754410445196,1.0,1.0,0.0,0.0,4.405573676866441,1.0,0.4685245589554804,0.4685245589554804,0.4685245589554804,1.0,0.5314754410445196,0.0,0.5314754410445196,0.0,0.0,0.0,0.0,0.0,0.0,0.5314754410445196,0.4685245589554804,0.4685245589554804,0.4685245589554804,0.0,0.0
2.050942980185797,3.8471710594426085,5.203771920743188,1.0,1.2547149009289855,1.0,0.0,0.0,3.0,0.9490570198142029,0.050942980185797127,0.0,0.050942980185797127,1.0,0.9490570198142029,0.0,0.9490570198142029,0.0,0.0,0.0,0.0,0.0,0.0,0.9490570198142029,0.050942980185797127,0.050942980185797127,0.0,0.0,0.0
2.6061304117284205,4.0,2.575478353086319,0.3938695882715797,4.030652058642102,1.0,0.0,0.0,3.0,1.0,0.0,0.6061304117284203,0.0,1.0,0.3938695882715797,0.0,0.3938695882715797,0.0,0.6061304117284203,0.0,0.0,0.0,0.0,0.3938695882715797,0.0,0.0,0.0,0.0,0.0
1.237938178616842,4.0,1.1896908930842098,0.23793817861684197,1.0,1.0,0.0,0.0,5.286185464149474,1.0,0.762061821383158,0.762061821383158,0.762061821383158,1.0,0.23793817861684197,0.0,0.23793817861684197,0.0,0.0,0.0,0.0,0.0,0.0,0.23793817861684197,0.762061821383158,0.762061821383158,0.762061821383158,0.0,0.0
1.6227410511476352,4.0,3.113705255738176,0.6227410511476352,1.0,1.0,0.0,0.0,4.131776846557094,1.0,0.3772589488523648,0.3772589488523648,0.3772589488523648,1.0,0.6227410511476352,0.0,0.6227410511476352,0.0,0.0,0.0,0.0,0.0,0.0,0.6227410511476352,0.3772589488523648,0.3772589488523648,0.3772589488523648,0.0,0.0
1.595542489944088,4.0,2.9777124497204395,0.5955424899440879,1.0,1.0,0.0,0.0,4.213372530167737,1.0,0.40445751005591213,0.40445751005591213,0.40445751005591213,1.0,0.5955424899440879,0.0,0.5955424899440879,0.0,0.0,0.0,0.0,0.0,0.0,0.5955424899440879,0.40445751005591213,0.40445751005591213,0.40445751005591213,0.0,0.0
1.919325022198711,4.0,4.596625110993554,0.9193250221987109,1.4033748890064452,1.0,0.0,0.08067497780128907,3.0,1.0,0.0,0.08067497780128907,0.0,1.0,0.9193250221987109,0.0,0.9193250221987109,0.0,0.0,0.0,0.0,0.48404986680773443,0.0,0.9193250221987109,0.0,0.0,0.0,0.0,0.0
2.1775186632157055,2.644962673568589,206.22546745129716,3.355037326431411,3.2426306425099387,0.17751866321570553,0.0,7.40233203105865,2.8224813367842945,0.0,0.0,1.0,0.8224813367842945,1.0,0.0,0.0,0.0,0.0,0.17751866321570553,0.0,0.8224813367842945,0.8224813367842945,0.0,0.0,0.0,0.0,0.0,0.0,0.0
3.7199354198594703,1.8533763867603532,132.70836727703394,23.639225038313644,6.586494452958587,4.013182646338763,0.0,3.840193740421589,3.5733118066198233,0.5733118066198234,0.0,1.0,0.4266881933801766,1.0,0.5733118066198234,0.0,0.0,0.5733118066198234,0.0,0.0,0.4266881933801766,0.4266881933801766,0.0,0.0,0.5733118066198234,0.0,0.0,0.0,0.0
2.000726104361995,2.9985477912760103,178.1154505935572,3.0014522087239897,2.0050827305339647,0.0007261043619949392,0.0,8.993465060742045,2.999273895638005,0.0,0.0,1.0,0.9992738956380051,1.0,0.0,0.0,0.0,0.0,0.0007261043619949392,0.0,0.9992738956380051,0.9992738956380051,0.0,0.0,0.0,0.0,0.0,0.0,0.0
3.7316261271271856,1.8455825819152096,267.46734990157125,8.772087090423952,6.6176696723391615,1.1544174180847904,0.0,11.886043545211976,3.577208709042395,0.5772087090423952,0.0,1.0,1.0,1.0,0.0,0.0,0.5772087090423952,0.0,0.0,0.0,1.0,1.0,0.5772087090423952,0.0,0.0,0.0,0.0,2.3088348361695807,0.0
2.0,3.2212502292011393,155.43247662148377,2.7787497707988607,2.0,0.0,0.0,7.008747937189744,3.0,0.22125022920113957,0.0,1.0,0.7787497707988604,1.0,0.0,0.0,0.22125022920113957,0.0,0.0,0.0,1.6637506876034187,1.2212502292011396,0.0,0.0,0.0,0.0,0.0,0.0,0.0
2.0,3.7486099030853812,101.6417898852911,2.2513900969146188,2.0,0.0,0.0,2.2625108722315677,3.0,0.7486099030853813,0.0,1.0,0.25139009691461867,1.0,0.0,0.0,0.7486099030853813,0.0,0.0,0.0,3.245829709256144,1.7486099030853812,0.0,0.0,0.0,0.0,0.0,0.0,0.0
3.4843887540152414,2.0104074973231723,138.9110961442653,20.8126650481829,5.958370010707311,3.463573759368897,0.0,4.546833737954275,3.494796251338414,0.4947962513384139,0.0,1.0,0.5052037486615861,1.0,0.4947962513384139,0.0,0.0,0.4947962513384139,0.0,0.0,0.5052037486615861,0.5052037486615861,0.0,0.0,0.4947962513384139,0.0,0.0,0.0,0.0
2.576388906557944,2.711805546721028,134.77083200815417,3.288194453278972,4.305555626231777,1.4409722663948603,0.0,6.406249920489252,3.0,0.2881944532789721,0.2881944532789721,0.7118055467210279,0.7118055467210279,1.0,0.0,0.0,0.2881944532789721,0.2881944532789721,0.0,0.2881944532789721,0.7118055467210279,1.5763889065579442,0.0,0.0,0.0,0.0,0.0,0.0,0.0
2.782207451293436,1.4355850974131281,302.3709847556563,4.564414902586872,7.4754521590540515,0.7822074512934359,0.0,1.9601329383590764,2.217792548706564,0.0,0.0,1.0,0.21779254870656406,1.0,0.0,0.0,0.0,0.0,0.7822074512934359,0.0,0.21779254870656406,0.21779254870656406,0.0,0.0,0.0,0.0,0.0,0.0,0.0
2.0,3.4558452454316573,131.50378496597094,2.5441547545683427,2.0,0.0,0.0,4.897392791115083,3.0,0.4558452454316575,0.0,1.0,0.5441547545683425,1.0,0.0,0.0,0.4558452454316575,0.0,0.0,0.0,2.3675357362949727,1.4558452454316575,0.0,0.0,0.0,0.0,0.0,0.0,0.0
2.465903556681945,1.8011446649770821,0.0,0.0,4.664758891704863,0.2670482216590274,1.4659035566819452,0.0,4.534096443318055,1.0,0.2670482216590274,0.2670482216590274,1.0,1.0,0.7329517783409726,0.0,3.664758891704863,0.0,0.0,0.0,0.0,0.0,0.0,0.0,1.0,0.2670482216590274,0.2670482216590274,3.664758891704863,0.0
1.8030924521679847,4.0,0.4015462260839924,0.0,3.0077311304199617,1.0,0.0,0.0,4.795361321748023,1.0,0.5984537739160076,1.0,0.5984537739160076,1.0,0.0,0.0,0.0,0.0,0.4015462260839924,0.0,0.0,0.0,0.0,0.0,0.5984537739160076,0.5984537739160076,0.5984537739160076,0.0,0.0
1.0867181335101592,3.869922799734761,0.0,0.0,1.216795333775398,0.9566409332449204,0.08671813351015922,0.0,5.913281866489841,1.0,0.9566409332449204,0.9566409332449204,1.0,1.0,0.04335906675507961,0.0,0.21679533377539806,0.0,0.0,0.0,0.0,0.0,0.0,0.0,1.0,0.9566409332449204,0.9566409332449204,0.21679533377539806,0.0
1.6923670789409668,4.0,0.3461835394704834,0.0,2.730917697352417,1.0,0.0,0.0,4.961449381588549,1.0,0.6538164605295166,1.0,0.6538164605295166,1.0,0.0,0.0,0.0,0.0,0.3461835394704834,0.0,0.0,0.0,0.0,0.0,0.6538164605295166,0.6538164605295166,0.6538164605295166,0.0,0.0
1.9416916242519153,2.587462563622127,0.0,0.0,1.9416916242519153,0.5291541878740423,0.0,0.9416916242519153,4.116616751496169,1.0,0.5291541878740423,0.5291541878740423,0.5291541878740423,1.0,0.0,0.0,0.47084581212595766,0.0,0.0,0.0,0.0,0.0,0.0,0.0,0.5291541878740423,0.5291541878740423,0.5291541878740423,0.47084581212595766,0.0
2.2249258584977474,2.162611212253379,0.0,0.0,2.2249258584977474,0.3875370707511263,0.0,1.2249258584977474,3.5501482830045052,1.0,0.3875370707511263,0.3875370707511263,0.3875370707511263,1.0,0.0,0.0,0.6124629292488737,0.0,0.0,0.0,0.0,0.0,0.0,0.0,0.3875370707511263,0.3875370707511263,0.3875370707511263,0.6124629292488737,0.0
1.1389973449233504,3.7915039826149743,0.0,0.0,1.3474933623083758,0.9305013275383248,0.13899734492335036,0.0,5.86100265507665,1.0,0.9305013275383248,0.9305013275383248,1.0,1.0,0.06949867246167518,0.0,0.3474933623083759,0.0,0.0,0.0,0.0,0.0,0.0,0.0,1.0,0.9305013275383248,0.9305013275383248,0.3474933623083759,0.0
1.2460106328889315,4.0,1.2300531644446573,0.24601063288893144,1.0,1.0,0.0,0.0,5.261968101333205,1.0,0.7539893671110686,0.7539893671110686,0.7539893671110686,1.0,0.24601063288893144,0.0,0.24601063288893144,0.0,0.0,0.0,0.0,0.0,0.0,0.24601063288893144,0.7539893671110686,0.7539893671110686,0.7539893671110686,0.0,0.0
2.4668839476116657,1.7996740785825018,0.0,0.0,4.667209869029164,0.26655802619416724,1.4668839476116655,0.0,4.533116052388334,1.0,0.26655802619416724,0.26655802619416724,1.0,1.0,0.7334419738058328,0.0,3.667209869029164,0.0,0.0,0.0,0.0,0.0,0.0,0.0,1.0,0.26655802619416724,0.26655802619416724,3.667209869029164,0.0
1.2037324955222544,3.6944012567166187,0.0,0.0,1.2037324955222544,0.8981337522388728,0.0,0.20373249552225436,5.592535008955491,1.0,0.8981337522388728,0.8981337522388728,0.8981337522388728,1.0,0.0,0.0,0.10186624776112718,0.0,0.0,0.0,0.0,0.0,0.0,0.0,0.8981337522388728,0.8981337522388728,0.8981337522388728,0.10186624776112718,0.0
2.458834292356384,1.8117485614654236,0.0,0.0,6.0,0.2705828538218079,1.4588342923563842,0.2705828538218079,3.729417146178192,1.0,0.0,0.2705828538218079,0.7294171461781921,1.0,0.7294171461781921,0.0,3.6470857308909603,0.0,0.0,0.0,0.0,1.6234971229308475,0.0,0.0,0.7294171461781921,0.0,0.0,3.6470857308909603,0.0
3.0,3.847700337254963,0.9492334457516545,0.0,6.0,0.9492334457516545,0.10153310849669106,0.0,3.0507665542483453,1.0,0.0,0.9492334457516545,0.05076655424834553,1.0,0.05076655424834553,0.0,0.25383277124172743,0.0,0.9492334457516545,0.0,0.0,0.0,0.0,0.0,0.05076655424834553,0.0,0.0,0.25383277124172743,0.0
2.31867064526866,2.02199403209701,0.0,0.0,6.0,0.34066467736566997,1.31867064526866,0.34066467736566997,3.65933532263433,1.0,0.0,0.34066467736566997,0.65933532263433,1.0,0.65933532263433,0.0,3.29667661317165,0.0,0.0,0.0,0.0,2.0439880641940196,0.0,0.0,0.65933532263433,0.0,0.0,3.29667661317165,0.0
1.9268408429413464,2.6097387355879804,0.0,0.0,6.0,0.5365795785293268,0.9268408429413464,0.5365795785293268,3.463420421470673,1.0,0.0,0.5365795785293268,0.4634204214706732,1.0,0.4634204214706732,0.0,2.317102107353366,0.0,0.0,0.0,0.0,3.219477471175961,0.0,0.0,0.4634204214706732,0.0,0.0,2.317102107353366,0.0
2.91178600483774,1.1323209927433902,0.0,0.0,6.0,0.044106997581130014,1.91178600483774,0.044106997581130014,3.95589300241887,1.0,0.0,0.044106997581130014,0.95589300241887,1.0,0.95589300241887,0.0,4.77946501209435,0.0,0.0,0.0,0.0,0.2646419854867801,0.0,0.0,0.95589300241887,0.0,0.0,4.77946501209435,0.0
1.573187861655808,3.140218207516288,0.0,0.0,6.0,0.713406069172096,0.5731878616558079,0.713406069172096,3.286593930827904,1.0,0.0,0.713406069172096,0.28659393082790396,1.0,0.28659393082790396,0.0,1.4329696541395198,0.0,0.0,0.0,0.0,4.280436415032576,0.0,0.0,0.28659393082790396,0.0,0.0,1.4329696541395198,0.0
1.7447167904966785,2.882924814254982,0.0,0.0,6.0,0.6276416047516608,0.7447167904966785,0.6276416047516608,3.372358395248339,1.0,0.0,0.6276416047516608,0.37235839524833925,1.0,0.37235839524833925,0.0,1.8617919762416961,0.0,0.0,0.0,0.0,3.7658496285099643,0.0,0.0,0.37235839524833925,0.0,0.0,1.8617919762416961,0.0
3.0,1.0,0.0,0.0,5.141945258135944,0.0,1.4279635054239632,0.5720364945760368,3.427963505423963,1.0,0.0,0.0,0.7139817527119816,1.0,0.7139817527119816,0.0,3.8559270108479264,0.0,0.0,0.0,0.0,0.0,0.0,0.0,0.7139817527119816,0.0,0.0,3.8559270108479264,0.0
1.3834859271761801,3.4247711092357296,0.0,0.0,1.95871481794045,0.8082570364119099,0.38348592717618013,0.0,5.61651407282382,1.0,0.8082570364119099,0.8082570364119099,1.0,1.0,0.19174296358809007,0.0,0.9587148179404501,0.0,0.0,0.0,0.0,0.0,0.0,0.0,1.0,0.8082570364119099,0.8082570364119099,0.9587148179404501,0.0
4.83138038451253,1.0,0.9156901922562649,2.747070576768795,6.915690192256265,2.747070576768795,0.16861961548747018,1.8313803845125298,2.1686196154874704,1.0,0.0,0.0,0.08430980774373509,1.0,0.08430980774373509,0.0,0.4215490387186751,0.0,0.0,0.0,0.0,4.578450961281325,0.9156901922562649,0.0,0.08430980774373509,0.0,0.0,1.3372392309749404,0.0
