1.52101,13.64,4.49,1.1,71.78,0.06,8.75,0.0,0.0,1.0
1.51761,13.89,3.6,1.36,72.73,0.48,7.83,0.0,0.0,1.0
1.51618,13.53,3.55,1.54,72.99,0.39,7.78,0.0,0.0,1.0
1.51766,13.21,3.69,1.29,72.61,0.57,8.22,0.0,0.0,1.0
1.51742,13.27,3.62,1.24,73.08,0.55,8.07,0.0,0.0,1.0
1.51596,12.79,3.61,1.62,72.97,0.64,8.07,0.0,0.26,1.0
1.51743,13.3,3.6,1.14,73.09,0.58,8.17,0.0,0.0,1.0
1.51756,13.15,3.61,1.05,73.24,0.57,8.24,0.0,0.0,1.0
1.51918,14.04,3.58,1.37,72.08,0.56,8.3,0.0,0.0,1.0
1.51755,13.0,3.6,1.36,72.99,0.57,8.4,0.0,0.11,1.0
1.51571,12.72,3.46,1.56,73.2,0.67,8.09,0.0,0.24,1.0
1.51763,12.8,3.66,1.27,73.01,0.6,8.56,0.0,0.0,1.0
1.51589,12.88,3.43,1.4,73.28,0.69,8.05,0.0,0.24,1.0
1.51748,12.86,3.56,1.27,73.21,0.54,8.38,0.0,0.17,1.0
1.51763,12.61,3.59,1.31,73.29,0.58,8.5,0.0,0.0,1.0
1.51761,12.81,3.54,1.23,73.24,0.58,8.39,0.0,0.0,1.0
1.51784,12.68,3.67,1.16,73.11,0.61,8.7,0.0,0.0,1.0
1.52196,14.36,3.85,0.89,71.36,0.15,9.15,0.0,0.0,1.0
1.51911,13.9,3.73,1.18,72.12,0.06,8.89,0.0,0.0,1.0
1.51735,13.02,3.54,1.69,72.73,0.54,8.44,0.0,0.07,1.0
1.5175,12.82,3.55,1.49,72.75,0.54,8.52,0.0,0.19,1.0
1.51966,14.77,3.75,0.29,72.02,0.03,9.0,0.0,0.0,1.0
1.51736,12.78,3.62,1.29,72.79,0.59,8.7,0.0,0.0,1.0
1.51751,12.81,3.57,1.35,73.02,0.62,8.59,0.0,0.0,1.0
1.5172,13.38,3.5,1.15,72.85,0.5,8.43,0.0,0.0,1.0
1.51764,12.98,3.54,1.21,73.0,0.65,8.53,0.0,0.0,1.0
1.51793,13.21,3.48,1.41,72.64,0.59,8.43,0.0,0.0,1.0
1.51721,12.87,3.48,1.33,73.04,0.56,8.43,0.0,0.0,1.0
1.51768,12.56,3.52,1.43,73.15,0.57,8.54,0.0,0.0,1.0
1.51784,13.08,3.49,1.28,72.86,0.6,8.49,0.0,0.0,1.0
1.51768,12.65,3.56,1.3,73.08,0.61,8.69,0.0,0.14,1.0
1.51747,12.84,3.5,1.14,73.27,0.56,8.55,0.0,0.0,1.0
1.51775,12.85,3.48,1.23,72.97,0.61,8.56,0.09,0.22,1.0
1.51753,12.57,3.47,1.38,73.39,0.6,8.55,0.0,0.06,1.0
1.51783,12.69,3.54,1.34,72.95,0.57,8.75,0.0,0.0,1.0
1.51567,13.29,3.45,1.21,72.74,0.56,8.57,0.0,0.0,1.0
1.51909,13.89,3.53,1.32,71.81,0.51,8.78,0.11,0.0,1.0
1.51797,12.74,3.48,1.35,72.96,0.64,8.68,0.0,0.0,1.0
1.52213,14.21,3.82,0.47,71.77,0.11,9.57,0.0,0.0,1.0
1.52213,14.21,3.82,0.47,71.77,0.11,9.57,0.0,0.0,1.0
1.51793,12.79,3.5,1.12,73.03,0.64,8.77,0.0,0.0,1.0
1.51755,12.71,3.42,1.2,73.2,0.59,8.64,0.0,0.0,1.0
1.51779,13.21,3.39,1.33,72.76,0.59,8.59,0.0,0.0,1.0
1.5221,13.73,3.84,0.72,71.76,0.17,9.74,0.0,0.0,1.0
1.51786,12.73,3.43,1.19,72.95,0.62,8.76,0.0,0.3,1.0
1.519,13.49,3.48,1.35,71.95,0.55,9.0,0.0,0.0,1.0
1.51869,13.19,3.37,1.18,72.72,0.57,8.83,0.0,0.16,1.0
1.52667,13.99,3.7,0.71,71.57,0.02,9.82,0.0,0.1,1.0
1.52223,13.21,3.77,0.79,71.99,0.13,10.02,0.0,0.0,1.0
1.51898,13.58,3.35,1.23,72.08,0.59,8.91,0.0,0.0,1.0
1.5232,13.72,3.72,0.51,71.75,0.09,10.06,0.0,0.16,1.0
1.51926,13.2,3.33,1.28,72.36,0.6,9.14,0.0,0.11,1.0
1.51808,13.43,2.87,1.19,72.84,0.55,9.03,0.0,0.0,1.0
1.51837,13.14,2.84,1.28,72.85,0.55,9.07,0.0,0.0,1.0
1.51778,13.21,2.81,1.29,72.98,0.51,9.02,0.0,0.09,1.0
1.51769,12.45,2.71,1.29,73.7,0.56,9.06,0.0,0.24,1.0
1.51215,12.99,3.47,1.12,72.98,0.62,8.35,0.0,0.31,1.0
1.51824,12.87,3.48,1.29,72.95,0.6,8.43,0.0,0.0,1.0
1.51754,13.48,3.74,1.17,72.99,0.59,8.03,0.0,0.0,1.0
1.51754,13.39,3.66,1.19,72.79,0.57,8.27,0.0,0.11,1.0
1.51905,13.6,3.62,1.11,72.64,0.14,8.76,0.0,0.0,1.0
1.51977,13.81,3.58,1.32,71.72,0.12,8.67,0.69,0.0,1.0
1.52172,13.51,3.86,0.88,71.79,0.23,9.54,0.0,0.11,1.0
1.52227,14.17,3.81,0.78,71.35,0.0,9.69,0.0,0.0,1.0
1.52172,13.48,3.74,0.9,72.01,0.18,9.61,0.0,0.07,1.0
1.52099,13.69,3.59,1.12,71.96,0.09,9.4,0.0,0.0,1.0
1.52152,13.05,3.65,0.87,72.22,0.19,9.85,0.0,0.17,1.0
1.52152,13.05,3.65,0.87,72.32,0.19,9.85,0.0,0.17,1.0
1.52152,13.12,3.58,0.9,72.2,0.23,9.82,0.0,0.16,1.0
1.523,13.31,3.58,0.82,71.99,0.12,10.17,0.0,0.03,1.0
1.51574,14.86,3.67,1.74,71.87,0.16,7.36,0.0,0.12,1.0
1.51848,13.64,3.87,1.27,71.96,0.54,8.32,0.0,0.32,1.0
1.51593,13.09,3.59,1.52,73.1,0.67,7.83,0.0,0.0,1.0
1.51631,13.34,3.57,1.57,72.87,0.61,7.89,0.0,0.0,1.0
1.51596,13.02,3.56,1.54,73.11,0.72,7.9,0.0,0.0,1.0
1.5159,13.02,3.58,1.51,73.12,0.69,7.96,0.0,0.0,1.0
1.51645,13.44,3.61,1.54,72.39,0.66,8.03,0.0,0.0,1.0
1.51627,13.0,3.58,1.54,72.83,0.61,8.04,0.0,0.0,1.0
1.51613,13.92,3.52,1.25,72.88,0.37,7.94,0.0,0.14,1.0
1.5159,12.82,3.52,1.9,72.86,0.69,7.97,0.0,0.0,1.0
1.51592,12.86,3.52,2.12,72.66,0.69,7.97,0.0,0.0,1.0
1.51593,13.25,3.45,1.43,73.17,0.61,7.86,0.0,0.0,1.0
1.51646,13.41,3.55,1.25,72.81,0.68,8.1,0.0,0.0,1.0
1.51594,13.09,3.52,1.55,72.87,0.68,8.05,0.0,0.09,1.0
1.51409,14.25,3.09,2.08,72.28,1.1,7.08,0.0,0.0,1.0
1.51625,13.36,3.58,1.49,72.72,0.45,8.21,0.0,0.0,1.0
1.51569,13.24,3.49,1.47,73.25,0.38,8.03,0.0,0.0,1.0
1.51645,13.4,3.49,1.52,72.65,0.67,8.08,0.0,0.1,1.0
1.51618,13.01,3.5,1.48,72.89,0.6,8.12,0.0,0.0,1.0
1.5164,12.55,3.48,1.87,73.23,0.63,8.08,0.0,0.09,1.0
1.51841,12.93,3.74,1.11,72.28,0.64,8.96,0.0,0.22,1.0
1.51605,12.9,3.44,1.45,73.06,0.44,8.27,0.0,0.0,1.0
1.51588,13.12,3.41,1.58,73.26,0.07,8.39,0.0,0.19,1.0
1.5159,13.24,3.34,1.47,73.1,0.39,8.22,0.0,0.0,1.0
1.51629,12.71,3.33,1.49,73.28,0.67,8.24,0.0,0.0,1.0
1.5186,13.36,3.43,1.43,72.26,0.51,8.6,0.0,0.0,1.0
1.51841,13.02,3.62,1.06,72.34,0.64,9.13,0.0,0.15,1.0
1.51743,12.2,3.25,1.16,73.55,0.62,8.9,0.0,0.24,1.0
1.51689,12.67,2.88,1.71,73.21,0.73,8.54,0.0,0.0,1.0
1.51811,12.96,2.96,1.43,72.92,0.6,8.79,0.14,0.0,1.0
1.51655,12.75,2.85,1.44,73.27,0.57,8.79,0.11,0.22,1.0
1.5173,12.35,2.72,1.63,72.87,0.7,9.23,0.0,0.0,1.0
1.5182,12.62,2.76,0.83,73.81,0.35,9.42,0.0,0.2,1.0
1.52725,13.8,3.15,0.66,70.57,0.08,11.64,0.0,0.0,1.0
1.5241,13.83,2.9,1.17,71.15,0.08,10.79,0.0,0.0,1.0
1.52475,11.45,0.0,1.88,72.19,0.81,13.24,0.0,0.34,1.0
1.53125,10.73,0.0,2.1,69.81,0.58,13.3,3.15,0.28,1.0
1.53393,12.3,0.0,1.0,70.16,0.12,16.19,0.0,0.24,1.0
1.52222,14.43,0.0,1.0,72.67,0.1,11.52,0.0,0.08,1.0
1.51818,13.72,0.0,0.56,74.45,0.0,10.99,0.0,0.0,1.0
1.52664,11.23,0.0,0.77,73.21,0.0,14.68,0.0,0.0,1.0
1.52739,11.02,0.0,0.75,73.08,0.0,14.96,0.0,0.0,1.0
1.52777,12.64,0.0,0.67,72.02,0.06,14.4,0.0,0.0,1.0
1.51892,13.46,3.83,1.26,72.55,0.57,8.21,0.0,0.14,1.0
1.51847,13.1,3.97,1.19,72.44,0.6,8.43,0.0,0.0,1.0
1.51846,13.41,3.89,1.33,72.38,0.51,8.28,0.0,0.0,1.0
1.51829,13.24,3.9,1.41,72.33,0.55,8.31,0.0,0.1,1.0
1.51708,13.72,3.68,1.81,72.06,0.64,7.88,0.0,0.0,1.0
1.51673,13.3,3.64,1.53,72.53,0.65,8.03,0.0,0.29,1.0
1.51652,13.56,3.57,1.47,72.45,0.64,7.96,0.0,0.0,1.0
1.51844,13.25,3.76,1.32,72.4,0.58,8.42,0.0,0.0,1.0
1.51663,12.93,3.54,1.62,72.96,0.64,8.03,0.0,0.21,1.0
1.51687,13.23,3.54,1.48,72.84,0.56,8.1,0.0,0.0,1.0
1.51707,13.48,3.48,1.71,72.52,0.62,7.99,0.0,0.0,1.0
1.52177,13.2,3.68,1.15,72.75,0.54,8.52,0.0,0.0,1.0
1.51872,12.93,3.66,1.56,72.51,0.58,8.55,0.0,0.12,1.0
1.51667,12.94,3.61,1.26,72.75,0.56,8.6,0.0,0.0,1.0
1.52081,13.78,2.28,1.43,71.99,0.49,9.85,0.0,0.17,1.0
1.52068,13.55,2.09,1.67,72.18,0.53,9.57,0.27,0.17,1.0
1.5202,13.98,1.35,1.63,71.76,0.39,10.56,0.0,0.18,1.0
1.52177,13.75,1.01,1.36,72.19,0.33,11.14,0.0,0.0,1.0
1.52614,13.7,0.0,1.36,71.24,0.19,13.44,0.0,0.1,1.0
1.51813,13.43,3.98,1.18,72.49,0.58,8.15,0.0,0.0,1.0
1.518,13.71,3.93,1.54,71.81,0.54,8.21,0.0,0.15,1.0
1.51811,13.33,3.85,1.25,72.78,0.52,8.12,0.0,0.0,1.0
1.51789,13.19,3.9,1.3,72.33,0.55,8.44,0.0,0.28,1.0
1.51806,13.0,3.8,1.08,73.07,0.56,8.38,0.0,0.12,1.0
1.51711,12.89,3.62,1.57,72.96,0.61,8.11,0.0,0.0,1.0
1.51674,12.79,3.52,1.54,73.36,0.66,7.9,0.0,0.0,1.0
1.51674,12.87,3.56,1.64,73.14,0.65,7.99,0.0,0.0,1.0
1.5169,13.33,3.54,1.61,72.54,0.68,8.11,0.0,0.0,1.0
1.51851,13.2,3.63,1.07,72.83,0.57,8.41,0.09,0.17,1.0
1.51662,12.85,3.51,1.44,73.01,0.68,8.23,0.06,0.25,1.0
1.51709,13.0,3.47,1.79,72.72,0.66,8.18,0.0,0.0,1.0
1.5166,12.99,3.18,1.23,72.97,0.58,8.81,0.0,0.24,1.0
1.51839,12.85,3.67,1.24,72.57,0.62,8.68,0.0,0.35,1.0
1.51769,13.65,3.66,1.11,72.77,0.11,8.6,0.0,0.0,0.0
1.5161,13.33,3.53,1.34,72.67,0.56,8.33,0.0,0.0,0.0
1.5167,13.24,3.57,1.38,72.7,0.56,8.44,0.0,0.1,0.0
1.51643,12.16,3.52,1.35,72.89,0.57,8.53,0.0,0.0,0.0
1.51665,13.14,3.45,1.76,72.48,0.6,8.38,0.0,0.17,0.0
1.52127,14.32,3.9,0.83,71.5,0.0,9.49,0.0,0.0,0.0
1.51779,13.64,3.65,0.65,73.0,0.06,8.93,0.0,0.0,0.0
1.5161,13.42,3.4,1.22,72.69,0.59,8.32,0.0,0.0,0.0
1.51694,12.86,3.58,1.31,72.61,0.61,8.79,0.0,0.0,0.0
1.51646,13.04,3.4,1.26,73.01,0.52,8.58,0.0,0.0,0.0
1.51655,13.41,3.39,1.28,72.64,0.52,8.65,0.0,0.0,0.0
1.52121,14.03,3.76,0.58,71.79,0.11,9.65,0.0,0.0,0.0
1.51776,13.53,3.41,1.52,72.04,0.58,8.79,0.0,0.0,0.0
1.51796,13.5,3.36,1.63,71.94,0.57,8.81,0.0,0.09,0.0
1.51832,13.33,3.34,1.54,72.14,0.56,8.99,0.0,0.0,0.0
1.51934,13.64,3.54,0.75,72.65,0.16,8.89,0.15,0.24,0.0
1.52211,14.19,3.78,0.91,71.36,0.23,9.14,0.0,0.37,0.0
1.51514,14.01,2.68,3.5,69.89,1.68,5.87,2.2,0.0,1.0
1.51915,12.73,1.85,1.86,72.69,0.6,10.09,0.0,0.0,1.0
1.52171,11.56,1.88,1.56,72.86,0.47,11.41,0.0,0.0,1.0
1.52151,11.03,1.71,1.56,73.44,0.58,11.62,0.0,0.0,1.0
1.51969,12.64,0.0,1.65,73.75,0.38,11.53,0.0,0.0,1.0
1.51666,12.86,0.0,1.83,73.88,0.97,10.17,0.0,0.0,1.0
1.51994,13.27,0.0,1.76,73.03,0.47,11.32,0.0,0.0,1.0
1.52369,13.44,0.0,1.58,72.22,0.32,12.24,0.0,0.0,1.0
1.51316,13.02,0.0,3.04,70.48,6.21,6.96,0.0,0.0,1.0
1.51321,13.0,0.0,3.02,70.7,6.21,6.93,0.0,0.0,1.0
1.52043,13.38,0.0,1.4,72.25,0.33,12.5,0.0,0.0,1.0
1.52058,12.85,1.61,2.17,72.18,0.76,9.7,0.24,0.51,1.0
1.52119,12.97,0.33,1.51,73.39,0.13,11.27,0.0,0.28,1.0
1.51905,14.0,2.39,1.56,72.37,0.0,9.57,0.0,0.0,1.0
1.51937,13.79,2.41,1.19,72.76,0.0,9.77,0.0,0.0,1.0
1.51829,14.46,2.24,1.62,72.38,0.0,9.26,0.0,0.0,1.0
1.51852,14.09,2.19,1.66,72.67,0.0,9.32,0.0,0.0,1.0
1.51299,14.4,1.74,1.54,74.55,0.0,7.59,0.0,0.0,1.0
1.51888,14.99,0.78,1.74,72.5,0.0,9.95,0.0,0.0,1.0
1.51916,14.15,0.0,2.09,72.74,0.0,10.88,0.0,0.0,1.0
1.51969,14.56,0.0,0.56,73.48,0.0,11.22,0.0,0.0,1.0
1.51115,17.38,0.0,0.34,75.41,0.0,6.65,0.0,0.0,1.0
1.51131,13.69,3.2,1.81,72.81,1.76,5.43,1.19,0.0,1.0
1.51838,14.32,3.26,2.22,71.25,1.46,5.79,1.63,0.0,1.0
1.52315,13.44,3.34,1.23,72.38,0.6,8.83,0.0,0.0,1.0
1.52247,14.86,2.2,2.06,70.26,0.76,9.76,0.0,0.0,1.0
1.52365,15.79,1.83,1.31,70.43,0.31,8.61,1.68,0.0,1.0
1.51613,13.88,1.78,1.79,73.1,0.0,8.67,0.76,0.0,1.0
1.51602,14.85,0.0,2.38,73.28,0.0,8.76,0.64,0.09,1.0
1.51623,14.2,0.0,2.79,73.46,0.04,9.04,0.4,0.09,1.0
1.51719,14.75,0.0,2.0,73.02,0.0,8.53,1.59,0.08,1.0
1.51683,14.56,0.0,1.98,73.29,0.0,8.52,1.57,0.07,1.0
1.51545,14.14,0.0,2.68,73.39,0.08,9.07,0.61,0.05,1.0
1.51556,13.87,0.0,2.54,73.23,0.14,9.41,0.81,0.01,1.0
1.51727,14.7,0.0,2.34,73.28,0.0,8.95,0.66,0.0,1.0
1.51531,14.38,0.0,2.66,73.1,0.04,9.08,0.64,0.0,1.0
1.51609,15.01,0.0,2.51,73.05,0.05,8.83,0.53,0.0,1.0
1.51508,15.15,0.0,2.25,73.5,0.0,8.34,0.63,0.0,1.0
1.51653,11.95,0.0,1.19,75.18,2.7,8.93,0.0,0.0,1.0
1.51514,14.85,0.0,2.42,73.72,0.0,8.39,0.56,0.0,1.0
1.51658,14.8,0.0,1.99,73.11,0.0,8.28,1.71,0.0,1.0
1.51617,14.95,0.0,2.27,73.3,0.0,8.71,0.67,0.0,1.0
1.51732,14.95,0.0,1.8,72.99,0.0,8.61,1.55,0.0,1.0
1.51645,14.94,0.0,1.87,73.11,0.0,8.67,1.38,0.0,1.0
1.51831,14.39,0.0,1.82,72.86,1.41,6.47,2.88,0.0,1.0
1.5164,14.37,0.0,2.74,72.85,0.0,9.45,0.54,0.0,1.0
1.51623,14.14,0.0,2.88,72.61,0.08,9.18,1.06,0.0,1.0
1.51685,14.92,0.0,1.99,73.06,0.0,8.4,1.59,0.0,1.0
1.52065,14.36,0.0,2.02,73.42,0.0,8.44,1.64,0.0,1.0
1.51651,14.38,0.0,1.94,73.61,0.0,8.48,1.57,0.0,1.0
1.51711,14.23,0.0,2.08,73.36,0.0,8.62,1.67,0.0,1.0
1.517611425610765,13.885723167704825,3.601069208073794,1.3555449663591919,72.73071280538254,0.4734065502116037,7.84372150361369,0.0,0.0,0.0
1.517676086964234,13.503913124458558,3.6391304463512224,1.1308695536487776,72.85173908512438,0.1917390851243786,8.563478281114639,0.0,0.0,0.0
1.5176238855942539,12.955798739667452,3.5608283913810643,1.2091716086189355,73.1584221337575,0.49842213375749744,8.426449684916863,0.0,0.0,0.0
1.5161855435760916,12.943361376649097,3.50803470465572,1.4519219145246307,73.09672538499021,0.5355028269639848,8.212488496872085,0.0,0.18235835441313633,0.0
1.517566219137875,13.17391976105714,3.6123919761057137,1.0528703713268568,73.21751542460629,0.5479938198274314,8.25722222796114,0.0,0.0,0.0
1.5174608558003255,13.34153665428426,3.607120569305873,1.1364397153470633,73.05202363036868,0.5242222071039949,8.22103074669209,0.0,0.0,0.0
1.5160236364779005,13.210559619280378,3.516293726802666,1.3830768586201916,72.7737760684941,0.5815384293100958,8.283007063323428,0.0,0.04699293667657254,0.0
1.5164429924958063,13.2877132539417,3.5487941093592443,1.2718713535727382,72.80390802918461,0.5623492636699056,8.308856626970849,0.0,0.0,0.0
1.5170136710765338,13.122061065340581,3.5741082588671493,1.3526023596763286,72.87163775482125,0.5663011798381642,8.37410825886715,0.0,0.0693129782198061,0.0
1.5171496052804367,13.091124315486784,3.5806705997452277,1.3544773142129223,72.90163702740675,0.567238657106461,8.380670599745228,0.0,0.0796252281710719,0.0
1.5157466552590757,12.777332584708478,3.4665791490649074,1.5393226743674344,73.15018644279428,0.6596613371837172,8.112557082508253,0.0,0.21744291749174657,0.0
1.5161443130778869,13.44078269471693,3.5410782694716927,1.4507826947169293,72.84725231154708,0.4658347094906101,8.025347589528444,0.0,0.0,0.0
1.51716941185336,13.28139037030181,3.602914444547285,1.258983950503017,73.00216580293763,0.5518983950503017,8.119358271307844,0.0,0.0,0.0
1.5157845514766422,12.83660615577382,3.473381034269127,1.5179453208684583,73.09868645481947,0.6489726604342292,8.135877831779863,0.0,0.19412216822013634,0.0
1.5166664243289099,13.222364293972918,3.5662693698788863,1.3861046674709132,72.71695740964142,0.5637306301211138,8.428129813251001,0.0,0.10474807469959925,0.0
1.516560212791502,13.166576415738481,3.5544680879446786,1.4054158560905257,72.77059960025146,0.5755319120553214,8.390580279823977,0.0,0.11976788807040899,0.0
1.517413521008963,13.16532919673642,3.6031870236727017,1.1062070547002114,73.14802481958147,0.5682967559181754,8.274064881636491,0.0,0.01703244081824591,0.0
1.5158137569726597,12.774498611902198,3.4715285525177726,1.5411350958800085,73.14759748855558,0.6584714474822274,8.126681758011095,0.0,0.2253272967955621,0.0
1.517167073798464,13.19112018388169,3.5917243627192486,1.200774007566197,72.99327889670985,0.5654310906798122,8.331378186403755,0.0,0.04568909320187789,0.0
1.5166242957460951,13.200236149464168,3.561588416232804,1.3937644098008652,72.73823447166907,0.5684115837671955,8.41323586983165,0.0,0.11070565206733964,0.0
1.5161894476753668,12.971831102212956,3.5132719639296637,1.472827695387823,72.95785470941063,0.6167280360703363,8.259501703412566,0.0,0.17219931863497345,0.0
1.5173519766879062,13.055912464591167,3.5930109419261043,1.364659372049264,72.92243910528568,0.567670313975368,8.409318744098528,0.0,0.10767031397536804,0.0
1.5170470645910756,13.203679286980462,3.5861425391197947,1.2468240522616933,72.91792427811723,0.5640356347799487,8.359287304401025,0.0,0.05964365220051315,0.0
1.5171313759785576,13.548125698969772,3.584221186106297,1.3705192092624685,72.7142211861063,0.5220768370498743,8.150835882505291,0.0,0.05259604631234277,0.0
1.5171470749196811,13.258628121653379,3.6010468694222975,1.2930687656175668,72.93595620760946,0.5537906261155405,8.210253166274999,0.0,0.03790626115540492,0.0
1.519146212721175,14.016901787566933,3.5792628230074555,1.3697542743358186,72.08995188939934,0.5601228628320908,8.302825845138088,0.0,0.0,0.0
1.517114160705818,12.673120529363576,3.56886862184415,1.3561085777305188,72.95108577730518,0.57,8.450588489503255,0.0,0.06719435503570648,0.0
1.5167851159722454,12.40277019193503,3.5277479848489905,1.3525826616163301,72.78540220453863,0.5687086691918349,8.500299391412204,0.0,0.0,0.0
1.5161888967442545,13.48124584148558,3.548932390689465,1.5332384743666132,72.98644130229822,0.39640565586320853,7.806690232763369,0.0,0.0,0.0
1.5172997471157335,12.812310336800127,3.582124793980965,1.3577655992476207,72.9676559924762,0.57,8.429047209780933,0.0,0.08542159172382627,0.0
1.5166004896681609,12.287867251120694,3.532177833440066,1.3515222291800084,72.90522229180009,0.57,8.510211020659892,0.0,0.016744520980090955,0.0
1.5184160387986587,13.517728342355737,3.563331755607098,1.3644439185356994,72.30502129930417,0.5627780407321503,8.363894936839458,0.0,0.0,0.0
1.5179147546395861,13.17503226269892,3.5523946466818805,1.3607982155606269,72.45267226979462,0.5646008922196866,8.405820521052792,0.0,0.0,0.0
1.5173826355810294,12.811256324485592,3.54078477631337,1.3569282587711233,72.60940551976951,0.5665358706144383,8.450325024132082,0.0,0.0,0.0
1.5174989686630533,12.96172649729012,3.596354904503821,1.3595443630629778,72.98544363062977,0.57,8.405923280181291,0.0,0.10498799369275381,0.0
1.5165936448633872,12.282733647540493,3.5316889188133804,1.3514611148516726,72.90461114851672,0.57,8.511005506928257,0.0,0.016072263368397784,0.0
1.5172770840214762,13.401911319621881,3.577429425184827,1.3571786781481034,72.77514114963034,0.5053918966670697,8.027492529632765,0.0,0.0,0.0
1.5165899847712407,12.26937140724824,3.5234905768270717,1.351163525609024,72.84287721283454,0.569418237195488,8.516619455496226,0.0,0.0,0.0
1.5175239255731647,13.763806136928205,3.5941644456382984,1.3592705557047875,72.74167110872341,0.48656499865691416,7.881061100664889,0.0,0.0,0.0
1.5162113823188033,12.944021887124869,3.454666145544646,1.6666770891070803,72.81596247921452,0.632663018812522,8.244681779205267,0.0,0.2026630188125219,0.0
1.5168471127253966,13.29399431671617,3.480798863343234,1.6778696977513765,72.5313314389054,0.5753609093254128,8.267070834408143,0.0,0.13509462154433496,0.0
1.516412920853289,13.03407101955466,3.452522118582032,1.7095576283593614,72.6615925379063,0.6176548300742235,8.306858561121075,0.0,0.1876548300742235,0.0
1.5163248818939978,13.409778853916748,3.5191740651068586,1.6078170567649108,72.83278773204498,0.4547344632755965,7.964955609358848,0.0,0.05240408931834008,0.0
1.5173597581890597,13.694498585202965,3.560899717040593,1.4642674212250855,72.66483286173433,0.5112802263675256,7.973367704184493,0.0,0.04431365402066134,0.0
1.5173433720879304,13.681696943695595,3.5583393887391193,1.4710949633623494,72.66056564789854,0.5133284890087048,7.982755574623231,0.0,0.04721535942899842,0.0
1.5171004366066398,13.144949852820218,3.5291976451234905,1.40856044976451,72.85618881433658,0.5851504415393455,8.310702060516945,0.0,0.08585250205629111,0.0
1.5165108370127343,13.077820792923795,3.4514804573113382,1.7303908537732353,72.58659292641636,0.6103632011793676,8.337066737971192,0.0,0.18036320117936766,0.0
1.51648892531011,13.068030457708689,3.4517135605307456,1.72572878938509,72.60337635821368,0.6119949237152186,8.33030674460838,0.0,0.18199492371521858,0.0
1.5166427714489508,13.145998159381383,3.45153798958497,1.7566164229130665,72.48784374688336,0.5967702218715634,8.370772062490182,0.0,0.16738541770555132,0.0
1.5174524637463584,13.148818282927017,3.59109252683226,1.1339019121818457,73.15018950245323,0.5735451512189512,8.256544039021772,0.0,0.020089190240723614,0.0
1.5165752086930142,13.202060871754185,3.4659130440395347,1.7249913031130242,72.56115652460163,0.5665826075169775,8.284521735762794,0.0,0.14294782513279136,0.0
1.516391356935623,13.354618712993565,3.5050304392291194,1.6389330336959378,72.7606552400685,0.48443607761884966,8.049817364625286,0.0,0.07644825331049733,0.0
1.5162950797523784,13.43450829057967,3.5255149463024793,1.5938671181345452,72.86512622614264,0.4414186127647932,7.926910322185124,0.0,0.041624591285784995,0.0
1.520697223277891,14.099352502828735,3.848616336275185,0.8964965059968196,71.75842960285128,0.08160934826882413,9.32224745078075,0.0,0.025691831862407595,0.0
1.5200707779995855,13.746611055195354,3.819585696765202,0.9453770437716666,72.06290012264358,0.213272717274899,9.213794349758738,0.0,0.0,0.0
1.5189147756586103,13.19388690382531,3.742069504804769,1.0565959278888095,72.60551346636662,0.4188591394308298,8.947543081720728,0.0,0.0,0.0
1.5205945307066973,14.041322777899765,3.8335603973800763,0.9038217806888039,71.8211247459963,0.10704158199876568,9.28699010310579,0.0,0.0,0.0
1.5211077744910388,14.257506796020321,3.885446788114321,0.8488335683226432,71.5731940950721,0.02311392475960761,9.442488043549696,0.0,0.007276605942839433,0.0
1.5186917714035046,13.243377069595347,3.730006905725581,1.1416540061697682,72.56953988480988,0.42498273568604766,8.831276759686627,0.0,0.0,0.0
1.5187426016131524,13.643521621364249,3.67920497363972,1.0977726915433184,72.33620244025808,0.32414588976296443,8.813521621364249,0.0,0.11274639643929199,0.0
1.5177093928724739,12.948367702852732,3.5805787801163897,1.2433686374964368,73.10650084117933,0.5073160551092631,8.447183664497626,0.0,0.15971060994180508,0.0
1.520686370876979,14.09517189456191,3.847642769966472,0.8977564153375067,71.76332606869803,0.08315560064148554,9.319069043125836,0.0,0.026178615016763964,0.0
1.520596555283573,14.13974713909762,3.8411674690110287,0.9013500907738589,71.722812564171,0.08637116251572396,9.30974713909762,0.0,0.030042143483730077,0.0
1.5176549960822083,12.810437924438641,3.661648093332417,1.2669784955572356,72.99963074611688,0.5958797666689577,8.566386361663117,0.0,0.0,0.0
1.5207693133353912,14.080604626834281,3.8664262586413933,0.8781710202101749,71.73501618951025,0.08904340099456586,9.374681497072611,0.0,0.0,0.0
1.5210472255379286,14.234181869492328,3.8800149559091723,0.8558629982351889,71.60051301586857,0.03174095237955005,9.424754708997591,0.0,0.009992522045413904,0.0
1.520241515178904,13.828246324607113,3.8310345455241683,0.928950434682715,71.98275818133082,0.18290837926198836,9.253118656365622,0.0,0.0,0.0
1.5184982354103802,13.64,3.8347570635774417,0.7489769983450582,72.7316623600423,0.06,8.890409200661976,0.0,0.0,0.0
1.5199204962879294,13.64,4.205781640329411,0.9477401644621845,72.19279333190252,0.06,8.810903934215126,0.0,0.0,0.0
1.5203081566985843,13.64,4.306910443108956,1.0019163088083696,72.04591578500842,0.06,8.789233476476651,0.0,0.0,0.0
1.5177794494960766,13.611865322871205,3.6478019783493125,0.6812119074397581,72.99956039566986,0.08241982083700931,8.906700970502715,0.0,0.004835647631511813,0.0
1.517769678243022,13.596705822090266,3.6464657813951233,0.6853421860487635,73.02120531162926,0.10506128721217345,8.869034729065882,0.0,0.0,0.0
1.517608106471507,13.25248770016724,3.618366342870795,0.9663365712920489,73.18980194277522,0.46332912839736223,8.384319414521215,0.0,0.0,0.0
1.517605914769497,13.14910605199204,3.611648910311878,1.194585473571331,72.99232978206237,0.4511811148188433,8.523478449305909,0.0,0.08437239731386817,0.0
1.5177189396579704,13.312332867308879,3.606574235426478,0.8789722132058438,73.09474712270587,0.2652854325293773,8.716818973911801,0.0,0.0,0.0
1.5202855981313832,13.607542075133264,4.329185735887532,1.1177043226545837,71.9142577801306,0.13819409172441094,8.686559510487742,0.0,0.0,0.0
1.5158708131282386,13.008638948120776,3.435259518732505,1.4198039394841944,72.98970590922629,0.6370126916433398,8.184838511525397,0.0,0.14103807493001946,0.0
1.5186525627998557,13.534371449280705,3.9666585441634936,1.1576155731196154,72.21691809615709,0.31446878127830125,8.543544196321378,0.0,0.0,0.0
1.5161536944677636,13.493829893174853,3.500677127056618,1.434777871054119,72.89135425411324,0.45576383059117553,7.957562342596174,0.0,0.0,0.0
1.519228018798073,13.560155628426891,4.094407431751416,1.1435514754035139,72.11026535514331,0.2523523496988525,8.593940546470742,0.0,0.0,0.0
1.517779110947095,13.495235113719124,3.7727557906992977,1.178962665244114,72.37880021143454,0.408751771494837,8.467050449541924,0.0,0.0,0.0
1.517079405608308,13.724848103248148,3.5297225971268715,1.31080581798881,72.71594451942538,0.5186525715802207,8.002179637039166,0.0,0.0,0.0
1.5167908970788622,13.63504743514256,3.4915095468691746,1.2840566828084221,72.70830190937383,0.539669749221954,8.095801610170522,0.0,0.0,0.0
1.5161127749781242,13.437565594920912,3.4239530839830623,1.2710999124971996,72.73790616796612,0.5580625546892501,8.233768897660976,0.0,0.0,0.0
1.5161655122475524,13.510079340384463,3.5228354641606323,1.482048990209349,72.93567092832126,0.42621938111915686,7.877792329021724,0.0,0.0,0.0
1.5160315693160842,13.29717569553556,3.4105277975255235,1.2796575193113002,72.77948627896694,0.6040370633673647,8.279643442818827,0.0,0.042111190102094326,0.0
1.5168879100401875,12.9059214119399,3.5779438173758256,1.325764066785339,72.63604497990622,0.5949213274227192,8.720775184986119,0.0,0.0,0.0
1.5157615556133428,12.725868118591876,3.4650298159358934,1.5495212168002217,73.17527007164853,0.6674850920320532,8.119340592959379,0.0,0.22994036812821267,0.0
1.5170158428001397,12.976594155438804,3.582263964183278,1.3156599104581945,72.62358378509967,0.5952842328086945,8.681329719202667,0.0,0.0,0.0
1.517162256531432,13.201677951305907,3.586634523326328,1.3265863083158207,72.64980713995797,0.5668755983788661,8.471542880336242,0.0,0.0,0.0
1.5170101786945753,12.876106585640256,3.582300940805751,1.3157523520143775,72.65371787530927,0.605398118388498,8.745131654287855,0.0,0.0126551744316304,0.0
1.5157593243379976,12.725614152292426,3.464812130536365,1.5499747280492393,73.17634035819621,0.6675939347318175,8.11807076146213,0.0,0.23037573892726965,0.0
1.5171102934900487,13.121794469776251,3.5850833877626456,1.3227084694066142,72.64050032657588,0.5769579795428031,8.545997387393008,0.0,0.0,0.0
1.5169896400935703,12.871392808360385,3.5816275440514835,1.314068860128709,72.64092333697819,0.6067449118970328,8.75826289099607,0.0,0.008951492283159753,0.0
1.516956179292158,12.873819812051732,3.5813482743465106,1.3076405198936067,72.6258422235715,0.6079775884802342,8.76573106176281,0.0,0.0,0.0
1.5163241273506294,13.402940361945179,3.5556892375248426,1.496382512309539,72.91793632468531,0.43172107518218017,7.971537663336372,0.0,0.0,0.0
1.5175474930159427,13.793907173762731,3.598134119878888,1.35533529969722,72.71880471927334,0.49212822078722807,7.919562245813377,0.0,0.0,0.0
1.517333820594778,13.465425690479597,3.5917558386500894,1.3393895966252232,72.68053503190053,0.5335870487744199,8.225719744795715,0.0,0.0,0.0
1.5159561362726521,12.748015510708383,3.4840132948928995,1.5099723023064593,73.08193463344324,0.6579933525535503,8.230077553541914,0.0,0.1919734102142009,0.0
1.517318322733827,12.946828168419318,3.5924040240599027,1.3410100601497563,72.84567645713814,0.585191951880195,8.548121530831901,0.0,0.06822213232946354,0.0
1.5167900729424568,13.161350346491478,3.421843062368466,1.2733485381140626,72.89714417776293,0.5248540138596591,8.546021902982385,0.0,0.0,0.0
1.5168747968003942,13.192498823674335,3.4274497882613804,1.276774870604177,72.86817609398287,0.5260999529469734,8.537300329371186,0.0,0.0,0.0
1.516284493387114,12.965117178501973,3.41404052903088,1.3302026451543993,73.05446167526446,0.5551013225771997,8.465335679581148,0.0,0.0561621161235195,0.0
1.5167919826340657,13.073198263406582,3.46337850286711,1.19662149713289,73.07941455075922,0.5350901197302643,8.477387185834203,0.0,0.0,0.0
1.5186184864111334,13.83356118056379,3.542841012501482,1.347291729862017,72.27198810207568,0.5517424472225516,8.35780286944214,0.0,0.0,0.0
1.5174245160481774,13.136451604817736,3.58413488192477,1.0758651180752303,73.21167153734618,0.5638416385535165,8.281876857836087,0.0,0.0,0.0
1.5162958272722324,13.327302273593167,3.4879496755897454,1.424172727767525,72.99827337658803,0.4437769478222206,8.110935063521357,0.0,0.0,0.0
1.5166769695969176,13.200368832504264,3.4377338429421798,1.27886692147109,72.95717261988095,0.5124532314115641,8.438498088966826,0.0,0.0,0.0
1.5162921967550154,13.333655678723039,3.4898945955274607,1.4278032449845939,72.99801405392967,0.4420913505428672,8.100562157186875,0.0,0.0,0.0
1.516829371541498,13.313013748063744,3.464238528956175,1.2921192644780874,72.92006605946136,0.5071522942087651,8.339105516414344,0.0,0.0,0.0
1.5162662370001223,13.379085249786058,3.503801607077365,1.4537629998777486,72.99615978572301,0.43003860719961673,8.026391428920718,0.0,0.0,0.0
1.5163090677403712,13.304131454350266,3.4808565676582446,1.4109322596287235,72.99921912431223,0.44992430802952127,8.148764972489362,0.0,0.0,0.0
1.5174049578623579,13.738447115655807,3.5643404978013664,1.3421702489006833,72.77992330307809,0.4871319004397267,7.9637231332448755,0.0,0.0,0.0
1.5166178584792636,13.055785847926371,3.4301366187685267,1.2298633812314732,73.04300677293696,0.5271753854210778,8.53120737913667,0.0,0.0,0.0
1.5165730809603728,13.42045175564046,3.394572643092701,1.28174195927341,72.64195970418258,0.519129020363295,8.63214491744755,0.0,0.0,0.0
1.51687382214175,13.426699348117152,3.469866447516811,1.2669309449517947,72.57755895921413,0.48660130376569743,8.657260586137893,0.0,0.0,0.0
1.516831178649506,13.33761737735491,3.4512468345458456,1.2159692184293436,72.80703682148867,0.5339197351240558,8.535858171982744,0.0,0.0,0.0
1.5172818023740917,13.109961026622353,3.543678498559283,1.338544189927346,72.89613083093214,0.5565901187045912,8.467049406477043,0.0,0.08049826115010068,0.0
1.5168729220065482,13.426652928588805,3.4696444410768885,1.2669672732783275,72.57773252788535,0.48669414282239215,8.657240403734264,0.0,0.0,0.0
1.5167206698501186,13.340025361451415,3.425840668524885,1.29365358800948,72.69973444754147,0.528533492505925,8.607332537470375,0.0,0.01877368351303484,0.0
1.5175145882829955,13.161690144971486,3.600108338870281,1.0603412820901608,73.21302274237348,0.5677518951977911,8.258434459378112,0.0,0.0,0.0
1.5167186566453144,13.486372820519664,3.4234131089773525,1.2927288034199438,72.65431990384744,0.5136355982900281,8.519529764945576,0.0,0.0,0.0
1.5167596973658464,13.324024080003012,3.434036446827726,1.296775789267705,72.7133940780462,0.5304848682923157,8.597575658538423,0.0,0.02306671024309435,0.0
1.5168976132501601,13.26747856743431,3.462998782533646,1.3078090600128176,72.76166463755608,0.5373806625080109,8.563096687459947,0.0,0.03823745751762402,0.0
1.517292630814495,13.218827711120136,3.5517611675137304,1.1108860521447363,73.08116682049199,0.556763901707666,8.348536005997138,0.0,0.0,0.0
1.519943055807231,13.600646690228315,3.682575632664122,0.8087538125832752,72.30029696653192,0.27540660294482977,9.206569532530882,0.0,0.0,0.0
1.5161747228207794,12.941547226296311,3.4476613779806806,1.3561141516843698,73.20025620245087,0.6589587902157737,8.135630923542694,0.0,0.22715536146859602,0.0
1.5188118923436686,13.069333728175877,3.695955581878392,0.9927306945614751,72.72931813245026,0.46580232289782336,8.973975586494134,0.0,0.0,0.0
1.5207854310633577,13.94800652810876,3.7420288280786322,0.6428991017247861,71.93601577186112,0.162790317519017,9.483766659727351,0.0,0.0,0.0
1.520198842383569,13.687329918876179,3.6982070345514417,0.7625701251889212,72.19727181772913,0.24201224436737379,9.296094834249168,0.0,0.0,0.0
1.5185482619974167,13.127966565791267,3.597338233175474,1.060591583799735,72.8620889177071,0.4575046836705776,8.718391699095898,0.0,0.0,0.0
1.5189648924329593,13.544685394342721,3.6207358088113897,0.9260504144686681,72.41879892385161,0.35476736633149697,8.974779679085525,0.0,0.10128304813717115,0.0
1.520722085313542,13.834544561804664,3.746969637453644,0.6639734475209585,71.98111198401322,0.18239090303530914,9.512457284232912,0.0,0.0,0.0
1.5165086474444105,13.013730180652678,3.4683747474916378,1.3046445668389608,73.10673220071958,0.6225534741056064,8.236059381777638,0.0,0.21209109273335439,0.0
1.5165891041982023,12.938588420146818,3.6279744056629215,1.4953774540704097,72.82860134211835,0.5764904333243435,8.259330406316108,0.0,0.22884436351760246,0.0
1.51937534396737,13.596671718007398,3.707581256210572,0.943436623606698,72.20236078447684,0.2952128947226442,9.097855898751362,0.0,0.09085915590167452,0.0
1.5184666685936596,13.436986632088107,3.589830946599196,1.0028443145110888,72.55833905929454,0.4090850029468677,8.824937922905193,0.0,0.12375931156422114,0.0
1.5165024105105995,13.012381971276247,3.4679878700184013,1.3056058987421548,73.10847901112903,0.6232334405737192,8.23418361221043,0.0,0.21237245816843556,0.0
1.5178943219898224,13.389670648828151,3.619653840839047,1.0712115570633363,72.93031254318275,0.5222668425353002,8.351798027761182,0.0,0.0,0.0
1.5176159150508244,13.875803878021276,3.592507602289007,1.3663093875460994,72.70279076620746,0.48394336721631204,7.867856325276596,0.0,0.0,0.0
1.517672433555905,13.46303742510382,3.4640851566469144,1.4478864578041146,72.30785029958473,0.5722735490504408,8.60456517721058,0.0,0.0,0.0
1.5177490076406472,13.556381662446862,3.4239236551802885,1.5082748166902833,72.09056485302315,0.572671760431427,8.7196489001417,0.0,0.0,0.0
1.5176681225446722,12.879790316141204,3.537214938146286,1.3715825721626662,72.92343707046032,0.58,8.585042599653205,0.0,0.0,0.0
1.5175280206360093,12.974906521879719,3.53427465928066,1.3128755678655668,73.00934234238915,0.5468600908584907,8.45031593129953,0.0,0.14084461385141459,0.0
1.5174563755677148,13.297816610605524,3.597532737587845,1.2699563498828732,72.9687335575779,0.5532096089160221,8.147030613984532,0.0,0.0,0.0
1.5176620614101624,13.765052615610024,3.534055547127513,1.4155321708399893,72.49051751325256,0.5147076067749933,8.163193025039936,0.0,0.0,0.0
1.516159413540027,12.8975731548399,3.449038694145685,1.5512309553165482,72.9456977041799,0.6502696494622334,8.243458281960407,0.0,0.18738573189928898,0.0
1.5172217831646637,13.278891575889602,3.384963854335045,1.5479759071848522,72.41787949727086,0.6127951788600771,8.538963867219513,0.0,0.14349397357509636,0.0
1.5176581635650448,13.37144003696352,3.505328653867325,1.412007019199012,72.57721025157211,0.5588208727794365,8.396372292839152,0.0,0.0396939275074643,0.0
1.5171563963124117,13.259307108065357,3.387175003928105,1.5407107013790837,72.46020721805229,0.6165857210196084,8.514957100209147,0.0,0.1482321512745105,0.0
1.5178921435498018,13.471098178619272,3.3926716241695196,1.5809925637457207,72.08325250597404,0.5674867981408062,8.71701153120983,0.0,0.07869059163362786,0.0
1.5177423603187625,13.424551577171007,3.3696728747216658,1.623228987694834,72.06187822149299,0.5796728747216656,8.740355302004007,0.0,0.1045093120824985,0.0
1.5177204962773991,13.416972042831716,3.3706446098933696,1.622548773074641,72.07412208465645,0.5806446098933696,8.733358808767738,0.0,0.10596691484005455,0.0
1.517679430618248,12.743312879516862,3.5555483569787882,1.3579327207251641,73.08778383444071,0.5785021024773386,8.546434823202503,0.0,0.01348107770395239,0.0
1.5175094938665326,13.308117757967576,3.5769103605583914,1.3046344591624126,72.89106850398679,0.5533145876493545,8.192639743026117,0.0,0.01491564442209524,0.0
1.515924918688205,12.770230038239479,3.45011868100207,1.558353113500345,73.11271501551829,0.6609421242518976,8.164109892484475,0.0,0.22023736200414,0.0
1.5186323036469032,13.587832080582821,3.4271545061125033,1.4782655581703104,72.11821137347188,0.56,8.739430794926554,0.0,0.0,0.0
1.516876888005516,12.992720951480752,3.4063499767578844,1.5510583294596474,72.72609146136132,0.620820812028061,8.492375174315864,0.0,0.1326999535157694,0.0
1.517748660957463,13.291910730497548,3.5177499243447734,1.349553652487743,72.73673188887173,0.5536517884162582,8.405964534295745,0.0,0.0,0.0
1.5176920762606019,12.978661717241504,3.504456217461423,1.3381673694791627,72.93985523947146,0.5450494347762344,8.534007760675147,0.0,0.12707980440200867,0.0
1.5170967837092548,13.044114200247314,3.3962398294595446,1.549373304909924,72.63678516022598,0.6115531770045827,8.568201279053415,0.0,0.11247965891908938,0.0
1.5177954814692731,13.036519393521905,3.47737390090464,1.3714047579806692,72.80813669985439,0.5475114635541237,8.609099638400771,0.0,0.10615255978994909,0.0
1.5188956949535237,13.805283043025424,3.5006590567973266,1.4261998347685605,72.09983523580067,0.56,8.528105211707686,0.0,0.0,0.0
1.5191860752633868,13.612599785105516,3.5448353320402033,0.7814296582613214,72.68545910162817,0.193847324281423,8.831976015517562,0.13791166989949177,0.22065867183918686,0.0
1.517550596129587,13.321467373853185,3.5962116399082618,1.115375659403701,73.0622186926606,0.5534814793578318,8.21546032110086,0.009470900229345769,0.015153440366953208,0.0
1.5189598104922877,13.535341090573601,3.5549512727752,0.8140768833222857,72.77601787053383,0.2475717405404571,8.751166752801716,0.11796155833885716,0.18873849334217144,0.0
1.5180716426300416,13.414219106918411,3.579843687014398,1.0089839655935888,72.94218703810559,0.4389058091007879,8.411875755827221,0.0503907824640043,0.08062525194240688,0.0
1.51751521932637,13.315169932442807,3.5973229530983284,1.1225991951391336,73.07036832272108,0.5612606716882977,8.20212456282006,0.006692617254179356,0.010708187606686959,0.0
1.5182161135445498,13.439936442485287,3.575305333679067,0.9794846689139359,72.90890578031316,0.40713733575346944,8.466335995851196,0.06173666580233232,0.09877866528373172,0.0
1.5210376112556443,13.881948805617009,3.7290441633351445,0.9933822781788544,71.78849226286356,0.3018014062095691,8.963970746066863,0.0,0.32367651212285864,0.0
1.5206327115457963,13.878866901124274,3.6968728361782413,1.0263780293504623,71.81601187010793,0.33925284388002586,8.88111826124081,0.0,0.3391241962947753,0.0
1.5199854282199323,13.579701842874698,3.679048425137168,1.0751934861391792,72.20891097043744,0.3722499463976266,8.7912581959284,0.0,0.27822584103378933,0.0
1.5177247144848551,13.191723622568638,3.6587807255976204,1.4162687342687619,72.50801783404606,0.5223523676763272,8.377031625820317,0.0,0.29156399891610735,0.0
1.521121314094836,13.981771939587668,3.7243665487447966,0.9878868317572843,71.66518921831425,0.30311825022112404,8.96674153751951,0.0,0.34933614667663887,0.0
1.5181503447403255,12.961446247556339,3.673937805544432,1.228186583366704,72.81835517376406,0.5570250995713347,8.627366060131422,0.0,0.04297490042866531,0.0
1.5188561128426772,13.449277720284215,3.6900551517487976,1.2856520132844336,72.21183062167316,0.446925810488194,8.573876543360079,0.0,0.3118003923080455,0.0
1.520664302746714,13.860898186243801,3.740037636901033,1.076901634119215,71.73846708581962,0.32637981688574386,8.88847218520062,0.0,0.34414200034772724,0.0
1.517733923677868,13.19382002423009,3.659035288656511,1.4152055591404538,72.5056069721354,0.5217384214754732,8.37863387566157,0.0,0.2917287161895072,0.0
1.51869085240204,13.129148401525779,3.688415689340355,1.1847529319789352,72.61928427157012,0.512384957867239,8.697342498478383,0.0,0.087615042132761,0.0
1.519489982711239,13.4373816427533,3.6555067378990422,1.1137162470742945,72.40687515857623,0.4054223238695314,8.709932367287601,0.0,0.2568243071809475,0.0
