0.74,0.49,0.48,0.5,0.42,0.54,0.36,1.0
0.7,0.61,0.48,0.5,0.56,0.52,0.43,1.0
0.66,0.86,0.48,0.5,0.34,0.41,0.36,1.0
0.73,0.78,0.48,0.5,0.58,0.51,0.31,1.0
0.65,0.57,0.48,0.5,0.47,0.47,0.51,1.0
0.72,0.86,0.48,0.5,0.17,0.55,0.21,1.0
0.67,0.7,0.48,0.5,0.46,0.45,0.33,1.0
0.67,0.81,0.48,0.5,0.54,0.49,0.23,1.0
0.67,0.61,0.48,0.5,0.51,0.37,0.38,1.0
0.63,1.0,0.48,0.5,0.35,0.51,0.49,1.0
0.57,0.59,0.48,0.5,0.39,0.47,0.33,1.0
0.71,0.71,0.48,0.5,0.4,0.54,0.39,1.0
0.66,0.74,0.48,0.5,0.31,0.38,0.43,1.0
0.67,0.81,0.48,0.5,0.25,0.42,0.25,1.0
0.64,0.72,0.48,0.5,0.49,0.42,0.19,1.0
0.68,0.82,0.48,0.5,0.38,0.65,0.56,1.0
0.32,0.39,0.48,0.5,0.53,0.28,0.38,1.0
0.7,0.64,0.48,0.5,0.47,0.51,0.47,1.0
0.63,0.57,0.48,0.5,0.49,0.7,0.2,1.0
0.74,0.82,0.48,0.5,0.49,0.49,0.41,1.0
0.63,0.86,0.48,0.5,0.39,0.47,0.34,1.0
0.63,0.83,0.48,0.5,0.4,0.39,0.19,1.0
0.63,0.71,0.48,0.5,0.6,0.4,0.39,1.0
0.71,0.86,0.48,0.5,0.4,0.54,0.32,1.0
0.68,0.78,0.48,0.5,0.43,0.44,0.42,1.0
0.64,0.84,0.48,0.5,0.37,0.45,0.4,1.0
0.74,0.47,0.48,0.5,0.5,0.57,0.42,1.0
0.75,0.84,0.48,0.5,0.35,0.52,0.33,1.0
0.63,0.65,0.48,0.5,0.39,0.44,0.35,1.0
0.69,0.67,0.48,0.5,0.3,0.39,0.24,1.0
0.7,0.71,0.48,0.5,0.42,0.84,0.85,1.0
0.69,0.8,0.48,0.5,0.46,0.57,0.26,1.0
0.64,0.66,0.48,0.5,0.41,0.39,0.2,1.0
0.63,0.8,0.48,0.5,0.46,0.31,0.29,1.0
0.66,0.71,0.48,0.5,0.41,0.5,0.35,1.0
0.69,0.59,0.48,0.5,0.46,0.44,0.52,1.0
0.68,0.67,0.48,0.5,0.49,0.4,0.34,1.0
0.64,0.78,0.48,0.5,0.5,0.36,0.38,1.0
0.62,0.78,0.48,0.5,0.47,0.49,0.54,1.0
0.76,0.73,0.48,0.5,0.44,0.39,0.39,1.0
0.64,0.81,0.48,0.5,0.37,0.39,0.44,1.0
0.29,0.39,0.48,0.5,0.52,0.4,0.48,1.0
0.62,0.83,0.48,0.5,0.46,0.36,0.4,1.0
0.56,0.54,0.48,0.5,0.43,0.37,0.3,1.0
0.69,0.66,0.48,0.5,0.41,0.5,0.25,1.0
0.69,0.65,0.48,0.5,0.63,0.48,0.41,1.0
0.43,0.59,0.48,0.5,0.52,0.49,0.56,1.0
0.74,0.56,0.48,0.5,0.47,0.68,0.3,1.0
0.71,0.57,0.48,0.5,0.48,0.35,0.32,1.0
0.61,0.6,0.48,0.5,0.44,0.39,0.38,1.0
0.59,0.61,0.48,0.5,0.42,0.42,0.37,1.0
0.74,0.74,0.48,0.5,0.31,0.53,0.52,1.0
0.77,0.57,1.0,0.5,0.37,0.54,0.01,1.0
0.66,0.49,1.0,0.5,0.54,0.56,0.36,1.0
0.71,0.46,1.0,0.5,0.52,0.59,0.3,1.0
0.67,0.55,1.0,0.5,0.66,0.58,0.16,1.0
0.68,0.49,1.0,0.5,0.62,0.55,0.28,1.0
0.78,0.68,0.48,0.5,0.83,0.4,0.29,1.0
0.63,0.69,0.48,0.5,0.65,0.41,0.28,1.0
0.67,0.88,0.48,0.5,0.73,0.5,0.25,1.0
0.61,0.75,0.48,0.5,0.51,0.33,0.33,1.0
0.67,0.84,0.48,0.5,0.74,0.54,0.37,1.0
0.74,0.9,0.48,0.5,0.57,0.53,0.29,1.0
0.73,0.84,0.48,0.5,0.86,0.58,0.29,1.0
0.75,0.76,0.48,0.5,0.83,0.57,0.3,1.0
0.77,0.57,0.48,0.5,0.88,0.53,0.2,1.0
0.74,0.78,0.48,0.5,0.75,0.54,0.15,1.0
0.68,0.76,0.48,0.5,0.84,0.45,0.27,1.0
0.56,0.68,0.48,0.5,0.77,0.36,0.45,1.0
0.65,0.51,0.48,0.5,0.66,0.54,0.33,1.0
0.52,0.81,0.48,0.5,0.72,0.38,0.38,1.0
0.64,0.57,0.48,0.5,0.7,0.33,0.26,1.0
0.6,0.76,1.0,0.5,0.77,0.59,0.52,1.0
0.69,0.59,0.48,0.5,0.77,0.39,0.21,1.0
0.63,0.49,0.48,0.5,0.79,0.45,0.28,1.0
0.71,0.71,0.48,0.5,0.68,0.43,0.36,1.0
0.68,0.63,0.48,0.5,0.73,0.4,0.3,1.0
0.72,0.42,0.48,0.5,0.65,0.77,0.79,1.0
0.79,0.41,0.48,0.5,0.66,0.81,0.83,1.0
0.83,0.48,0.48,0.5,0.65,0.76,0.79,1.0
0.69,0.43,0.48,0.5,0.59,0.74,0.77,1.0
0.79,0.36,0.48,0.5,0.46,0.82,0.7,1.0
0.78,0.33,0.48,0.5,0.57,0.77,0.79,1.0
0.75,0.37,0.48,0.5,0.64,0.7,0.74,1.0
0.59,0.29,0.48,0.5,0.64,0.75,0.77,1.0
0.67,0.37,0.48,0.5,0.54,0.64,0.68,1.0
0.66,0.48,0.48,0.5,0.54,0.7,0.74,1.0
0.64,0.46,0.48,0.5,0.48,0.73,0.76,1.0
0.76,0.71,0.48,0.5,0.5,0.71,0.75,1.0
0.84,0.49,0.48,0.5,0.55,0.78,0.74,1.0
0.77,0.55,0.48,0.5,0.51,0.78,0.74,1.0
0.81,0.44,0.48,0.5,0.42,0.67,0.68,1.0
0.58,0.6,0.48,0.5,0.59,0.73,0.76,1.0
0.63,0.42,0.48,0.5,0.48,0.77,0.8,1.0
0.62,0.42,0.48,0.5,0.58,0.79,0.81,1.0
0.86,0.39,0.48,0.5,0.59,0.89,0.9,1.0
0.81,0.53,0.48,0.5,0.57,0.87,0.88,1.0
0.87,0.49,0.48,0.5,0.61,0.76,0.79,1.0
0.47,0.46,0.48,0.5,0.62,0.74,0.77,1.0
0.76,0.41,0.48,0.5,0.5,0.59,0.62,1.0
0.7,0.53,0.48,0.5,0.7,0.86,0.87,1.0
0.64,0.45,0.48,0.5,0.67,0.61,0.66,1.0
0.81,0.52,0.48,0.5,0.57,0.78,0.8,1.0
0.73,0.26,0.48,0.5,0.57,0.75,0.78,1.0
0.49,0.61,1.0,0.5,0.56,0.71,0.74,1.0
0.84,0.54,0.48,0.5,0.75,0.92,0.7,1.0
0.63,0.51,0.48,0.5,0.64,0.72,0.76,1.0
0.86,0.55,0.48,0.5,0.63,0.81,0.83,1.0
0.79,0.54,0.48,0.5,0.5,0.66,0.68,1.0
0.57,0.38,0.48,0.5,0.06,0.49,0.33,1.0
0.78,0.44,0.48,0.5,0.45,0.73,0.68,1.0
0.85,0.53,0.48,0.5,0.53,0.52,0.35,1.0
0.63,0.49,0.48,0.5,0.54,0.76,0.79,1.0
0.75,0.55,1.0,1.0,0.4,0.47,0.3,1.0
0.7,0.39,1.0,0.5,0.51,0.82,0.84,1.0
0.06,0.61,0.48,0.5,0.49,0.92,0.37,0.0
0.44,0.52,0.48,0.5,0.43,0.47,0.54,0.0
0.63,0.47,0.48,0.5,0.51,0.82,0.84,0.0
0.23,0.48,0.48,0.5,0.59,0.88,0.89,0.0
0.34,0.49,0.48,0.5,0.58,0.85,0.8,0.0
0.43,0.4,0.48,0.5,0.58,0.75,0.78,0.0
0.46,0.61,0.48,0.5,0.48,0.86,0.87,0.0
0.27,0.35,0.48,0.5,0.51,0.77,0.79,0.0
0.52,0.39,0.48,0.5,0.65,0.71,0.73,0.0
0.29,0.47,0.48,0.5,0.71,0.65,0.69,0.0
0.55,0.47,0.48,0.5,0.57,0.78,0.8,0.0
0.12,0.67,0.48,0.5,0.74,0.58,0.63,0.0
0.4,0.5,0.48,0.5,0.65,0.82,0.84,0.0
0.73,0.36,0.48,0.5,0.53,0.91,0.92,0.0
0.48,0.45,0.48,0.5,0.6,0.78,0.8,0.0
0.54,0.49,0.48,0.5,0.4,0.87,0.88,0.0
0.48,0.41,0.48,0.5,0.51,0.9,0.88,0.0
0.5,0.66,0.48,0.5,0.31,0.92,0.92,0.0
0.72,0.46,0.48,0.5,0.51,0.66,0.7,0.0
0.47,0.55,0.48,0.5,0.58,0.71,0.75,0.0
0.33,0.56,0.48,0.5,0.33,0.78,0.8,0.0
0.64,0.58,0.48,0.5,0.48,0.78,0.73,0.0
0.54,0.57,0.48,0.5,0.56,0.81,0.83,0.0
0.47,0.59,0.48,0.5,0.52,0.76,0.79,0.0
0.63,0.5,0.48,0.5,0.59,0.85,0.86,0.0
0.49,0.42,0.48,0.5,0.53,0.79,0.81,0.0
0.31,0.5,0.48,0.5,0.57,0.84,0.85,0.0
0.74,0.44,0.48,0.5,0.55,0.88,0.89,0.0
0.33,0.45,0.48,0.5,0.45,0.88,0.89,0.0
0.45,0.4,0.48,0.5,0.61,0.74,0.77,0.0
0.71,0.4,0.48,0.5,0.71,0.7,0.74,0.0
0.5,0.37,0.48,0.5,0.66,0.64,0.69,0.0
0.66,0.53,0.48,0.5,0.59,0.66,0.66,0.0
0.6,0.61,0.48,0.5,0.54,0.67,0.71,0.0
0.83,0.37,0.48,0.5,0.61,0.71,0.74,0.0
0.34,0.51,0.48,0.5,0.67,0.9,0.9,0.0
0.63,0.54,0.48,0.5,0.65,0.79,0.81,0.0
0.7,0.4,0.48,0.5,0.56,0.86,0.83,0.0
0.6,0.5,1.0,0.5,0.54,0.77,0.8,0.0
0.16,0.51,0.48,0.5,0.33,0.39,0.48,0.0
0.74,0.7,0.48,0.5,0.66,0.65,0.69,0.0
0.2,0.46,0.48,0.5,0.57,0.78,0.81,0.0
0.89,0.55,0.48,0.5,0.51,0.72,0.76,0.0
0.7,0.46,0.48,0.5,0.56,0.78,0.73,0.0
0.12,0.43,0.48,0.5,0.63,0.7,0.74,0.0
0.61,0.52,0.48,0.5,0.54,0.67,0.52,0.0
0.33,0.37,0.48,0.5,0.46,0.65,0.69,0.0
0.63,0.65,0.48,0.5,0.66,0.67,0.71,0.0
0.41,0.51,0.48,0.5,0.53,0.75,0.78,0.0
0.34,0.67,0.48,0.5,0.52,0.76,0.79,0.0
0.58,0.34,0.48,0.5,0.56,0.87,0.81,0.0
0.59,0.56,0.48,0.5,0.55,0.8,0.82,0.0
0.51,0.4,0.48,0.5,0.57,0.62,0.67,0.0
0.5,0.57,0.48,0.5,0.71,0.61,0.66,0.0
0.6,0.46,0.48,0.5,0.45,0.81,0.83,0.0
0.37,0.47,0.48,0.5,0.39,0.76,0.79,0.0
0.58,0.55,0.48,0.5,0.57,0.7,0.74,0.0
0.36,0.47,0.48,0.5,0.51,0.69,0.72,0.0
0.39,0.41,0.48,0.5,0.52,0.72,0.75,0.0
0.35,0.51,0.48,0.5,0.61,0.71,0.74,0.0
0.31,0.44,0.48,0.5,0.5,0.79,0.82,0.0
0.61,0.66,0.48,0.5,0.46,0.87,0.88,0.0
0.48,0.49,0.48,0.5,0.52,0.77,0.71,0.0
0.11,0.5,0.48,0.5,0.58,0.72,0.68,0.0
0.31,0.36,0.48,0.5,0.58,0.94,0.94,0.0
0.68,0.51,0.48,0.5,0.71,0.75,0.78,0.0
0.69,0.39,0.48,0.5,0.57,0.76,0.79,0.0
0.52,0.54,0.48,0.5,0.62,0.76,0.79,0.0
0.46,0.59,0.48,0.5,0.36,0.76,0.23,0.0
0.36,0.45,0.48,0.5,0.38,0.79,0.17,0.0
0.0,0.51,0.48,0.5,0.35,0.67,0.44,0.0
0.1,0.49,0.48,0.5,0.41,0.67,0.21,0.0
0.3,0.51,0.48,0.5,0.42,0.61,0.34,0.0
0.61,0.47,0.48,0.5,0.0,0.8,0.32,0.0
0.63,0.75,0.48,0.5,0.64,0.73,0.66,0.0
0.71,0.52,0.48,0.5,0.64,1.0,0.99,0.0
0.49,0.29,0.48,0.5,0.56,0.24,0.35,1.0
0.07,0.4,0.48,0.5,0.54,0.35,0.44,1.0
0.56,0.4,0.48,0.5,0.49,0.37,0.46,1.0
0.59,0.49,0.48,0.5,0.52,0.45,0.36,1.0
0.23,0.32,0.48,0.5,0.55,0.25,0.35,1.0
0.67,0.39,0.48,0.5,0.36,0.38,0.46,1.0
0.29,0.28,0.48,0.5,0.44,0.23,0.34,1.0
0.21,0.34,0.48,0.5,0.51,0.28,0.39,1.0
0.2,0.44,0.48,0.5,0.46,0.51,0.57,1.0
0.42,0.4,0.48,0.5,0.56,0.18,0.3,1.0
0.42,0.24,0.48,0.5,0.57,0.27,0.37,1.0
0.25,0.48,0.48,0.5,0.44,0.17,0.29,1.0
0.39,0.32,0.48,0.5,0.46,0.24,0.35,1.0
0.51,0.5,0.48,0.5,0.46,0.32,0.35,1.0
0.22,0.43,0.48,0.5,0.48,0.16,0.28,1.0
0.25,0.4,0.48,0.5,0.46,0.44,0.52,1.0
0.34,0.45,0.48,0.5,0.38,0.24,0.35,1.0
0.44,0.27,0.48,0.5,0.55,0.52,0.58,1.0
0.23,0.4,0.48,0.5,0.39,0.28,0.38,1.0
0.41,0.57,0.48,0.5,0.39,0.21,0.32,1.0
0.4,0.45,0.48,0.5,0.38,0.22,0.0,1.0
0.31,0.23,0.48,0.5,0.73,0.05,0.14,1.0
0.51,0.54,0.48,0.5,0.41,0.34,0.43,1.0
0.3,0.16,0.48,0.5,0.56,0.11,0.23,1.0
0.36,0.39,0.48,0.5,0.48,0.22,0.23,1.0
0.29,0.37,0.48,0.5,0.48,0.44,0.52,1.0
0.25,0.4,0.48,0.5,0.47,0.33,0.42,1.0
0.21,0.51,0.48,0.5,0.5,0.32,0.41,1.0
0.43,0.37,0.48,0.5,0.53,0.35,0.44,1.0
0.43,0.39,0.48,0.5,0.47,0.31,0.41,1.0
0.53,0.38,0.48,0.5,0.44,0.26,0.36,1.0
0.34,0.33,0.48,0.5,0.38,0.35,0.44,1.0
0.56,0.51,0.48,0.5,0.34,0.37,0.46,1.0
0.4,0.29,0.48,0.5,0.42,0.35,0.44,1.0
0.24,0.35,0.48,0.5,0.31,0.19,0.31,1.0
0.36,0.54,0.48,0.5,0.41,0.38,0.46,1.0
0.29,0.52,0.48,0.5,0.42,0.29,0.39,1.0
0.65,0.47,0.48,0.5,0.59,0.3,0.4,1.0
0.32,0.42,0.48,0.5,0.35,0.28,0.38,1.0
0.38,0.46,0.48,0.5,0.48,0.22,0.29,1.0
0.33,0.45,0.48,0.5,0.52,0.32,0.41,1.0
0.3,0.37,0.48,0.5,0.59,0.41,0.49,1.0
0.4,0.5,0.48,0.5,0.45,0.39,0.47,1.0
0.28,0.38,0.48,0.5,0.5,0.33,0.42,1.0
0.61,0.45,0.48,0.5,0.48,0.35,0.41,1.0
0.17,0.38,0.48,0.5,0.45,0.42,0.5,1.0
0.44,0.35,0.48,0.5,0.55,0.55,0.61,1.0
0.43,0.4,0.48,0.5,0.39,0.28,0.39,1.0
0.42,0.35,0.48,0.5,0.58,0.15,0.27,1.0
0.23,0.33,0.48,0.5,0.43,0.33,0.43,1.0
0.37,0.52,0.48,0.5,0.42,0.42,0.36,1.0
0.29,0.3,0.48,0.5,0.45,0.03,0.17,1.0
0.22,0.36,0.48,0.5,0.35,0.39,0.47,1.0
0.23,0.58,0.48,0.5,0.37,0.53,0.59,1.0
0.47,0.47,0.48,0.5,0.22,0.16,0.26,1.0
0.54,0.47,0.48,0.5,0.28,0.33,0.42,1.0
0.51,0.37,0.48,0.5,0.35,0.36,0.45,1.0
0.4,0.35,0.48,0.5,0.45,0.33,0.42,1.0
0.44,0.34,0.48,0.5,0.3,0.33,0.43,1.0
0.42,0.38,0.48,0.5,0.54,0.34,0.43,1.0
0.44,0.56,0.48,0.5,0.5,0.46,0.54,1.0
0.52,0.36,0.48,0.5,0.41,0.28,0.38,1.0
0.36,0.41,0.48,0.5,0.48,0.47,0.54,1.0
0.18,0.3,0.48,0.5,0.46,0.24,0.35,1.0
0.47,0.29,0.48,0.5,0.51,0.33,0.43,1.0
0.24,0.43,0.48,0.5,0.54,0.52,0.59,1.0
0.25,0.37,0.48,0.5,0.41,0.33,0.42,1.0
0.52,0.57,0.48,0.5,0.42,0.47,0.54,1.0
0.25,0.37,0.48,0.5,0.43,0.26,0.36,1.0
0.35,0.48,0.48,0.5,0.56,0.4,0.48,1.0
0.26,0.26,0.48,0.5,0.34,0.25,0.35,1.0
0.44,0.51,0.48,0.5,0.47,0.26,0.36,1.0
0.37,0.5,0.48,0.5,0.42,0.36,0.45,1.0
0.44,0.42,0.48,0.5,0.42,0.25,0.2,1.0
0.24,0.43,0.48,0.5,0.37,0.28,0.38,1.0
0.42,0.3,0.48,0.5,0.48,0.26,0.36,1.0
0.48,0.42,0.48,0.5,0.45,0.25,0.35,1.0
0.41,0.48,0.48,0.5,0.51,0.44,0.51,1.0
0.44,0.28,0.48,0.5,0.43,0.27,0.37,1.0
0.29,0.41,0.48,0.5,0.48,0.38,0.46,1.0
0.34,0.28,0.48,0.5,0.41,0.35,0.44,1.0
0.41,0.43,0.48,0.5,0.45,0.31,0.41,1.0
0.29,0.47,0.48,0.5,0.41,0.23,0.34,1.0
0.34,0.55,0.48,0.5,0.58,0.31,0.41,1.0
0.36,0.56,0.48,0.5,0.43,0.45,0.53,1.0
0.4,0.46,0.48,0.5,0.52,0.49,0.56,1.0
0.5,0.49,0.48,0.5,0.49,0.46,0.53,1.0
0.52,0.44,0.48,0.5,0.37,0.36,0.42,1.0
0.5,0.51,0.48,0.5,0.27,0.23,0.34,1.0
0.53,0.42,0.48,0.5,0.16,0.29,0.39,1.0
0.34,0.46,0.48,0.5,0.52,0.35,0.44,1.0
0.4,0.42,0.48,0.5,0.37,0.27,0.27,1.0
0.41,0.43,0.48,0.5,0.5,0.24,0.25,1.0
0.3,0.45,0.48,0.5,0.36,0.21,0.32,1.0
0.31,0.47,0.48,0.5,0.29,0.28,0.39,1.0
0.64,0.76,0.48,0.5,0.45,0.35,0.38,1.0
0.35,0.37,0.48,0.5,0.3,0.34,0.43,1.0
0.57,0.54,0.48,0.5,0.37,0.28,0.33,1.0
0.65,0.55,0.48,0.5,0.34,0.37,0.28,1.0
0.51,0.46,0.48,0.5,0.58,0.31,0.41,1.0
0.38,0.4,0.48,0.5,0.63,0.25,0.35,1.0
0.24,0.57,0.48,0.5,0.63,0.34,0.43,1.0
0.38,0.26,0.48,0.5,0.54,0.16,0.28,1.0
0.33,0.47,0.48,0.5,0.53,0.18,0.29,1.0
0.24,0.34,0.48,0.5,0.38,0.3,0.4,1.0
0.26,0.5,0.48,0.5,0.44,0.32,0.41,1.0
0.44,0.49,0.48,0.5,0.39,0.38,0.4,1.0
0.43,0.32,0.48,0.5,0.33,0.45,0.52,1.0
0.49,0.43,0.48,0.5,0.49,0.3,0.4,1.0
0.47,0.28,0.48,0.5,0.56,0.2,0.25,1.0
0.32,0.33,0.48,0.5,0.6,0.06,0.2,1.0
0.34,0.35,0.48,0.5,0.51,0.49,0.56,1.0
0.35,0.34,0.48,0.5,0.46,0.3,0.27,1.0
0.38,0.3,0.48,0.5,0.43,0.29,0.39,1.0
0.38,0.44,0.48,0.5,0.43,0.2,0.31,1.0
0.41,0.51,0.48,0.5,0.58,0.2,0.31,1.0
0.34,0.42,0.48,0.5,0.41,0.34,0.43,1.0
0.51,0.49,0.48,0.5,0.53,0.14,0.26,1.0
0.25,0.51,0.48,0.5,0.37,0.42,0.5,1.0
0.29,0.28,0.48,0.5,0.5,0.42,0.5,1.0
0.25,0.26,0.48,0.5,0.39,0.32,0.42,1.0
0.24,0.41,0.48,0.5,0.49,0.23,0.34,1.0
0.17,0.39,0.48,0.5,0.53,0.3,0.39,1.0
0.04,0.31,0.48,0.5,0.41,0.29,0.39,1.0
0.61,0.36,0.48,0.5,0.49,0.35,0.44,1.0
0.34,0.51,0.48,0.5,0.44,0.37,0.46,1.0
0.28,0.33,0.48,0.5,0.45,0.22,0.33,1.0
0.4,0.46,0.48,0.5,0.42,0.35,0.44,1.0
0.23,0.34,0.48,0.5,0.43,0.26,0.37,1.0
0.37,0.44,0.48,0.5,0.42,0.39,0.47,1.0
0.0,0.38,0.48,0.5,0.42,0.48,0.55,1.0
0.39,0.31,0.48,0.5,0.38,0.34,0.43,1.0
0.3,0.44,0.48,0.5,0.49,0.22,0.33,1.0
0.27,0.3,0.48,0.5,0.71,0.28,0.39,1.0
0.17,0.52,0.48,0.5,0.49,0.37,0.46,1.0
0.36,0.42,0.48,0.5,0.53,0.32,0.41,1.0
0.3,0.37,0.48,0.5,0.43,0.18,0.3,1.0
0.26,0.4,0.48,0.5,0.36,0.26,0.37,1.0
0.4,0.41,0.48,0.5,0.55,0.22,0.33,1.0
0.22,0.34,0.48,0.5,0.42,0.29,0.39,1.0
0.44,0.35,0.48,0.5,0.44,0.52,0.59,1.0
0.27,0.42,0.48,0.5,0.37,0.38,0.43,1.0
0.16,0.43,0.48,0.5,0.54,0.27,0.37,1.0
0.40576050751284054,0.6295319953767136,0.48,0.5,0.52,0.76,0.79,0.0
0.4727430497266522,0.41193518673955937,0.48,0.5,0.5070972198906609,0.8990324066302203,0.8804837966848899,0.0
0.19494699572453406,0.47539276988853324,0.48,0.5,0.3990445774163999,0.7138216903344003,0.1953927698885332,0.0
0.6369260693966868,0.5823054479524848,0.48,0.5,0.48461089590496975,0.7715466908408888,0.7284630346983434,0.0
0.512216587507948,0.55,0.48,0.5,0.5761621284083683,0.7061621284083683,0.7461621284083684,0.0
0.7051067210384546,0.5187766802596137,0.48,0.5,0.6369417006490342,0.9908251019471025,0.9820484216874888,0.0
0.591827154530715,0.4640864227346425,0.48,0.5,0.4431892954422625,0.818172845469285,0.8368107045577374,0.0
0.11238697531590439,0.5405785803703747,0.48,0.5,0.6181916050544702,0.6865823455773385,0.6680651234204781,0.0
0.7979092988186558,0.3922166392793921,0.48,0.5,0.5976574226225599,0.727279608328416,0.737531484524512,0.0
0.33793844904714876,0.3898461226178718,0.48,0.5,0.44610771416748973,0.671830734879659,0.7098461226178718,0.0
0.45810161947754025,0.4281016194775403,0.48,0.5,0.591240647791016,0.7668609716865242,0.7912406477910161,0.0
0.6481758578531334,0.5772965685874665,0.48,0.5,0.6175896650093554,0.6639413807156223,0.679706903578111,0.0
0.63,0.48807791802052825,0.48,0.5,0.5582077813880754,0.8380779180205282,0.8520519453470188,0.0
0.6013011703521031,0.6352046814084125,0.48,0.5,0.5998216384929443,0.7127807022112618,0.7059181274366351,0.0
0.5645925703135588,0.4845349843747647,0.48,0.5,0.43005758593879406,0.8563374609369118,0.8690699687495295,0.0
0.6383678040417506,0.6165287838329977,0.48,0.5,0.640475123902582,0.6672107319860832,0.6960536599304157,0.0
0.321906317254796,0.4598438620913267,0.48,0.5,0.5317501793461228,0.8138126345095921,0.8120624551634693,0.0
0.620899965066825,0.6234356918286732,0.48,0.5,0.5579142557715643,0.6670142907047393,0.7070142907047392,0.0
0.3132013838987376,0.48546758926582506,0.48,0.5,0.6713310268354373,0.6732013838987376,0.7093344865822813,0.0
0.06258729892501488,0.6022381032249553,0.48,0.5,0.4848254021499702,0.903829381718657,0.35965080429994045,0.0
0.559457139126639,0.5465761898544399,0.48,0.5,0.5871190507278008,0.720542860873361,0.7571190507278008,0.0
0.7224796933120277,0.644519028821421,0.48,0.5,0.6746002555733103,0.6792005111466205,0.7162804600319584,0.0
0.3896561207906931,0.5,0.48,0.5,0.6408054407028383,0.8222986398242904,0.8411493199121451,0.0
0.8247482299836799,0.3742969027406255,0.48,0.5,0.6052256636215272,0.7076128318107636,0.7380902654486109,0.0
0.537398938434379,0.66,0.48,0.5,0.36099855241051687,0.9030004825298277,0.9064003860238622,0.0
0.43761575806416414,0.4,0.48,0.5,0.5914236370962461,0.746192120967918,0.776192120967918,0.0
0.5808666449246527,0.5497833387688369,0.48,0.5,0.5702166612311631,0.6995666775376737,0.7391333550753473,0.0
0.31505594698351014,0.4873601325412246,0.48,0.5,0.539664318098939,0.8501118939670202,0.8601118939670203,0.0
0.6746971041983869,0.5106057916032262,0.48,0.5,0.5262628055978492,0.78,0.73,0.0
0.6179427845874096,0.47,0.48,0.5,0.5190429115594428,0.8139713922937047,0.8339713922937048,0.0
0.463398122805213,0.3962890974660875,0.48,0.5,0.6059763177373878,0.7351563898643498,0.7614454873304373,0.0
0.48,0.4359172608486513,0.48,0.5,0.5683138369094655,0.8222482174540461,0.8281654783026974,0.0
0.3717124716409872,0.5047145880598355,0.48,0.5,0.659429176119671,0.8577167044786838,0.8682875283590128,0.0
0.3590200459799431,0.4509799540200569,0.48,0.5,0.38065330268003794,0.7870601379398292,0.1727765363901613,0.0
0.43570962490876,0.4,0.48,0.5,0.5885644373631399,0.74714518754562,0.77714518754562,0.0
0.40042089278965803,0.408263184535057,0.48,0.5,0.535631339184487,0.7234736309298859,0.753473630929886,0.0
0.36736830224211225,0.6074438805894578,0.48,0.5,0.5239097574631589,0.7560902425368411,0.7860902425368411,0.0
0.49911854317710536,0.4554624409077444,0.48,0.5,0.5918063386383834,0.78,0.8,0.0
0.5593038871576832,0.5661392225684634,0.48,0.5,0.5561392225684634,0.8061392225684634,0.8261392225684633,0.0
0.34653417885750865,0.5227980975706056,0.48,0.5,0.35480126828626296,0.7717329105712457,0.7958664552856228,0.0
0.7226298968592794,0.6921044985723996,0.48,0.5,0.66,0.6531582005710401,0.69315820057104,0.0
0.7461342786123043,0.43861740840811464,0.48,0.5,0.5337584351020949,0.6718792175510474,0.709503374040838,0.0
0.381224349003229,0.4041495660021526,0.48,0.5,0.511224349003229,0.7097617405037672,0.741224349003229,0.0
0.15990034292491678,0.4833499428458472,0.48,0.5,0.3633250285770764,0.7233001143083057,0.32007474280631243,0.0
0.1546435018679652,0.4420499136932053,0.48,0.5,0.6269875215766987,0.7015062392116507,0.74,0.0
0.63,0.48164409224178995,0.48,0.5,0.5410509126447733,0.8316440922417899,0.8477627281611932,0.0
0.47,0.5695714306149279,0.48,0.5,0.5506428540776082,0.7344642882686598,0.7695714306149279,0.0
0.39005375272366644,0.410268763618332,0.48,0.5,0.5200268763618332,0.7200806290854996,0.7500806290854997,0.0
0.7078864301671065,0.7145970771967697,0.48,0.5,0.6541611691212921,0.6733553235148316,0.6812417536819382,0.0
0.29411621500103186,0.47274414333402126,0.48,0.5,0.7031396416649468,0.6541162150010319,0.6934301791675266,0.0
0.4972070735088549,0.4887159153949236,0.48,0.5,0.6086035367544275,0.7713964632455725,0.7956982316227863,0.0
0.7024361598657497,0.46,0.48,0.5,0.5539096003356256,0.7653830408055013,0.7263457602013753,0.0
0.7304878139620906,0.6938850232613439,0.48,0.5,0.6518466976817919,0.6513588837197014,0.6913588837197013,0.0
0.1567297032377538,0.5089099010792513,0.48,0.5,0.33436039568299497,0.4052613848904823,0.46528366456989206,0.0
0.5068385408175053,0.542632291836499,0.48,0.5,0.6094708326540043,0.7468385408175053,0.7794708326540043,0.0
0.680040461752505,0.5125101154381263,0.48,0.5,0.6212752885953157,0.9438258657859468,0.9413157503478207,0.0
0.4835487537152373,0.4453449936310218,0.48,0.5,0.5170975074304746,0.5633187579612228,0.6208762568997264,0.0
0.49783940364667945,0.3924622884837023,0.48,0.5,0.632763980614084,0.7198491539348091,0.7423114424185114,0.0
0.509988148842317,0.48143195747362366,0.48,0.5,0.5414201063159407,0.7742840212631882,0.7485561913686933,0.0
0.5144527771143761,0.39061635809840267,0.48,0.5,0.6456854933111814,0.7124654323936106,0.7330817904920133,0.0
0.3379243219063957,0.48169728762558284,0.48,0.5,0.5530161847831442,0.8562270342808128,0.8186811028424387,0.0
0.5244874695362791,0.5467312043044186,0.48,0.5,0.6065375913911628,0.7712186738406976,0.7989749390725581,0.0
0.3612817638399904,0.49354696063999837,0.48,0.5,0.6048287244799887,0.8393591180800049,0.8141878425599935,0.0
0.48878060230035564,0.39445991395709207,0.48,0.5,0.6321603441716318,0.7233797418712762,0.7478396558283682,0.0
0.63,0.4908134276563285,0.48,0.5,0.5655024737502093,0.8408134276563285,0.8538756184375523,0.0
0.44048091362780506,0.40158651439536586,0.48,0.5,0.5957213704417076,0.7368269712092683,0.7668269712092683,0.0
0.31934291343881416,0.44467145671940705,0.48,0.5,0.47664271640296463,0.8320431104746637,0.8527001970358495,0.0
0.442734298970317,0.5536457319604227,0.48,0.5,0.5245442835049472,0.7554557164950528,0.7854557164950529,0.0
0.5940212789500725,0.5197872104992748,0.48,0.5,0.5097872104992748,0.8040212789500726,0.8240212789500725,0.0
0.6347630342541938,0.5363092414364515,0.48,0.5,0.5836907585635485,0.6726184828729032,0.6852369657458062,0.0
0.11251123228150915,0.5426909487856556,0.48,0.5,0.6201797165041465,0.6848427480588718,0.6674438385924543,0.0
0.6025493717995463,0.5870556538040838,0.48,0.5,0.54,0.67,0.6615619358086213,0.0
0.5209118529496485,0.381361702935246,0.48,0.5,0.5304559264748243,0.8877264441151055,0.851361702935246,0.0
0.5725265466471847,0.47373672667640765,0.48,0.5,0.4271054555393206,0.8374734533528153,0.8528945444606794,0.0
0.5174992752208591,0.39250072477914094,0.48,0.5,0.6299942017668726,0.6874934769877317,0.7149956513251544,0.0
0.3076841333538286,0.3625613777846095,0.48,0.5,0.4785965555384762,0.6946317332923428,0.7271931110769524,0.0
0.48,0.4357966230450594,0.48,0.5,0.5680424018513835,0.8226101308648219,0.8284067539098813,0.0
0.6932935278010884,0.39329352780108845,0.48,0.5,0.5667064721989116,0.7929352780108845,0.8031741112043538,0.0
0.40886923716449697,0.504346185822485,0.48,0.5,0.5294346185822485,0.7483038557467455,0.7783038557467455,0.0
0.6234646263192405,0.4975492348697152,0.48,0.5,0.5883661565798101,0.8442815480293354,0.8550984697394304,0.0
0.29033932923113276,0.3957634907700487,0.48,0.5,0.5049151676922168,0.7801696646155664,0.8052544969233496,0.0
0.5127892751132821,0.38278927511328215,0.48,0.5,0.653605362443359,0.6847624628964875,0.7155785502265642,0.0
0.4037630222542368,0.4077061629576272,0.48,0.5,0.5406445333813552,0.7245876740847456,0.7545876740847456,0.0
0.6902726092676741,0.39027260926767415,0.48,0.5,0.5697273907323258,0.7627260926767415,0.7910904370706967,0.0
0.16898988364104314,0.4038720620581103,0.48,0.5,0.5908080930871655,0.7228619456991534,0.756329961213681,0.0
0.36395870317397877,0.4835929178585478,0.48,0.5,0.38093805476096815,0.7630206484130106,0.7915103242065054,0.0
0.30946884756617554,0.45777402345135765,0.48,0.5,0.3858305175885182,0.7666779296459272,0.17777402345135762,0.0
0.33659917655317095,0.6325909420848802,0.48,0.5,0.4553843545102476,0.7668016468936582,0.7934008234468292,0.0
0.4275424232007405,0.6161277395687751,0.48,0.5,0.52,0.76,0.79,0.0
0.5424567725704804,0.5454322742951964,0.48,0.5,0.5624567725704804,0.802629682288559,0.8226296822885589,0.0
0.63,0.5091671917748488,0.48,0.5,0.6037507876622732,0.8362492123377268,0.848541010281439,0.0
0.4136739329264661,0.48410081762699925,0.48,0.5,0.4371798364746002,0.5130790188476009,0.5758991823730008,0.0
0.48593246653617866,0.41790995538157155,0.48,0.5,0.49912381135033906,0.8970337667319107,0.88,0.0
0.7189872730961351,0.358531636412818,0.48,0.5,0.532202545380773,0.907063272825636,0.9119240002704991,0.0
0.5595494421687883,0.59133051177021,0.48,0.5,0.5524463254865267,0.6824463254865267,0.7224463254865267,0.0
0.8010936190419508,0.3772265952395123,0.48,0.5,0.6340886507983743,0.7075911349201626,0.74,0.0
0.7144286596391741,0.38076178714776776,0.48,0.5,0.5455713403608259,0.8840477660652903,0.8732859789175226,0.0
0.3294999957901895,0.5064999985967298,0.48,0.5,0.6349999859672983,0.878999991580379,0.8824999929836491,0.0
0.6128200810332054,0.4341028108381684,0.48,0.5,0.57,0.7710257027095421,0.7955128513547711,0.0
0.3961070423285999,0.43237145537904004,0.48,0.5,0.47644281693143997,0.88881427231048,0.88559286384476,0.0
0.7032849526226027,0.5183212381556507,0.48,0.5,0.6358030953891267,0.9874092861673801,0.9790880480117293,0.0
0.3942866060076211,0.49742928480609694,0.48,0.5,0.5237146424030484,0.7311439272091453,0.7611439272091454,0.0
0.11757209752752498,0.44699531730732506,0.48,0.5,0.6178604876376249,0.7048558049449499,0.72543258516515,0.0
0.6824259099219007,0.4808890809371917,0.48,0.5,0.6760372610933902,0.7524259099219007,0.7824259099219008,0.0
0.6257872955974948,0.4685957651991649,0.48,0.5,0.5015745911949896,0.8185957651991649,0.8385957651991649,0.0
0.5065832189539078,0.38974965686172336,0.48,0.5,0.6007510294148299,0.6268335620921844,0.6768335620921845,0.0
0.5131432384021861,0.5377144128007287,0.48,0.5,0.6217141903994535,0.763428380798907,0.7928569839990892,0.0
0.4336530743664801,0.5032419787524343,0.48,0.5,0.5266209893762172,0.7567580212475657,0.7563469256335199,0.0
0.6026565419431165,0.39435034431279564,0.48,0.5,0.6761020658767736,0.7056496556872044,0.7343503443127956,0.0
0.4637491457074614,0.6146864321343267,0.48,0.5,0.4640661307432891,0.865623718561192,0.8746864321343267,0.0
0.7147596733982833,0.6200722990945636,0.48,0.5,0.6810336055014307,0.6920672110028613,0.7278604899025751,0.0
0.38876079869639685,0.4130980032590079,0.48,0.5,0.5227882029331071,0.7196901996740992,0.7496901996740992,0.0
0.20422442830255433,0.46281628553503623,0.48,0.5,0.5728162855350362,0.7940814276751811,0.8212651421401449,0.0
0.33732582483129897,0.39441941610432985,0.48,0.5,0.47220970805216494,0.659767766441732,0.6973258248312989,0.0
0.18071156427682983,0.4527668366038112,0.48,0.5,0.5844663267923776,0.7607115642768298,0.7931226187422261,0.0
0.33,0.5425970161750985,0.48,0.5,0.34898507326352896,0.7958208943862741,0.8142388049476468,0.0
0.3204683706647557,0.3630789325484575,0.48,0.5,0.5756894944321593,0.9375368539612339,0.9363052809418508,0.0
0.4449179465311019,0.5332786310207346,0.48,0.5,0.5590982887759183,0.7267213689792654,0.762541026734449,0.0
0.6867205249831548,0.4853580750617657,0.48,0.5,0.71,0.7387991250280753,0.7710393000224602,0.0
0.5488964801171908,0.5577758799707022,0.48,0.5,0.6733276399121069,0.6252801500366222,0.66,0.0
0.5715611725784713,0.66,0.48,0.5,0.4075834171524608,0.8874721942825131,0.8939777554260104,0.0
0.22556071026485053,0.4770404735099003,0.48,0.5,0.5870404735099003,0.8652023675495017,0.8781618940396014,0.0
0.5946815222097627,0.608726088839051,0.48,0.5,0.5905541310936678,0.7088089133258576,0.7165095644643796,0.0
0.5626096905996257,0.46747806188007485,0.48,0.5,0.5397367425608982,0.7875658143597755,0.8075658143597755,0.0
0.5876687238778845,0.5576687238778846,0.48,0.5,0.5546625522442309,0.7766872387788455,0.8013497910230764,0.0
0.27686686026037877,0.4721888566232702,0.48,0.5,0.7005149546324958,0.6551073321209638,0.6892703811255766,0.0
0.6072099866816795,0.6044199733633591,0.48,0.5,0.6189779760270231,0.6836740079909923,0.7236740079909922,0.0
0.5973103798044956,0.5161377211730259,0.8601397498337751,0.5,0.5426896201955044,0.778068860586513,0.8053792403910087,0.0
0.7,0.43947859369452547,0.48,0.5,0.56,0.8073618750739661,0.7642023438424576,0.0
0.6990594726394485,0.46013436105150735,0.48,0.5,0.5593281947424633,0.7805374442060294,0.7314779715665808,0.0
0.23088874343699572,0.41146054602757814,0.48,0.5,0.5435239341968607,0.7755873223661435,0.801174644732287,0.0
0.41205143158004603,0.4166024986837299,0.48,0.5,0.6337178552624713,0.7186539302637759,0.751025715790023,0.0
0.5467846964280444,0.46494277571424353,0.48,0.5,0.0960872614293725,0.7974713878571218,0.28207081785682664,0.0
0.22179740193279995,0.3757080523025067,0.48,0.5,0.54856207845376,0.7475054542353067,0.7739324673109333,0.0
0.6950464409601215,0.46990711807975694,0.48,0.5,0.5533952546134955,0.78,0.73,0.0
0.61,0.5122304304100554,0.48,0.5,0.45608864842859836,0.690200880933856,0.48892172164022163,0.0
0.7,0.43394258379456174,0.48,0.5,0.56,0.8147432216072511,0.7734290270090638,0.0
0.6121350330339568,0.5419662417415109,0.48,0.5,0.5780337582584891,0.6839324834830216,0.7078649669660433,0.0
0.39285657488667536,0.49285657488667534,0.48,0.5,0.4699980121033638,0.7542858562783311,0.7842858562783311,0.0
0.41640982147684646,0.40559836308719227,0.48,0.5,0.5596147322152697,0.7288032738256155,0.7588032738256155,0.0
0.42090893537817226,0.5186363525270123,0.48,0.5,0.4286363525270123,0.4890910646218277,0.5127270505402461,0.0
0.7039433559762092,0.42220769475389963,0.48,0.5,0.71,0.710094406706318,0.7480755253650544,0.0
0.4338718375220298,0.4788301015487314,0.48,0.5,0.6288301015487314,0.8030640812389851,0.8230640812389851,0.0
0.47456878175728834,0.5248562605857627,0.48,0.5,0.6313578045606779,0.7827156091213558,0.8089296742677966,0.0
0.6013535391480921,0.5429696912778618,0.48,0.5,0.5613535391480922,0.8141919239351152,0.8313535391480921,0.0
0.27062122349391116,0.4190681647591332,0.48,0.5,0.5849223470632611,0.9104659176204334,0.9153882646836945,0.0
0.21760554754831896,0.4717370316988793,0.48,0.5,0.5817370316988792,0.8386851584943965,0.8569481267955172,0.0
0.5098982841019795,0.39969485230593843,0.48,0.5,0.5709154430821847,0.6202034317960411,0.6702034317960411,0.0
0.47,0.5882479262763717,0.48,0.5,0.5226281105854425,0.7578099078454646,0.7882479262763717,0.0
0.42885762763520735,0.5351435035136098,0.48,0.5,0.5268570620607987,0.7531429379392013,0.7831429379392013,0.0
0.3414117548180418,0.4685882451819582,0.48,0.5,0.3923921634546388,0.7342352644541256,0.22266669468221484,0.0
0.6735726553353399,0.5141652354421034,0.48,0.5,0.5719031262195468,0.66,0.6690484368902266,0.0
0.5124964953080546,0.5668758761729863,0.48,0.5,0.6881311332109042,0.6240585572215614,0.6724964953080547,0.0
0.3771772810171602,0.47717728101716017,0.48,0.5,0.41512048356006065,0.75820567974571,0.78820567974571,0.0
0.2265128757113526,0.5959040864616678,0.48,0.5,0.679797070250105,0.6402029297498949,0.6809409405576035,0.0
0.47,0.5852656204202334,0.48,0.5,0.5271015693696499,0.7540820255252918,0.7852656204202335,0.0
0.5849309184446858,0.5697236737787436,0.48,0.5,0.5769032858225602,0.7029585510668115,0.7321105304885026,0.0
0.2608755534115296,0.4884206054758717,0.48,0.5,0.6124549479356579,0.8856137369839144,0.8928068684919572,0.0
0.6085601320678942,0.4628533773559647,0.48,0.5,0.4671202641357884,0.8128533773559647,0.8328533773559647,0.0
0.36290571932608273,0.5144932656661487,0.48,0.5,0.42449326566614876,0.5470942806739172,0.4298653133229754,0.0
0.04865351790379519,0.5910891965063253,0.48,0.5,0.4635248751088554,0.8727229912658133,0.3832375624455723,0.0
0.5469790185628586,0.4770489566866635,0.48,0.5,0.5750349690619024,0.777986012375239,0.7989930061876196,0.0
0.10078574555005833,0.51,0.48,0.5,0.3374017818062427,0.493624945287398,0.46519643638751457,0.0
0.6806060115940473,0.49878797681190534,0.48,0.5,0.5341413487920631,0.78,0.73,0.0
0.6032760598589658,0.5267239401410342,0.48,0.5,0.5467239401410342,0.6767239401410342,0.5693088943675837,0.0
0.6000235286566086,0.4766614380763092,0.48,0.5,0.4733620905802994,0.836653595190773,0.8533228761526184,0.0
0.31,0.4557315286547883,0.48,0.5,0.518353450097253,0.8031096072123236,0.8278657643273941,0.0
0.7299441753107784,0.4518638565639086,0.48,0.5,0.519040159373435,0.6645200796867174,0.7036160637493739,0.0
0.7193113105136371,0.4608034710674234,0.48,0.5,0.5109182526484839,0.66,0.699540873675758,0.0
0.33341110233488414,0.5975221256837255,0.48,0.5,0.3948109443627986,0.7731777953302318,0.7965888976651159,0.0
0.32997275484858113,0.4732879247476352,0.48,0.5,0.5532606795962163,0.8299455096971623,0.8066848301009459,0.0
0.48657352775356116,0.55,0.48,0.5,0.5784933156587672,0.7084933156587672,0.7484933156587672,0.0
0.3290096364093054,0.5540578184558325,0.48,0.5,0.33841809052090416,0.7804951817953474,0.8009903635906946,0.0
0.5601288979029354,0.484667971205019,0.48,0.5,0.12614455236316346,0.7031913900468746,0.38453907330208364,0.0
0.36606344429782994,0.4403830815205787,0.48,0.5,0.46442537771913195,0.8848084592397106,0.8875957703801447,0.0
0.5810293279483882,0.467682346235871,0.48,0.5,0.04403542151844977,0.7988411731179356,0.302617596769033,0.0
0.4713636756855144,0.5418179458869135,0.48,0.5,0.5718179458869134,0.7181820541130866,0.7445452972579423,0.0
0.5949694909158988,0.4443031480480578,0.48,0.5,0.57,0.7735757870120145,0.7967878935060073,0.0
0.636621156029378,0.46819423017380596,0.48,0.5,0.512407693101592,0.823611539652388,0.84300961637699,0.0
0.49491243308814553,0.4298832441175274,0.48,0.5,0.48266053933839986,0.8925437834559272,0.88,0.0
0.5027769622844879,0.5886115188577561,0.48,0.5,0.5227769622844878,0.8332643985721951,0.8486115188577561,0.0
0.7174157054727717,0.3767790593696378,0.48,0.5,0.5425842945272283,0.8890261757879527,0.882247116418315,0.0
