12.88,2.99,2.4,20.0,104.0,1.3,1.22,0.24,0.83,5.4,0.74,1.42,530.0,0.0
12.81,2.31,2.4,24.0,98.0,1.15,1.09,0.27,0.83,5.7,0.66,1.36,560.0,0.0
12.7,3.55,2.36,21.5,106.0,1.7,1.2,0.17,0.84,5.0,0.78,1.29,600.0,0.0
12.51,1.24,2.25,17.5,85.0,2.0,0.58,0.6,1.25,5.45,0.75,1.51,650.0,0.0
12.6,2.46,2.2,18.5,94.0,1.62,0.66,0.63,0.94,7.1,0.73,1.58,695.0,0.0
12.25,4.72,2.54,21.0,89.0,1.38,0.47,0.53,0.8,3.85,0.75,1.27,720.0,0.0
12.53,5.51,2.64,25.0,96.0,1.79,0.6,0.63,1.1,5.0,0.82,1.69,515.0,0.0
13.49,3.59,2.19,19.5,88.0,1.62,0.48,0.58,0.88,5.7,0.81,1.82,580.0,0.0
12.84,2.96,2.61,24.0,101.0,2.32,0.6,0.53,0.81,4.92,0.89,2.15,590.0,0.0
12.93,2.81,2.7,21.0,96.0,1.54,0.5,0.53,0.75,4.6,0.77,2.31,600.0,0.0
13.36,2.56,2.35,20.0,89.0,1.4,0.5,0.37,0.64,5.6,0.7,2.47,780.0,0.0
13.52,3.17,2.72,23.5,97.0,1.55,0.52,0.5,0.55,4.35,0.89,2.06,520.0,0.0
13.62,4.95,2.35,20.0,92.0,2.0,0.8,0.47,1.02,4.4,0.91,2.05,550.0,0.0
13.16,3.57,2.15,21.0,102.0,1.5,0.55,0.43,1.3,4.0,0.6,1.68,830.0,0.0
12.87,4.61,2.48,21.5,86.0,1.7,0.65,0.47,0.86,7.65,0.54,1.86,625.0,0.0
13.32,3.24,2.38,21.5,92.0,1.93,0.76,0.45,1.25,8.42,0.55,1.62,650.0,0.0
13.5,3.12,2.62,24.0,123.0,1.4,1.57,0.22,1.25,8.6,0.59,1.3,500.0,0.0
12.79,2.67,2.48,22.0,112.0,1.48,1.36,0.24,1.26,10.8,0.48,1.47,480.0,0.0
12.58,1.29,2.1,20.0,103.0,1.48,0.58,0.53,1.4,7.6,0.58,1.55,640.0,0.0
13.17,5.19,2.32,22.0,93.0,1.74,0.63,0.61,1.55,7.9,0.6,1.48,725.0,0.0
13.84,4.12,2.38,19.5,89.0,1.8,0.83,0.48,1.56,9.01,0.57,1.64,480.0,0.0
14.34,1.68,2.7,25.0,98.0,2.8,1.31,0.53,2.7,13.0,0.57,1.96,660.0,0.0
13.48,1.67,2.64,22.5,89.0,2.6,1.1,0.52,2.29,11.75,0.57,1.78,620.0,0.0
12.36,3.83,2.38,21.0,88.0,2.3,0.92,0.5,1.04,7.65,0.56,1.58,520.0,0.0
12.85,3.27,2.58,22.0,106.0,1.65,0.6,0.6,0.96,5.58,0.87,2.11,570.0,0.0
13.78,2.76,2.3,22.0,90.0,1.35,0.68,0.41,1.03,9.58,0.7,1.68,615.0,0.0
13.73,4.36,2.26,22.5,88.0,1.28,0.47,0.52,1.15,6.62,0.78,1.75,520.0,0.0
13.45,3.7,2.6,23.0,111.0,1.7,0.92,0.43,1.46,10.68,0.85,1.56,695.0,0.0
13.4,4.6,2.86,25.0,112.0,1.98,0.96,0.27,1.11,8.5,0.67,1.92,630.0,0.0
12.2,3.03,2.32,19.0,96.0,1.25,0.49,0.4,0.73,5.5,0.66,1.83,510.0,0.0
13.71,5.65,2.45,20.5,95.0,1.68,0.61,0.52,1.06,7.7,0.64,1.74,740.0,0.0
13.4,3.91,2.48,23.0,102.0,1.8,0.75,0.43,1.41,7.3,0.7,1.56,750.0,0.0
13.27,4.28,2.26,20.0,120.0,1.59,0.69,0.43,1.35,10.2,0.59,1.56,835.0,0.0
13.17,2.59,2.37,20.0,120.0,1.65,0.68,0.53,1.46,9.3,0.6,1.62,840.0,0.0
14.13,4.1,2.74,24.5,96.0,2.05,0.76,0.56,1.35,9.2,0.61,1.6,560.0,0.0
13.19858314305366,2.585486872149422,2.3669912480996147,20.0,115.33643455440279,1.6123906012451836,0.6529212328965324,0.5059299847969176,1.3366411720842029,8.74338089842872,0.6150437595019265,1.747871955766375,830.9737442988442,0.0
13.588321238678814,2.771275221254187,2.390201770033499,21.77449557491625,91.35302655050249,1.3928458407659121,0.6394092034849255,0.4370605310100497,0.9668587609765507,8.456987963082936,0.7157853097558623,1.8220677878027611,611.6174336237438,0.0
13.435504805626934,5.4751503213924995,2.466920936639436,20.59400520355242,93.87193755737096,1.623596877868548,0.5836785430053224,0.5218801040710485,1.0111172941527418,6.976159932646366,0.6606811447815324,1.6516351086607253,736.2397918579032,0.0
13.479136409639814,3.1656659828405864,2.7076170938302466,23.360692305590277,96.96904273457562,1.540712820372685,0.5190712820372685,0.49690427345756166,0.555572307776389,4.3856008552380406,0.8828798289523918,2.052879828952392,519.6904273457561,0.0
12.752297054771452,3.381739910735325,2.4373086896621476,21.38631075049684,103.72621500993682,1.6636194401589892,1.040835050695578,0.25185625964227426,0.8195359350894315,4.909048600397473,0.7777262150099369,1.5219260689864438,600.0,0.0
12.80893922989315,3.09089895973601,2.5545343390949107,23.44534339094911,102.10931321810178,2.182445160955379,0.7331175861722136,0.4501294482966719,0.8166558793086107,4.937749011489628,0.8655951092017609,1.9591981264864937,592.2186264362035,0.0
13.343928694823594,2.5625375745015377,2.3516917163343587,20.0,91.62216031825572,1.4211464541794816,0.5152254470092268,0.38353373067486823,0.7093603697086996,5.912967521856327,0.6915414183282074,2.3981020557897628,785.0751490030756,0.0
13.21662130908712,3.93546481319869,2.206621309087121,20.48526082648072,111.26530512334706,1.5463265256167353,0.6220634842926994,0.43,1.3257369586759642,7.191382875819546,0.5948526082648071,1.6182312991776862,832.5736958675964,0.0
13.235049254990463,3.6953457199689135,2.3737623916672552,21.900991333380436,94.85148700007065,1.5960393416566576,0.9378218716700816,0.37495043333097827,0.9297029116644293,5.017822183348642,0.7911880416637229,1.7220789949918751,554.7524783334511,0.0
13.37263891846121,4.221750822470395,2.2913017005727405,22.10872874284074,88.0,1.5460644548682965,0.5873813771477778,0.5147830499045433,1.1213067744749876,6.888672929916025,0.7226135489499753,1.7056559241886173,520.0,0.0
12.826903336478615,2.715680075486759,2.4760650141537672,23.154833176069253,101.38066729572299,1.3612917059826868,0.8829341281369669,0.4094525259485734,0.8849358435554986,5.649289990564156,0.7487425165127285,1.6769375589740303,564.2258341196538,0.0
12.953593440299768,2.8428622918461053,2.6785131168698544,20.936803284911335,95.66295085286046,1.5433704914713955,0.49915737713215114,0.5321065571696222,0.7554770486410176,4.646344257731687,0.7716852457356977,2.289355739737703,599.1573771321512,0.0
12.459709913641063,3.6689301395028986,2.383834996678502,20.808250166074878,91.06799734280193,2.108250166074879,0.9775249501775363,0.4501450431794686,0.9997325348757247,7.218562873668478,0.5945149701065218,1.5493200265719806,521.9174983392512,0.0
13.102753702604263,2.684291003957067,2.357574053742092,19.89035929772434,119.41524958786314,1.6302646735903812,0.6873093801517107,0.5124574876358945,1.436609983514526,9.220327756346355,0.6036546900758553,1.6477756445765004,841.0964070227566,0.0
12.2958539364963,3.5092696824815075,2.355945226186113,20.198174206203767,91.20730317518493,1.8790414582569783,0.7476074543338103,0.45990871031018843,0.9157170019615841,6.788037271669051,0.6000912896898116,1.680228224224529,515.9908710310189,0.0
12.752276192113577,4.97659761988411,2.419890475798927,21.54595238273215,91.1838095309286,1.5765428577835736,0.5573523812371439,0.5736761906185719,1.2094642870491121,6.0611071500652045,0.6681071425901776,1.3846500003737514,722.7297619136607,0.0
12.88606429838578,3.663318755494954,2.1650514121766053,20.247429391169725,105.0102824353211,1.4638766107761467,0.6192364960123853,0.3878560459055046,1.2518354810348624,5.267328905270182,0.6150514121766055,1.776329037930275,837.5257060883027,0.0
12.848077198462994,3.210393152352791,2.58576840461102,22.384560307401348,105.03859923149663,1.778827702979451,0.6,0.5865403892409529,0.931157976944899,5.453095098557556,0.8738456030740135,2.117691206148027,573.8456030740134,0.0
12.529380249156834,2.916001819730157,2.2686020436762186,19.0044267917369,92.9911464165262,1.5715750279932577,0.6216635638279957,0.6098229283305241,0.9117520996627336,6.444245170742031,0.7340354143338952,1.5174510778246246,700.044267917369,0.0
13.395443587442696,3.4120114587156625,2.2192012450544616,20.12574096545275,89.39053547878389,1.5546448324971573,0.5648226642058172,0.5368934001576995,0.8730473226060805,5.7,0.7891419678182418,1.7560353679759413,577.2189290424323,0.0
13.505107323893412,3.602038648727562,2.2029828564709004,19.618025967917276,88.18884154866764,1.630150233240886,0.4866094542033675,0.5795278961283309,0.8910944409842241,5.782618177542094,0.805278961283309,1.8148068574116398,579.5278961283309,0.0
13.374903537810038,2.994903537810039,2.5617358943224837,23.228857424856404,116.65949438215264,1.398286349833014,1.3883530822995085,0.26455490434163,1.145467339813868,8.822774350343133,0.5865726996660284,1.3565504555105306,494.85904949904267,0.0
12.604644739361436,1.2952810155774506,2.1193637237839855,19.823966147418314,104.67232159952601,1.4826405077887252,0.6389713406148647,0.5018345835869303,1.3595122139062121,7.291940757982049,0.5958430467323517,1.527115599164381,639.1198307370915,0.0
12.884774388283821,2.885376019526964,2.6547743882838217,22.50752039053928,98.51253398423214,1.9319553015402127,0.5502506796846427,0.53,0.7801504078107856,4.7608021749908565,0.8303008156215712,2.2295989125045717,594.9749320315358,0.0
13.572087212443442,3.465160870512838,2.6059042013143654,23.251965655031228,94.76769089528106,1.483030726858432,0.5075982827515615,0.5049606868993755,0.6988206069812627,4.91303796307911,0.8627162220534352,1.983109353059681,520.0,0.0
13.074911305365285,2.5096383852428636,2.6841914939601508,21.395212650996232,94.15567429535092,1.8192836067040041,0.6580850603984929,0.5273652489933585,1.1557516550227984,6.483846969748707,0.717304979867169,2.170358196647998,605.269502013283,0.0
13.727280920332976,3.0152713331245304,2.37769127529877,22.416203260529127,93.05215724388026,1.4374026847111165,0.7188456376493851,0.39057718117530743,1.04109875361411,9.430166826209515,0.6958379673947087,1.71329626084233,617.0810163026456,0.0
12.8323085678346,2.8454056280303917,2.5003885552556984,22.88457160827002,102.46171356691993,1.4288570979324955,0.8167200440261544,0.4540456846354471,0.9025028454624489,5.6330742964962015,0.7771199811316482,1.7782856468987434,565.5771419586499,0.0
13.851132512526272,2.39348227901571,2.515023112847779,22.137262460739432,98.0,2.359578840113759,1.0985978432546044,0.5652336927908993,2.33445043729442,11.907755523482122,0.5655957884011376,1.7618104780511916,666.6063173982936,0.0
12.310189647735129,3.8580918981306764,2.4268505675007326,21.003448140638735,96.0,1.430310332657486,0.5267298825783768,0.47679884539115147,0.8535459686727219,5.333045988280105,0.7134252837503663,1.7832528767184295,511.66954011719895,0.0
13.226009986390762,3.9960644576130995,2.2160099863907616,20.39990921462944,112.80163413667013,1.5540081706833506,0.6340127099518788,0.43,1.3300045392685282,7.7205628692974875,0.5939990921462943,1.6079891057555324,833.0004539268529,0.0
12.685604939809965,3.3040227895377505,2.392523266915768,20.37383665421161,98.01861353261428,1.6738366542116072,1.1078490037365178,0.3371975300950179,0.9085056973844375,6.241132471976117,0.6727094022419107,1.4798138646738572,526.2616334578839,0.0
13.031471016363191,3.6791931244525173,2.3697057967273616,21.136032622723928,110.81619573634357,1.3833090589997548,1.348750363908712,0.3157355081815953,1.0647800753629453,8.429420327263813,0.611249636091288,1.3518380426365644,545.147101636319,0.0
13.296064894481727,2.882872282867278,2.286064894481727,20.319675527591365,93.15578185868773,1.4319675527591365,0.5159837763795683,0.3891805316554819,0.8509858482103005,5.088519155853817,0.6680324472408635,2.217456333202822,795.9837763795682,0.0
13.692951615411758,3.687504751211052,2.4837988597093474,21.446228619550265,103.70483845882424,1.6270019004844207,1.1500464841038216,0.3675512353148735,1.4259264728754262,8.83267694799653,0.578649904975779,1.4929516154117577,488.64990497577895,0.0
13.465616683718034,3.154704692295697,2.6928083418590174,23.202591239083002,97.594817521834,1.5287565170773574,0.5794817521833998,0.47790677776045154,0.57379270087336,4.4392226282750995,0.8772539102464143,2.0056166837180345,520.8497393169057,0.0
12.928531286349937,5.06664098324399,2.377742518481537,21.737534006902106,91.95013602760842,1.6455122424847581,0.588005441104337,0.5890027205521684,1.3531505051765793,6.837012727953528,0.6393698989646841,1.4248821414494421,723.6876700345106,0.0
13.417230668644555,3.0675405646338723,2.6036792867749825,23.766846953928322,121.71765824660577,1.409326121842867,1.5455189301624739,0.2223315304607168,1.2511657652303585,8.856468350678846,0.5771765824660576,1.3198180089160927,497.6684695392832,0.0
13.22533687218988,4.182599473702544,2.357308576440928,21.096286466139222,107.34801052594912,1.5687939899852388,1.231206010014761,0.374988506267934,1.107702917291138,8.054288220464077,0.6615084010084427,1.5237824962531727,550.0,0.0
13.406686368063129,4.3850071370320745,2.364413083238978,20.0,95.45913997735465,1.7982168346543121,0.9210698992074128,0.4036998171007025,0.9652302836918847,4.688261664779555,0.8609955169874758,1.8683951511888808,544.2347667044089,0.0
13.354097790899262,2.589806155958721,2.344097790899263,20.029511045503686,89.3836435915479,1.4029511045503682,0.5014755522751841,0.371770662730221,0.6594772900324315,5.552782327194105,0.6970488954496316,2.44668627405209,781.4755522751842,0.0
12.897862902063057,5.119672187887289,2.56698904233863,23.4555374340864,94.03432037065542,1.7928081137562066,0.6645866163927506,0.5878782936569018,1.2291732327855014,6.126053616238826,0.7497971560948362,1.6759594312189672,505.1716018532771,0.0
13.23189297078256,2.950073009650919,2.5671338252247304,23.24476893178186,118.84622912480023,1.4302092427287254,1.4907007378370956,0.2275523106821814,1.2537761553410907,9.430754175039953,0.5484622912480023,1.364194640798542,492.44768931781863,0.0
12.29905936064155,2.9187754547182587,2.313048465919891,19.086894176001362,94.26211647997279,1.274330369280381,0.4934757670400544,0.4139030681602177,0.714359048319755,6.26466857502362,0.6443590483197551,1.7952423295994557,503.04846591989116,0.0
13.368346014215323,2.841677979767192,2.377124546199804,20.625951066149316,91.71245461998036,1.483460142153242,0.5521625888457763,0.3825190213229863,0.8006607736449911,5.954705604151279,0.7,2.2801281766013743,773.7404893385068,0.0
13.450182885576604,3.5345404477674127,2.226262014921307,19.606652985062667,88.56881592033423,1.614311840796658,0.48142203980083553,0.5764449004979111,0.8707567412945688,5.621787810954044,0.807155920398329,1.8548399751204716,581.4220398008356,0.0
12.534409692132083,1.257435494380059,2.197693516859823,18.37177471900295,91.27677797682124,1.8186708584473865,0.58,0.5755903078679174,1.302306483140177,6.199726258342537,0.6907193191077994,1.5239483955040471,646.5129011239882,0.0
13.29801860990362,2.918018609903621,2.5259264758455218,22.75490923913191,112.76258707730679,1.3972331316425153,1.2767119541066272,0.2919385772946009,1.0812210301934364,8.959692609786169,0.5844662632850307,1.3913066557969935,491.69939492754605,0.0
12.688553795965298,1.5760539218004448,2.1410744092841663,20.220041478308033,101.38636249240774,1.5460124434924103,0.6064049773969641,0.5182644544902382,1.3779958521691964,7.720289341475058,0.5755991704338392,1.5602686023210417,641.4669431887203,0.0
12.789776016820822,3.171658214826531,2.52031431575147,23.103143157514697,102.7937136849706,2.097579503063645,0.8152456421964724,0.4008526146821165,0.8207622821098236,4.94869941895953,0.8505382989306467,1.841481246185056,593.5874273699412,0.0
13.666282207879956,5.264034349568741,2.4375092022514155,20.437546011257076,94.25055213508493,1.6450257663039636,0.5962601224765571,0.5012638033771233,1.0075386494559453,7.437693247279727,0.6474944786491507,1.8311828235646663,744.9963190994338,0.0
13.213435843043062,2.793327303350408,2.566618426803265,21.333453932991837,93.99927640204896,1.4766437527315508,0.560021707938531,0.4899855280409794,0.8433671012377149,6.260600586299356,0.7466582246905713,2.0999240222151414,605.0018089948776,0.0
12.705138225901146,2.8948899344092895,2.2477901026823397,18.977901026823396,91.13259383905962,1.5530938562447247,0.66,0.5200827638306191,0.9543370308047018,8.610167244761929,0.7252209897317661,1.6612431745599772,690.220989731766,0.0
12.63522864696269,1.3018347100634333,2.1433939368992556,19.605509664552223,106.7476581867539,1.4859173550317166,0.7121542623750056,0.46688154632835555,1.309267222847011,6.9096419129663875,0.6155041301902999,1.4987162563917888,638.0275483227612,0.0
13.630279739196675,3.7673753794907143,2.597175866098446,22.952931101640765,101.13232775410191,1.6002797391966752,0.7510435383443439,0.4402797391966752,1.3543517321968916,8.288703464393784,0.7013232775410191,1.7767939665246115,746.1323277541019,0.0
13.093033278305771,3.2324788329965872,2.382528809981125,22.60230479849002,95.90345719773504,1.4470102303208707,0.9886670978905265,0.33988476007549906,0.8963905220717241,5.245749059509256,0.7473559500943738,1.6011024222604715,556.505761996225,0.0
13.26140836336874,3.2716045061207453,2.3981816690748974,20.112299026690874,91.265594809018,1.58734405190982,0.488163987022545,0.5595900324436375,0.8269340843534576,5.2509807137600255,0.79367202595491,2.0200176820523525,588.163987022545,0.0
13.235066015237434,3.8826938870481804,2.5892533007618717,22.64177669206239,107.0595436126863,1.6426842707299825,0.839399755714038,0.4479111653968804,1.341786308380589,9.456667403393066,0.8320888346031196,1.5080576203490468,699.4777913492201,0.0
12.749374272067081,3.3419227105744422,2.448168342976931,22.381683429769314,104.23663314046138,1.9186574905827896,0.9883959768553648,0.29696241388678113,0.8294197988427683,4.971786130247382,0.8187940709098498,1.5932990998406438,596.4732662809228,0.0
13.16139842853438,3.4329540036308677,2.1807654277563358,20.86015714656211,104.51717136188202,1.5209764280156834,0.5681795709469257,0.443984285343789,1.3223748565500624,4.7411671232208175,0.6,1.6716094287937266,831.3984285343789,0.0
13.728262006992749,4.358489195621147,2.2600681565885195,22.496024199003017,88.00908754513596,1.2799659217057402,0.47002271886283986,0.5198636868229606,1.149522903880362,6.6187277436809655,0.7798636868229606,1.7500908754513596,519.9886405685801,0.0
13.233326484923523,3.559479158053209,2.3418050495420077,21.039195543892717,97.34914851908661,1.2916864356488582,0.9082413368321851,0.3563899009159842,0.9630170296182676,5.907127425419645,0.7566271287022834,1.5571738117938385,525.8432178244292,0.0
13.267854952088076,3.4789274760440376,2.325369638571329,20.367754093405956,94.24782947252288,1.6304130491208715,0.5216521964834858,0.5869420327472477,0.9077681309889906,5.658347803516515,0.8308260982417429,1.920659474835091,576.5289836263762,0.0
12.293350231626547,4.650248499488112,2.5448891238676556,21.114079556911967,89.52150654588328,1.3855410070500098,0.48205983887355075,0.5254368177235214,0.8241196777471016,4.006777905356159,0.749674058408823,1.2872749043323837,720.9778247735311,0.0
13.232443160270929,3.101476834172603,2.558256113908676,22.970935231811268,117.44305025178083,1.3691280569543378,1.3477220100712335,0.2570463316547944,1.1429772641083717,7.961979843722984,0.6044069067546423,1.4090808654280058,502.05812953637746,0.0
13.374429583593102,2.1788147938299707,2.6123093989752397,22.326933743595248,88.48080123078574,2.4442403692357235,1.0221201846178618,0.5113466871797624,2.0425152533412048,11.040428348740518,0.5648080123078574,1.7938453005123802,620.8653312820237,0.0
12.845804596694718,3.1693103206732545,2.561120685126235,22.209770165264054,105.16091933894378,1.5975574586839867,0.6513936904896929,0.5653879227314312,0.9463649392578365,5.592586209915844,0.8479741326472745,2.03133618802598,568.9511491736797,0.0
13.245869399498131,4.124247942215209,2.2358693994981307,20.219369095471535,116.05135628151235,1.5702567814075619,0.659288326633985,0.43,1.3390315452264232,8.839911608076479,0.5921936909547153,1.5863242914565843,833.9031545226424,0.0
12.570942641706479,1.283530458361771,2.119408624914687,19.67652291808855,100.67096501023757,1.5472832330375812,0.58,0.5390573582935205,1.380591375085313,7.321809709556154,0.6019964415699784,1.5448243666894168,641.2939083276458,0.0
13.018964520843792,5.209819866016936,2.4925980774822323,20.7366559860124,92.1601281678512,1.5380064083925598,0.5437363239165279,0.524733119720248,0.9369388872735519,5.877748907704518,0.6920643169227281,1.5175433731483439,730.533760559504,0.0
14.23,1.71,2.43,15.6,127.0,2.8,3.06,0.28,2.29,5.64,1.04,3.92,1065.0,1.0
13.2,1.78,2.14,11.2,100.0,2.65,2.76,0.26,1.28,4.38,1.05,3.4,1050.0,1.0
13.16,2.36,2.67,18.6,101.0,2.8,3.24,0.3,2.81,5.68,1.03,3.17,1185.0,1.0
14.37,1.95,2.5,16.8,113.0,3.85,3.49,0.24,2.18,7.8,0.86,3.45,1480.0,1.0
14.2,1.76,2.45,15.2,112.0,3.27,3.39,0.34,1.97,6.75,1.05,2.85,1450.0,1.0
14.39,1.87,2.45,14.6,96.0,2.5,2.52,0.3,1.98,5.25,1.02,3.58,1290.0,1.0
14.06,2.15,2.61,17.6,121.0,2.6,2.51,0.31,1.25,5.05,1.06,3.58,1295.0,1.0
14.83,1.64,2.17,14.0,97.0,2.8,2.98,0.29,1.98,5.2,1.08,2.85,1045.0,1.0
13.86,1.35,2.27,16.0,98.0,2.98,3.15,0.22,1.85,7.22,1.01,3.55,1045.0,1.0
14.1,2.16,2.3,18.0,105.0,2.95,3.32,0.22,2.38,5.75,1.25,3.17,1510.0,1.0
14.12,1.48,2.32,16.8,95.0,2.2,2.43,0.26,1.57,5.0,1.17,2.82,1280.0,1.0
13.75,1.73,2.41,16.0,89.0,2.6,2.76,0.29,1.81,5.6,1.15,2.9,1320.0,1.0
14.75,1.73,2.39,11.4,91.0,3.1,3.69,0.43,2.81,5.4,1.25,2.73,1150.0,1.0
14.38,1.87,2.38,12.0,102.0,3.3,3.64,0.29,2.96,7.5,1.2,3.0,1547.0,1.0
13.63,1.81,2.7,17.2,112.0,2.85,2.91,0.3,1.46,7.3,1.28,2.88,1310.0,1.0
14.3,1.92,2.72,20.0,120.0,2.8,3.14,0.33,1.97,6.2,1.07,2.65,1280.0,1.0
13.83,1.57,2.62,20.0,115.0,2.95,3.4,0.4,1.72,6.6,1.13,2.57,1130.0,1.0
14.19,1.59,2.48,16.5,108.0,3.3,3.93,0.32,1.86,8.7,1.23,2.82,1680.0,1.0
14.06,1.63,2.28,16.0,126.0,3.0,3.17,0.24,2.1,5.65,1.09,3.71,780.0,1.0
13.71,1.86,2.36,16.6,101.0,2.61,2.88,0.27,1.69,3.8,1.11,4.0,1035.0,1.0
12.85,1.6,2.52,17.8,95.0,2.48,2.37,0.26,1.46,3.93,1.09,3.63,1015.0,1.0
13.39,1.77,2.62,16.1,93.0,2.85,2.94,0.34,1.45,4.8,0.92,3.22,1195.0,1.0
13.3,1.72,2.14,17.0,94.0,2.4,2.19,0.27,1.35,3.95,1.02,2.77,1285.0,1.0
13.87,1.9,2.8,19.4,107.0,2.95,2.97,0.37,1.76,4.5,1.25,3.4,915.0,1.0
14.02,1.68,2.21,16.0,96.0,2.65,2.33,0.26,1.98,4.7,1.04,3.59,1035.0,1.0
13.73,1.5,2.7,22.5,101.0,3.0,3.25,0.29,2.38,5.7,1.19,2.71,1285.0,1.0
13.58,1.66,2.36,19.1,106.0,2.86,3.19,0.22,1.95,6.9,1.09,2.88,1515.0,1.0
13.68,1.83,2.36,17.2,104.0,2.42,2.69,0.42,1.97,3.84,1.23,2.87,990.0,1.0
13.76,1.53,2.7,19.5,132.0,2.95,2.74,0.5,1.35,5.4,1.25,3.0,1235.0,1.0
13.51,1.8,2.65,19.0,110.0,2.35,2.53,0.29,1.54,4.2,1.1,2.87,1095.0,1.0
13.48,1.81,2.41,20.5,100.0,2.7,2.98,0.26,1.86,5.1,1.04,3.47,920.0,1.0
13.28,1.64,2.84,15.5,110.0,2.6,2.68,0.34,1.36,4.6,1.09,2.78,880.0,1.0
13.05,1.65,2.55,18.0,98.0,2.45,2.43,0.29,1.44,4.25,1.12,2.51,1105.0,1.0
13.07,1.5,2.1,15.5,98.0,2.4,2.64,0.28,1.37,3.7,1.18,2.69,1020.0,1.0
14.22,3.99,2.51,13.2,128.0,3.0,3.04,0.2,2.08,5.1,0.89,3.53,760.0,1.0
13.41,3.84,2.12,18.8,90.0,2.45,2.68,0.27,1.48,4.28,0.91,3.0,1035.0,1.0
13.88,1.89,2.59,15.0,101.0,3.25,3.56,0.17,1.7,5.43,0.88,3.56,1095.0,1.0
14.21,4.04,2.44,18.9,111.0,2.85,2.65,0.3,1.25,5.24,0.87,3.33,1080.0,1.0
14.38,3.59,2.28,16.0,102.0,3.25,3.17,0.27,2.19,4.9,1.04,3.44,1065.0,1.0
13.9,1.68,2.12,16.0,101.0,3.1,3.39,0.21,2.14,6.1,0.91,3.33,985.0,1.0
14.1,2.02,2.4,18.8,103.0,2.75,2.92,0.32,2.38,6.2,1.07,2.75,1060.0,1.0
13.94,1.73,2.27,17.4,108.0,2.88,3.54,0.32,2.08,8.9,1.12,3.1,1260.0,1.0
13.05,1.73,2.04,12.4,92.0,2.72,3.27,0.17,2.91,7.2,1.12,2.91,1150.0,1.0
13.83,1.65,2.6,17.2,94.0,2.45,2.99,0.22,2.29,5.6,1.24,3.37,1265.0,1.0
13.82,1.75,2.42,14.0,111.0,3.88,3.74,0.32,1.87,7.05,1.01,3.26,1190.0,1.0
13.77,1.9,2.68,17.1,115.0,3.0,2.79,0.39,1.68,6.3,1.13,2.93,1375.0,1.0
13.74,1.67,2.25,16.4,118.0,2.6,2.9,0.21,1.62,5.85,0.92,3.2,1060.0,1.0
13.56,1.73,2.46,20.5,116.0,2.96,2.78,0.2,2.45,6.25,0.98,3.03,1120.0,1.0
14.22,1.7,2.3,16.3,118.0,3.2,3.0,0.26,2.03,6.38,0.94,3.31,970.0,1.0
13.29,1.97,2.68,16.8,102.0,3.0,3.23,0.31,1.66,6.0,1.07,2.84,1270.0,1.0
13.72,1.43,2.5,16.7,108.0,3.4,3.67,0.19,2.04,6.8,0.89,2.87,1285.0,1.0
12.17,1.45,2.53,19.0,104.0,1.89,1.75,0.45,1.03,2.95,1.45,2.23,355.0,1.0
12.37,1.21,2.56,18.1,98.0,2.42,2.65,0.37,2.08,4.6,1.19,2.3,678.0,1.0
13.11,1.01,1.7,15.0,78.0,2.98,3.18,0.26,2.28,5.3,1.12,3.18,502.0,1.0
12.37,1.17,1.92,19.6,78.0,2.11,2.0,0.27,1.04,4.68,1.12,3.48,510.0,1.0
13.86,1.51,2.67,25.0,86.0,2.95,2.86,0.21,1.87,3.38,1.36,3.16,410.0,1.0
12.99,1.67,2.6,30.0,139.0,3.3,2.89,0.21,1.96,3.35,1.31,3.5,985.0,1.0
11.66,1.88,1.92,16.0,97.0,1.61,1.57,0.34,1.15,3.8,1.23,2.14,428.0,1.0
13.03,0.9,1.71,16.0,86.0,1.95,2.03,0.24,1.46,4.6,1.19,2.48,392.0,1.0
12.33,0.99,1.95,14.8,136.0,1.9,1.85,0.35,2.76,3.4,1.06,2.31,750.0,1.0
12.0,0.92,2.0,19.0,86.0,2.42,2.26,0.3,1.43,2.5,1.38,3.12,278.0,1.0
12.0,1.51,2.42,22.0,86.0,1.45,1.25,0.5,1.63,3.6,1.05,2.65,450.0,1.0
12.69,1.53,2.26,20.7,80.0,1.38,1.46,0.58,1.62,3.05,0.96,2.06,495.0,1.0
12.29,2.83,2.22,18.0,88.0,2.45,2.25,0.25,1.99,2.15,1.15,3.3,290.0,1.0
11.62,1.99,2.28,18.0,98.0,3.02,2.26,0.17,1.35,3.25,1.16,2.96,345.0,1.0
12.47,1.52,2.2,19.0,162.0,2.5,2.27,0.32,3.28,2.6,1.16,2.63,937.0,1.0
12.29,1.41,1.98,16.0,85.0,2.55,2.5,0.29,1.77,2.9,1.23,2.74,428.0,1.0
12.29,3.17,2.21,18.0,88.0,2.85,2.99,0.45,2.81,2.3,1.42,2.83,406.0,1.0
12.34,2.45,2.46,21.0,98.0,2.56,2.11,0.34,1.31,2.8,0.8,3.38,438.0,1.0
12.51,1.73,1.98,20.5,85.0,2.2,1.92,0.32,1.48,2.94,1.04,3.57,672.0,1.0
12.42,2.55,2.27,22.0,90.0,1.68,1.84,0.66,1.42,2.7,0.86,3.3,315.0,1.0
12.25,1.73,2.12,19.0,80.0,1.65,2.03,0.37,1.63,3.4,1.0,3.17,510.0,1.0
12.22,1.29,1.94,19.0,92.0,2.36,2.04,0.39,2.08,2.7,0.86,3.02,312.0,1.0
11.61,1.35,2.7,20.0,94.0,2.74,2.92,0.29,2.49,2.65,0.96,3.26,680.0,1.0
12.52,2.43,2.17,21.0,88.0,2.55,2.27,0.26,1.22,2.0,0.9,2.78,325.0,1.0
11.41,0.74,2.5,21.0,88.0,2.48,2.01,0.42,1.44,3.08,1.1,2.31,434.0,1.0
12.08,1.39,2.5,22.5,84.0,2.56,2.29,0.43,1.04,2.9,0.93,3.19,385.0,1.0
11.03,1.51,2.2,21.5,85.0,2.46,2.17,0.52,2.01,1.9,1.71,2.87,407.0,1.0
11.82,1.47,1.99,20.8,86.0,1.98,1.6,0.3,1.53,1.95,0.95,3.33,495.0,1.0
12.42,1.61,2.19,22.5,108.0,2.0,2.09,0.34,1.61,2.06,1.06,2.96,345.0,1.0
12.77,3.43,1.98,16.0,80.0,1.63,1.25,0.43,0.83,3.4,0.7,2.12,372.0,1.0
12.42,4.43,2.73,26.5,102.0,2.2,2.13,0.43,1.71,2.08,0.92,3.12,365.0,1.0
13.05,5.8,2.13,21.5,86.0,2.62,2.65,0.3,2.01,2.6,0.73,3.1,380.0,1.0
11.87,4.31,2.39,21.0,82.0,2.86,3.03,0.21,2.91,2.8,0.75,3.64,380.0,1.0
12.07,2.16,2.17,21.0,85.0,2.6,2.65,0.37,1.35,2.76,0.86,3.28,378.0,1.0
12.43,1.53,2.29,21.5,86.0,2.74,3.15,0.39,1.77,3.94,0.69,2.84,352.0,1.0
12.37,1.63,2.3,24.5,88.0,2.22,2.45,0.4,1.9,2.12,0.89,2.78,342.0,1.0
