[1.0, 1.0, 1.0, 151.7428614, 1.60309246, 5137.84819, 0.0]
[1.0, 1.0, 1.0, 133.9208614, 1.56462053, 3808.021317, 0.0]
[1.0, 1.0, 1.0, 142.3728614, 1.53903581, 4074.165662, 0.0]
[1.0, 1.0, 1.0, 157.42739779010472, 1.590194555186278, 5281.282141105989, 0.0]
[1.0, 1.0, 1.0, 139.2148614, 1.61542547, 4018.886646, 0.0]
[1.0, 1.0, 1.0, 144.9948614, 1.582577342829127, 4458.729844943037, 0.0]
[1.0, 1.0, 1.0, 138.7828614, 1.45600128, 3590.409352, 0.0]
[1.0, 1.0, 1.0, 156.7629435757761, 1.5969745100482278, 5315.53076851984, 0.0]
[1.0, 1.0, 1.0, 138.2618614, 1.46997902, 3464.45338, 0.0]
[1.0, 1.0, 1.0, 133.51714810478515, 1.3642611753963412, 3239.429309880031, 0.0]
[1.0, 1.0, 1.0, 135.2608614, 1.49546662, 3592.353529, 0.0]
[1.0, 1.0, 1.0, 134.8193530180994, 1.4364704638856354, 3366.3102472971723, 0.0]
[1.0, 1.0, 1.0, 162.2868614, 1.57395839, 5573.324353, 0.0]
[1.0, 1.0, 1.0, 152.5288614, 1.46213728, 4580.154276, 0.0]
[1.0, 1.0, 1.0, 134.9708614, 1.42891341, 3370.497447, 0.0]
[1.0, 1.0, 1.0, 159.4882362348724, 1.6563515327342802, 5758.689568475264, 0.0]
[1.0, 1.0, 1.0, 154.51559021792886, 1.5006095810694258, 5012.220140690354, 0.0]
[1.0, 1.0, 1.0, 161.58116775211536, 1.5897807708162977, 5847.763448928562, 0.0]
[1.0, 1.0, 1.0, 136.70660020814626, 1.4207109092778127, 3652.2481126601665, 0.0]
[1.0, 1.0, 1.0, 161.7828614, 1.62993224, 5845.270941, 0.0]
[1.0, 1.0, 1.0, 137.1885539443401, 1.464941471129295, 3656.569788529573, 0.0]
[0.0, 2.0, 0.0, 180.20161103477412, 1.959839454697889, 9500.206449800744, 0.0]
[1.0, 1.0, 1.0, 130.2148614, 1.31778667, 2707.995327, 0.0]
[1.0, 1.0, 1.0, 138.4608614, 1.41126221, 3502.29951, 0.0]
[1.0, 1.0, 1.0, 133.9208614, 1.56462053, 3808.021317, 0.0]
[1.0, 1.0, 1.0, 134.7968614, 1.34022251, 3433.305405, 0.0]
[1.0, 1.0, 1.0, 133.1268614, 1.33697184, 2968.131873, 0.0]
[1.0, 1.0, 1.0, 136.9867247510965, 1.406069507858954, 3645.846867929237, 0.0]
[1.0, 1.0, 1.0, 138.9068614, 1.38108633, 3649.431492, 0.0]
[1.0, 1.0, 1.0, 131.36019304470247, 1.4181749729480877, 3260.2062635668335, 0.0]
[1.0, 1.0, 1.0, 133.9208614, 1.56462053, 3808.021317, 0.0]
[1.0, 1.0, 1.0, 140.18555455433722, 1.3895754332486132, 3630.852606335761, 0.0]
[1.0, 1.0, 1.0, 146.83260030870127, 1.4632868565783863, 4361.5456838286045, 0.0]
[1.0, 1.0, 1.0, 151.53866259820865, 1.4809814482987367, 4608.275066965268, 0.0]
[1.0, 1.0, 1.0, 133.8128614, 1.55537559, 3787.03556, 0.0]
[1.0, 1.0, 1.0, 145.8808614, 1.63179211, 4727.127674, 0.0]
[1.0, 1.0, 1.0, 142.0809095060535, 1.570620843986742, 4007.6851685775273, 0.0]
[1.0, 1.0, 1.0, 133.6228614, 1.33687952, 3103.297143, 0.0]
[1.0, 1.0, 1.0, 138.5588614, 1.4826443, 3905.883497, 0.0]
[1.0, 1.0, 1.0, 140.32103197602228, 1.5362697047462122, 4077.1524471219855, 0.0]
[1.0, 1.0, 1.0, 141.5288614, 1.5355598, 3979.06929, 0.0]
[1.0, 1.0, 1.0, 130.8593960174589, 1.3800921083516293, 2809.4198794056274, 0.0]
[1.0, 1.0, 1.0, 140.4948614, 1.44622392, 3752.246386, 0.0]
[1.0, 1.0, 1.0, 130.3808614, 1.48673376, 3279.727211, 0.0]
[1.0, 1.0, 1.0, 139.1888614, 1.36124998, 3415.757077, 0.0]
[1.0, 1.0, 1.0, 138.70940948268884, 1.4804656265962617, 3734.8290420444746, 0.0]
[1.0, 1.0, 1.0, 135.17711234589774, 1.4865414805274848, 3411.0663660487467, 0.0]
[1.0, 1.0, 1.0, 143.25740563919646, 1.4338480439395487, 4596.416403738463, 0.0]
[1.0, 1.0, 1.0, 141.92095779232966, 1.4841336614211413, 3928.49946444733, 0.0]
[1.0, 1.0, 1.0, 136.86386001630143, 1.5357595399584845, 3802.871968710071, 0.0]
[1.0, 1.0, 1.0, 154.8848614, 1.45157654, 4985.377018, 0.0]
[0.0, 3.0, 1.0, 183.52523797996386, 1.961649098385283, 11267.681267375223, 0.0]
[1.0, 1.0, 1.0, 135.7228614, 1.48024982, 3505.5015, 0.0]
[1.0, 1.0, 1.0, 142.0168614, 1.47872341, 4026.338356, 0.0]
[1.0, 1.0, 1.0, 135.27690421327534, 1.4292594062253494, 3580.285159906052, 0.0]
[1.0, 1.0, 1.0, 134.2695348129729, 1.3738289504185863, 3379.694522284949, 0.0]
[1.0, 1.0, 1.0, 138.28180935163562, 1.515182274673751, 3786.6802782853483, 0.0]
[1.0, 1.0, 1.0, 141.3764605029407, 1.491505996316011, 3794.976296768434, 0.0]
[1.0, 1.0, 1.0, 135.13577501065336, 1.3311614631670086, 3475.5630980393803, 0.0]
[1.0, 1.0, 1.0, 144.9948614, 1.58493175, 4479.01039, 0.0]
[1.0, 1.0, 1.0, 141.4628614, 1.42794667, 3822.61863, 0.0]
[1.0, 1.0, 1.0, 136.0993428834009, 1.5487853424155922, 3817.6747061333763, 0.0]
[1.0, 1.0, 1.0, 133.5648614, 1.34908708, 3301.989829, 0.0]
[1.0, 1.0, 1.0, 137.2208614, 1.50904525, 3737.864996, 0.0]
[1.0, 1.0, 1.0, 162.7908614, 1.70551713, 5963.337205, 0.0]
[1.0, 1.0, 1.0, 138.7248614, 1.51639468, 3861.449762, 0.0]
[1.0, 1.0, 1.0, 149.5348614, 1.51428165, 4363.931375, 0.0]
[1.0, 1.0, 1.0, 139.6188614, 1.38558598, 3607.862021, 0.0]
[1.0, 1.0, 1.0, 141.37179377937798, 1.4756452960774216, 4105.705153329165, 0.0]
[1.0, 1.0, 1.0, 139.57868382949894, 1.51761933847139, 3964.013418667683, 0.0]
[1.0, 1.0, 1.0, 134.76078265008263, 1.355407679877035, 3052.6481825975334, 0.0]
[1.0, 1.0, 1.0, 135.07919946142545, 1.551680727531877, 3429.3921052914334, 0.0]
[1.0, 1.0, 1.0, 127.48006630740124, 1.3179508758838596, 2992.852149871842, 0.0]
[1.0, 1.0, 1.0, 135.54946020219984, 1.4300533121601704, 3646.651184126739, 0.0]
[1.0, 1.0, 1.0, 150.22863360267857, 1.6670267326298969, 4717.988549635361, 0.0]
[1.0, 1.0, 1.0, 152.4048614, 1.62034524, 5243.267754, 0.0]
[0.0, 2.0, 0.0, 177.7528614, 1.94886912, 9450.666318, 0.0]
[1.0, 1.0, 1.0, 135.6488614, 1.46206249, 3736.662912, 0.0]
[1.0, 1.0, 1.0, 161.5008614, 1.57379406, 5848.755866, 0.0]
[1.0, 1.0, 1.0, 155.0088614, 1.65391432, 5159.228493, 0.0]
[1.0, 1.0, 1.0, 133.8628614, 1.42018678, 3675.347469, 0.0]
[1.0, 1.0, 1.0, 133.5648614, 1.42920617, 3456.270609, 0.0]
[1.0, 1.0, 1.0, 146.4908614, 1.4413508, 3786.027658, 0.0]
[1.0, 1.0, 1.0, 137.03893028939072, 1.51168500125984, 3738.6943488276384, 0.0]
[0.0, 2.7229719371365935, 0.7229719371365934, 181.3287434721709, 1.9748663075909374, 10452.306368820526, 0.0]
[1.0, 1.0, 1.0, 145.4828614, 1.59626934, 4437.112998, 0.0]
[1.0, 1.0, 1.0, 138.6508614, 1.45160792, 3776.501007, 0.0]
[1.0, 1.0, 1.0, 156.83313292861817, 1.610017881925714, 5246.925375734951, 0.0]
[0.0, 2.0522949302286824, 0.05229493022868226, 184.0326830021302, 1.975087960232932, 9685.61730010892, 0.0]
[1.0, 1.0, 1.0, 138.3178487939437, 1.4849396443593705, 3816.531553176936, 0.0]
[1.0, 1.0, 1.0, 133.3828614, 1.53482146, 3755.549532, 0.0]
[1.0, 1.0, 1.0, 138.66477899814373, 1.4365478108809009, 3691.313726840959, 0.0]
[1.0, 1.0, 1.0, 144.31265972958758, 1.4518700834312315, 4580.565598149923, 0.0]
[1.0, 1.0, 1.0, 127.0808614, 1.32501159, 2986.684377, 0.0]
[1.0, 1.0, 1.0, 131.54603326357787, 1.3729914156249554, 2804.7462883412973, 0.0]
[1.0, 1.0, 1.0, 135.1868614, 1.35766009, 3049.169759, 0.0]
[0.0, 2.0, 0.0, 181.5516443794199, 1.9658875689819129, 9527.518686576359, 0.0]
[1.0, 1.0, 1.0, 161.69687421203764, 1.58239930324945, 5575.975650240561, 0.0]
[1.0, 1.0, 1.0, 144.89423440087555, 1.5185170187205805, 3990.9680970194377, 0.0]
[1.0, 1.0, 1.0, 131.28365918974006, 1.4365070315521176, 3344.1462850577427, 0.0]
[1.0, 1.0, 1.0, 149.81613649936313, 1.644421582374517, 4719.156822187358, 0.0]
[1.0, 1.0, 1.0, 137.1868614, 1.45033254, 3740.476333, 0.0]
[1.0, 1.0, 1.0, 133.91551156842155, 1.564162577481917, 3806.981777504662, 0.0]
[1.0, 1.0, 1.0, 134.33888552811234, 1.3858371941258807, 3160.320345455167, 0.0]
[1.0, 1.0, 1.0, 137.6168614, 1.41190611, 3772.102425, 0.0]
[1.0, 1.0, 1.0, 140.2148614, 1.38978175, 3632.041577, 0.0]
[1.0, 1.0, 1.0, 138.59676395606775, 1.4824853386104857, 3905.74097808549, 0.0]
[1.0, 1.0, 1.0, 148.70102031224837, 1.5833123800084106, 4722.315049537858, 0.0]
[1.0, 1.0, 1.0, 143.1360718871598, 1.50529401521239, 3984.254320504435, 0.0]
[1.0, 1.0, 1.0, 151.1628614, 1.54274267, 4900.632511, 0.0]
[1.0, 1.0, 1.0, 144.8048614, 1.53627337, 4127.367857, 0.0]
[1.0, 1.0, 1.0, 134.76666009860574, 1.427149494115039, 3581.0998286882027, 0.0]
[1.0, 1.0, 1.0, 140.05466397348812, 1.5158430981066258, 4060.8424049487403, 0.0]
[1.0, 1.0, 1.0, 148.6988614, 1.58319407, 4722.321164, 0.0]
[1.0, 1.0, 1.0, 153.649972783761, 1.5987653276871991, 5185.969004469271, 0.0]
[1.0, 1.0, 1.0, 146.50607897549048, 1.4958828615843973, 4223.507839850423, 0.0]
[1.0, 1.0, 1.0, 150.4288614, 1.51073307, 4752.267346, 0.0]
[1.0, 1.0, 1.0, 131.62545827231696, 1.3813673130451443, 3094.1631131332915, 0.0]
[1.0, 1.0, 1.0, 137.3768614, 1.47853051, 3882.010465, 0.0]
[1.0, 1.0, 1.0, 144.9948614, 1.58255732, 4458.557371, 0.0]
[1.0, 1.0, 1.0, 134.1108614, 1.38792057, 3158.131629, 0.0]
[1.0, 1.0, 1.0, 137.76568979401358, 1.4220015977896159, 3507.138531518692, 0.0]
[1.0, 1.0, 1.0, 144.7128614, 1.46924272, 4203.445812, 0.0]
[1.0, 1.0, 1.0, 141.96256619905841, 1.5025789478268625, 3979.910534015636, 0.0]
[1.0, 1.0, 1.0, 133.76764343700847, 1.3520226085042026, 3119.5656851749836, 0.0]
[1.0, 1.0, 1.0, 137.9308614, 1.35301858, 3194.798349, 0.0]
[1.0, 1.0, 1.0, 138.77909041722697, 1.5293064966230887, 3829.549328855826, 0.0]
[1.0, 1.0, 1.0, 140.2648614, 1.51071276, 4096.720409, 0.0]
[1.0, 1.0, 1.0, 150.8748614, 1.7024405, 4716.158306, 0.0]
[1.0, 1.0, 1.0, 146.64708832117776, 1.561842690880085, 4257.320534840856, 0.0]
[1.0, 1.0, 1.0, 133.6734224977957, 1.4164637225653436, 3347.2723907268405, 0.0]
[1.0, 1.0, 1.0, 143.2924663604923, 1.462222171666923, 4554.01927174445, 0.0]
[1.0, 1.0, 1.0, 130.8528614, 1.43034624, 3260.08949, 0.0]
[1.0, 1.0, 1.0, 135.2337176140156, 1.428878139275222, 3642.5742510645005, 0.0]
[1.0, 1.0, 1.0, 136.7617301781318, 1.3477171505076149, 3218.6620702139217, 0.0]
[1.0, 1.0, 1.0, 138.80590803751315, 1.4483216429637789, 3746.2369934392386, 0.0]
[1.0, 1.0, 1.0, 141.3468614, 1.40100191, 3372.372194, 0.0]
[1.0, 1.0, 1.0, 136.9388614, 1.45077032, 3536.37416, 0.0]
[1.0, 1.0, 1.0, 149.6348614, 1.54236423, 4258.511802, 0.0]
[1.0, 1.0, 1.0, 136.7908614, 1.38433641, 3384.28946, 0.0]
[1.0, 1.0, 1.0, 135.7238898872875, 1.4206839520578942, 3674.54587181213, 0.0]
[1.0, 1.0, 1.0, 148.4508614, 1.62392874, 4380.418535, 0.0]
[0.0, 2.0, 0.0, 180.64999984810106, 1.9669657213369505, 9332.847295745925, 0.0]
[1.0, 1.0, 1.0, 128.92656739646083, 1.4759548227382602, 3253.6882276107276, 0.0]
[1.0, 1.0, 1.0, 128.01135008046253, 1.4581558387211941, 3232.134619216609, 0.0]
[1.0, 1.0, 1.0, 137.38504543432998, 1.5002895653301411, 3749.3110817422826, 0.0]
[1.0, 1.0, 1.0, 136.02868496777918, 1.507849577441188, 3782.210692117937, 0.0]
[1.0, 1.0, 1.0, 132.9583879193321, 1.4062098784124646, 3006.8825407013264, 0.0]
[1.0, 1.0, 1.0, 128.1808614, 1.30308544, 2349.582604, 0.0]
[1.0, 1.0, 1.0, 136.290138219757, 1.5141106606297163, 3798.558320063633, 0.0]
[1.0, 1.0, 1.0, 137.4773463175143, 1.4360432015776632, 3503.449694608827, 0.0]
[1.0, 1.0, 1.0, 158.27794258632284, 1.6702863150601304, 5713.022464827178, 0.0]
[1.0, 1.0, 1.0, 134.79777246693632, 1.3816445063379317, 3164.7250257948313, 0.0]
[1.0, 1.0, 1.0, 161.2028614, 1.66942096, 5656.882778, 0.0]
[1.0, 1.0, 1.0, 136.18754910598085, 1.424965634484631, 3686.493824087927, 0.0]
[1.0, 1.0, 1.0, 140.6888527470578, 1.5169893149551446, 3984.3014620216854, 0.0]
[1.0, 1.0, 1.0, 135.77118452246754, 1.4783140905366816, 3507.101502381758, 0.0]
[1.0, 1.0, 1.0, 157.7708614, 1.50116153, 5613.315099, 0.0]
[1.0, 1.0, 1.0, 139.97335322546772, 1.388081560816347, 3622.243656814496, 0.0]
[1.0, 1.5941807702040816, 1.5941807702040816, 159.501464784849, 1.611752938780944, 5536.776038582816, 0.0]
[1.0, 1.0, 1.0, 138.35768242899366, 1.4140873034832566, 3371.493280212617, 0.0]
[1.0, 1.0, 1.0, 132.9608614, 1.41968233, 3583.983013, 0.0]
[1.0, 1.0, 1.0, 133.66467438377734, 1.4070119462892667, 3585.679603405393, 0.0]
[1.0, 1.0, 1.0, 138.79056059014428, 1.4832300087633565, 3907.4410911720856, 0.0]
[1.0, 1.0, 1.0, 152.21364379076698, 1.6153618029241341, 5212.817486636757, 0.0]
[1.0, 1.0, 1.0, 135.76348577746703, 1.4482915823799887, 3460.1008921159955, 0.0]
[1.0, 1.0, 1.0, 138.7748614, 1.481761, 3734.586274, 0.0]
[1.0, 1.0, 1.0, 133.38355202405432, 1.3569252187097351, 3300.722108718437, 0.0]
[1.0, 1.0, 1.0, 141.4868614, 1.40586513, 3506.943928, 0.0]
[1.0, 1.0, 1.0, 162.79309420055216, 1.6143687668678646, 5868.4794907699, 0.0]
[1.0, 1.0, 1.0, 137.02480435784506, 1.4790697706267963, 3731.3481975066243, 0.0]
[1.0, 1.0, 1.0, 143.0268614, 1.61388531, 4249.885793, 0.0]
[1.0, 1.0, 1.0, 143.20961893876563, 1.6119072505946337, 4250.124362638955, 0.0]
[1.0, 1.0, 1.0, 147.8548614, 1.42392473, 3669.320722, 0.0]
[0.0, 2.0, 0.0, 138.7328614, 1.39770777, 3486.447016, 0.0]
[1.0, 1.0, 1.0, 137.0468614, 1.44278607, 3381.939491, 0.0]
[1.0, 1.0, 1.0, 138.07122344436897, 1.4132897588457263, 3507.3833725523878, 0.0]
[1.0, 1.0, 1.0, 134.6328614, 1.50953883, 3598.942779, 0.0]
[1.0, 1.0, 1.0, 130.2895682947065, 1.3691721125306984, 2868.588692534735, 0.0]
[1.0, 1.0, 1.0, 133.22296110028492, 1.451576307979797, 3368.0930822319024, 0.0]
[0.013159773253988427, 1.9868402267460117, 0.013159773253988427, 177.6053929809158, 1.947548050237145, 9415.55187398167, 0.0]
[1.0, 1.0, 1.0, 150.1488238551614, 1.5052301522029017, 4584.768973133088, 0.0]
[1.0, 1.0, 1.0, 136.62120249667885, 1.364984470562075, 3182.227433737282, 0.0]
[1.0, 1.0, 1.0, 133.9208614, 1.56462053, 3808.021317, 0.0]
[1.0, 1.0, 1.0, 143.3328614, 1.55628436, 4119.686803, 0.0]
[1.0, 2.0, 2.0, 159.5988614, 1.60895529, 5502.827209, 0.0]
[1.0, 1.0, 1.0, 133.9208614, 1.56462053, 3808.021317, 0.0]
[1.0, 1.0, 1.0, 131.5968614, 1.33868202, 3078.477817, 0.0]
[1.0, 1.0, 1.0, 134.5988614, 1.52122142, 3870.753021, 0.0]
[1.0, 1.0, 1.0, 133.2008614, 1.46483651, 3366.476376, 0.0]
[1.0, 1.0, 1.0, 139.16748914614448, 1.5977823947684189, 4015.9639327202535, 0.0]
[1.0, 1.0, 1.0, 137.0228614, 1.34655623, 3593.774748, 0.0]
[1.0, 1.0, 1.0, 163.66924450129756, 1.6104803607631326, 5833.5479802628, 0.0]
[1.0, 1.0, 1.0, 157.6808614, 1.58961946, 5287.677612, 0.0]
[1.0, 1.0, 1.0, 136.07469262049574, 1.3813518246064098, 3382.9842935244556, 0.0]
[1.0, 1.0, 1.0, 141.9748614, 1.46831777, 3893.038859, 0.0]
[1.0, 1.0, 1.0, 135.13547345573446, 1.3397934601568633, 3241.301288606816, 0.0]
[1.0, 1.0, 1.0, 135.0288614, 1.41466194, 3033.30714, 0.0]
[1.0, 1.0, 1.0, 156.9528614, 1.68554271, 5663.024169, 0.0]
[1.0, 1.0, 1.0, 134.59772342944524, 1.4456329329343258, 3606.1431243924576, 0.0]
[1.0, 1.0, 1.0, 150.85610507965305, 1.4568179040274745, 4583.930640830464, 0.0]
[1.0, 1.0, 1.0, 131.16039594599206, 1.4598778105201156, 3276.333524906217, 0.0]
[1.0, 1.0, 1.0, 137.24834632227038, 1.4306127987289339, 3701.3604318560315, 0.0]
[1.0, 1.0, 1.0, 138.7008614, 1.47779849, 3694.513743, 0.0]
[1.0, 1.0, 1.0, 140.4038614, 1.63060254, 3943.380566, 0.0]
[1.0, 1.0, 1.0, 138.5754009979063, 1.4527998955482229, 3776.200891827647, 0.0]
[1.0, 1.0, 1.0, 161.28885144944397, 1.6418271282578072, 5712.249141503648, 0.0]
[1.0, 1.0, 1.0, 133.8208614, 1.40007623, 3309.147418, 0.0]
[1.0, 1.0, 1.0, 133.6888614, 1.41633887, 3347.27832, 0.0]
[1.0, 1.0, 1.0, 133.79269658142363, 1.4544638742318396, 3366.4156275785203, 0.0]
[0.0, 2.0, 0.0, 179.34362233811441, 1.9588056028554597, 9385.974242793356, 0.0]
[1.0, 1.0, 1.0, 137.07174975576652, 1.4221353104445706, 3608.136895014582, 0.0]
[1.0, 1.0, 1.0, 154.16857016451593, 1.5394504968387732, 4594.291809153474, 0.0]
[1.0, 1.0, 1.0, 130.13073083497463, 1.437413662571779, 3252.9851485549316, 0.0]
[1.0, 1.0, 1.0, 136.94573975630757, 1.4196980790138098, 3382.8677438433842, 0.0]
[1.0, 1.0, 1.0, 131.9108614, 1.34013465, 2746.513927, 0.0]
[1.0, 1.0, 1.0, 154.2228614, 1.54201036, 4594.759907, 0.0]
[1.0, 2.0, 1.0, 139.8508614, 1.4581583, 3524.816504, 0.0]
[1.0, 1.0, 1.0, 133.30135224539754, 1.4627969943568928, 3366.704670250957, 0.0]
[1.0, 1.0, 1.0, 135.0448614, 1.33936477, 3242.808674, 0.0]
[1.0, 1.0, 1.0, 131.8868614, 1.36766818, 3046.965225, 0.0]
[1.0, 1.0, 1.0, 153.29470598309123, 1.6265375573541727, 5257.7243457032755, 0.0]
[1.0, 1.0, 1.0, 159.3588614, 1.61584912, 5586.482263, 0.0]
[1.0, 2.0, 2.0, 149.8908614, 1.65976986, 4528.578862, 0.0]
[1.0, 1.0, 1.0, 132.45396739799517, 1.38158731765662, 3237.077510792582, 0.0]
[1.0, 1.0, 1.0, 161.5740584973191, 1.5812682819953197, 5855.257432993595, 0.0]
[1.0, 1.0, 1.0, 137.14613077577732, 1.3541989979302886, 3592.2867593987958, 0.0]
[1.0, 1.0, 1.0, 143.2988614, 1.43278582, 4600.991649, 0.0]
[1.0, 1.0, 1.0, 141.9828614, 1.50103561, 3979.9499, 0.0]
[1.0, 1.0, 1.0, 134.9208614, 1.55901769, 3429.917439, 0.0]
[1.0, 1.0, 1.0, 129.63053509154943, 1.3258665887134362, 2887.910410218659, 0.0]
[1.0, 1.0, 1.0, 135.32142138998455, 1.380547593877479, 3202.4673162614954, 0.0]
[1.0, 1.0, 1.0, 152.29536632554525, 1.6266871463523496, 5125.393720674968, 0.0]
[1.0, 1.0, 1.0, 139.91612599703413, 1.4218167462892186, 3511.777415448983, 0.0]
[1.0, 1.0, 1.0, 136.90206017883787, 1.4139897469430338, 3650.189741034837, 0.0]
[1.0, 1.0, 1.0, 137.06609136173876, 1.421574391207099, 3655.82945458315, 0.0]
[1.0, 1.0, 1.0, 129.5522981287666, 1.264455462784389, 2529.7514856407147, 0.0]
[1.0, 1.0, 1.0, 137.6990849384606, 1.4297035872146615, 3575.5910057621113, 0.0]
[1.0, 1.0, 1.0, 142.9928614, 1.44062648, 4567.220105, 0.0]
[1.0, 1.0, 1.0, 136.9888614, 1.41295889, 3650.416823, 0.0]
[1.0, 1.0, 1.0, 139.41217480363164, 1.5165135337087634, 3852.140407164164, 0.0]
[1.0, 1.0, 1.0, 166.11811349614956, 1.7833977516313453, 6569.266071534836, 0.0]
[1.0, 1.0, 1.0, 134.6093901195169, 1.4332920982914623, 3364.2715103563137, 0.0]
[1.0, 1.0, 1.0, 138.7168614, 1.39488035, 3507.900758, 0.0]
[1.0, 1.0, 1.0, 136.8728614, 1.41841498, 3703.130347, 0.0]
[1.0, 1.0, 1.0, 146.0329354241575, 1.423438004142267, 3670.105476639017, 0.0]
[1.0, 1.0, 1.0, 141.74366509559025, 1.490337441261972, 3926.8588810815854, 0.0]
[1.0, 1.0, 1.0, 133.3588614, 1.37003378, 3378.034885, 0.0]
[1.0, 1.0, 1.0, 133.09961118905537, 1.3908564780069463, 3146.8244673349327, 0.0]
[1.0, 1.0, 1.0, 145.6628614, 1.51462457, 3993.685699, 0.0]
[1.0, 1.0, 1.0, 137.85956189162363, 1.3526812584683077, 3195.984458691438, 0.0]
[1.0, 1.0, 1.0, 144.6552749465732, 1.560454170154798, 4493.972839687632, 0.0]
[1.0, 1.0, 1.0, 138.67323396920776, 1.4490318438086616, 3582.2176348803114, 0.0]
[1.0, 1.0, 1.0, 143.01042216543976, 1.5691482926580065, 4296.58230666321, 0.0]
[1.0, 1.0, 1.0, 141.8108614, 1.49086498, 3927.745016, 0.0]
[1.0, 1.0, 1.0, 133.85866225708813, 1.3615424776571277, 3129.793083157351, 0.0]
[1.0, 1.0, 1.0, 135.5748614, 1.4373337, 4073.644988, 0.0]
[1.0, 1.0, 1.0, 140.8249692355357, 1.5235497186939417, 4065.2695408332106, 0.0]
[1.0, 1.0, 1.0, 139.22696131550305, 1.3900226741353485, 3607.6608969804706, 0.0]
[1.0, 1.0, 1.0, 130.8948614, 1.48533163, 3634.474219, 0.0]
[1.0, 1.0, 1.0, 166.5468614, 1.84848215, 6782.349521, 0.0]
[1.0, 1.0517507750396162, 1.0517507750396162, 143.34983824622327, 1.451967319759801, 4565.2203907262565, 0.0]
[1.0, 1.0, 1.0, 137.2668545545792, 1.3500076387064859, 3208.351724315679, 0.0]
[1.0, 1.0, 1.0, 141.06883900129662, 1.4647596435223116, 3828.679717291253, 0.0]
[1.0, 1.0, 1.0, 129.8268614, 1.35271915, 2943.229821, 0.0]
[1.0, 1.0, 1.0, 138.98073271478603, 1.5282278032033427, 4004.4416711096073, 0.0]
[1.0, 1.0, 1.0, 157.8939628144979, 1.6658553906547076, 5647.198030320247, 0.0]
[1.0, 1.0, 1.0, 152.7574477582004, 1.618880324621669, 5144.49000376546, 0.0]
[1.0, 1.0, 1.0, 139.35832699205346, 1.4603822654259588, 3752.7742458261346, 0.0]
[1.0, 1.0, 1.0, 132.46512755328234, 1.3870401798108483, 3351.4276342717076, 0.0]
[1.0, 1.0, 1.0, 134.5988614, 1.52122142, 3870.753021, 1.0]
[1.0, 1.0, 1.0, 141.3468614, 1.40100191, 3372.372194, 1.0]
[1.0, 1.0, 1.0, 160.1448614, 1.52548619, 5962.293154, 1.0]
[1.0, 1.0, 1.0, 138.4608614, 1.41126221, 3502.29951, 1.0]
[1.0, 1.0, 1.0, 134.1528614, 1.50653883, 3872.733546, 1.0]
[1.0, 1.0, 1.0, 148.4508614, 1.62392874, 4380.418535, 1.0]
[1.0, 1.0, 1.0, 136.0968614, 1.43880912, 3489.152834, 1.0]
[1.0, 1.0, 1.0, 128.1808614, 1.30308544, 2349.582604, 1.0]
[1.0, 1.0, 1.0, 143.0268614, 1.61388531, 4249.885793, 1.0]
[1.0, 1.0, 1.0, 129.6288614, 1.37332605, 2862.955699, 1.0]
[1.0, 1.0, 1.0, 138.5028614, 1.44410334, 3744.579494, 1.0]
[1.0, 1.0, 1.0, 141.5288614, 1.5355598, 3979.06929, 1.0]
[1.0, 2.0, 2.0, 159.5988614, 1.60895529, 5502.827209, 1.0]
[1.0, 1.0, 1.0, 136.0208614, 1.39002657, 3244.831236, 1.0]
[1.0, 1.0, 1.0, 134.2108614, 1.30630049, 3064.863624, 1.0]
[1.0, 1.0, 1.0, 157.6808614, 1.49690314, 5409.010126, 1.0]
[1.0, 1.0, 1.0, 142.0168614, 1.47872341, 4026.338356, 1.0]
[1.0, 1.0, 1.0, 142.0418614, 1.51882173, 4052.288104, 1.0]
[1.0, 1.0, 1.0, 133.8128614, 1.55537559, 3787.03556, 1.0]
[1.0, 1.0, 1.0, 146.1028614, 1.51713982, 4197.467961, 1.0]
[1.0, 1.0, 1.0, 132.4648614, 1.34315235, 3124.956408, 1.0]
[0.0, 2.0, 0.0, 188.2968614, 1.8251411, 8658.349388, 1.0]
[1.0, 1.0, 1.0, 135.5248614, 1.43477852, 3419.240362, 1.0]
[0.0, 2.0, 0.0, 162.1798614, 1.83885154, 8592.084147, 1.0]
[1.0, 1.0, 1.0, 135.8388614, 1.38093659, 3486.654776, 1.0]
[1.0, 1.0, 1.0, 135.1688614, 1.43811647, 3426.276997, 1.0]
[1.0, 1.0, 1.0, 137.6168614, 1.41190611, 3772.102425, 1.0]
[1.0, 1.0, 1.0, 135.7328614, 1.3395812, 3411.370174, 1.0]
[1.0, 1.0, 1.0, 133.8628614, 1.42018678, 3675.347469, 1.0]
[1.0, 1.0, 1.0, 141.6618614, 1.54849889, 4162.402067, 1.0]
[1.0, 1.0, 1.0, 134.9208614, 1.55901769, 3429.917439, 1.0]
[1.0, 1.0, 1.0, 131.9608614, 1.49864106, 3091.3223, 1.0]
[1.0, 1.0, 1.0, 151.7428614, 1.60309246, 5137.84819, 1.0]
[1.0, 1.0, 1.0, 160.0048614, 1.70844316, 5346.433307, 1.0]
[1.0, 1.0, 1.0, 138.7248614, 1.51639468, 3861.449762, 1.0]
[0.0, 2.0, 0.0, 178.2148614, 1.865824, 9884.033255, 1.0]
[1.0, 1.0, 1.0, 134.7968614, 1.34022251, 3433.305405, 1.0]
[1.0, 1.0, 1.0, 135.6488614, 1.46206249, 3736.662912, 1.0]
[1.0, 1.0, 1.0, 138.3608614, 1.35315224, 3787.671292, 1.0]
[1.0, 1.0, 1.0, 144.1428614, 1.51014693, 4200.747655, 1.0]
[1.0, 1.0, 1.0, 130.2148614, 1.31778667, 2707.995327, 1.0]
[1.0, 1.0, 1.0, 133.3408614, 1.39123225, 3276.395058, 1.0]
[1.0, 1.0, 1.0, 156.9528614, 1.68554271, 5663.024169, 1.0]
[1.0, 1.0, 1.0, 161.5008614, 1.57379406, 5848.755866, 1.0]
[1.0, 1.0, 1.0, 134.6328614, 1.50953883, 3598.942779, 1.0]
[0.0, 3.0, 1.0, 187.0488614, 2.02197872, 11459.15406, 1.0]
[1.0, 1.0, 1.0, 129.8268614, 1.35271915, 2943.229821, 1.0]
[1.0, 1.0, 1.0, 155.6708614, 1.47034744, 5679.536968, 1.0]
[1.0, 1.0, 1.0, 139.1888614, 1.36124998, 3415.757077, 1.0]
[1.0, 1.0, 1.0, 133.6968614, 1.49082372, 3368.277093, 1.0]
[1.0, 1.0, 1.0, 137.0228614, 1.34655623, 3593.774748, 1.0]
[1.0, 1.0, 1.0, 149.2448614, 1.5657604, 4420.081123, 1.0]
[1.0, 1.0, 1.0, 127.0808614, 1.32501159, 2986.684377, 1.0]
[1.0, 1.0, 1.0, 131.8868614, 1.36766818, 3046.965225, 1.0]
[1.0, 1.0, 1.0, 135.7228614, 1.48024982, 3505.5015, 1.0]
[1.0, 1.0, 1.0, 146.4908614, 1.4413508, 3786.027658, 1.0]
[1.0, 1.0, 1.0, 138.2618614, 1.46997902, 3464.45338, 1.0]
[1.0, 1.0, 1.0, 161.2028614, 1.66942096, 5656.882778, 1.0]
[1.0, 1.0, 1.0, 138.6508614, 1.45160792, 3776.501007, 1.0]
[1.0, 1.0, 1.0, 137.9308614, 1.35301858, 3194.798349, 1.0]
[1.0, 1.0, 1.0, 149.5348614, 1.51428165, 4363.931375, 1.0]
[0.0, 2.0, 0.0, 169.0208614, 1.9849404, 10014.86186, 1.0]
[1.0, 1.0, 1.0, 138.7008614, 1.47779849, 3694.513743, 1.0]
[1.0, 1.0, 1.0, 147.5828614, 1.60006144, 4292.745345, 1.0]
[0.0, 2.0, 0.0, 181.4328614, 1.92079866, 9503.117046, 1.0]
[1.0, 1.0, 1.0, 164.3888614, 1.72583335, 5683.979284, 1.0]
[1.0, 1.0, 1.0, 150.2048614, 1.641882, 4521.846761, 1.0]
[1.0, 1.0, 1.0, 131.3488614, 1.49290105, 3110.505475, 1.0]
[1.0, 1.0, 1.0, 144.7128614, 1.46924272, 4203.445812, 1.0]
[0.0, 2.0, 0.0, 216.8868614, 2.15373142, 15639.27045, 1.0]
[1.0, 1.0, 1.0, 137.0468614, 1.44278607, 3381.939491, 1.0]
[1.0, 1.0, 1.0, 133.5648614, 1.42920617, 3456.270609, 1.0]
[1.0, 1.0, 1.0, 132.9948614, 1.39818192, 3345.732634, 1.0]
[1.0, 1.0, 1.0, 146.0028614, 1.66759858, 4613.043155, 1.0]
[0.0, 2.0, 0.0, 136.8228614, 1.27389137, 2779.175037, 1.0]
[1.0, 1.0, 1.0, 136.8728614, 1.41841498, 3703.130347, 1.0]
[1.0, 1.0, 1.0, 137.2208614, 1.50904525, 3737.864996, 1.0]
[1.0, 1.0, 1.0, 148.1628614, 1.62322103, 4515.299677, 1.0]
[1.0, 1.0, 1.0, 138.5588614, 1.4826443, 3905.883497, 1.0]
[0.0, 2.0, 0.0, 157.4748614, 1.85417344, 8127.989723, 1.0]
[0.0, 2.0, 0.0, 190.8858614, 1.99300047, 10160.08821, 1.0]
[1.0, 1.0, 1.0, 157.7708614, 1.50116153, 5613.315099, 1.0]
[1.0, 1.0, 1.0, 138.7828614, 1.45600128, 3590.409352, 1.0]
[1.0, 1.0, 1.0, 133.6888614, 1.41633887, 3347.27832, 1.0]
[1.0, 1.0, 1.0, 130.3808614, 1.48673376, 3279.727211, 1.0]
[1.0, 1.0, 1.0, 162.2868614, 1.57395839, 5573.324353, 1.0]
[1.0, 2.0, 1.0, 139.8508614, 1.4581583, 3524.816504, 1.0]
[1.0, 1.0, 1.0, 166.5468614, 1.84848215, 6782.349521, 1.0]
[1.0, 1.0, 1.0, 133.7808614, 1.44509656, 3121.224259, 1.0]
[1.0, 1.0, 1.0, 130.6788614, 1.33456011, 2708.419536, 1.0]
[1.0, 1.0, 1.0, 139.2708614, 1.62295516, 3932.185128, 1.0]
[0.0, 3.0, 1.0, 210.1388614, 2.16456589, 12664.49327, 1.0]
[0.0, 2.0, 0.0, 178.8108614, 2.05074318, 9694.059784, 1.0]
[1.0, 1.0, 1.0, 147.8548614, 1.42392473, 3669.320722, 1.0]
[1.0, 1.0, 1.0, 152.5288614, 1.46213728, 4580.154276, 1.0]
[1.0, 1.0, 1.0, 145.6628614, 1.51462457, 3993.685699, 1.0]
[0.0, 3.0, 0.0, 185.2868614, 1.94657912, 9900.675466, 1.0]
[1.0, 1.0, 1.0, 126.5108614, 1.44142697, 3470.609932, 1.0]
[1.0, 1.0, 1.0, 152.4048614, 1.62034524, 5243.267754, 1.0]
[1.0, 1.0, 1.0, 132.9608614, 1.41968233, 3583.983013, 1.0]
[1.0, 1.0, 1.0, 142.9928614, 1.44062648, 4567.220105, 1.0]
[1.0, 1.0, 1.0, 144.9948614, 1.58255732, 4458.557371, 1.0]
[1.0, 1.0, 1.0, 153.4788614, 1.58836105, 5167.201292, 1.0]
[1.0, 1.0, 1.0, 138.7748614, 1.481761, 3734.586274, 1.0]
[1.0, 1.0, 1.0, 139.6188614, 1.38558598, 3607.862021, 1.0]
[1.0, 1.0, 1.0, 136.7908614, 1.38433641, 3384.28946, 1.0]
[1.0, 1.0, 1.0, 171.9968614, 1.78602449, 6515.445589, 1.0]
[1.0, 1.0, 1.0, 135.0448614, 1.48398812, 3865.489708, 1.0]
[1.0, 2.0, 2.0, 124.0048614, 1.38167139, 2819.710042, 1.0]
[1.0, 1.0, 1.0, 148.6988614, 1.58319407, 4722.321164, 1.0]
[0.0, 2.0, 0.0, 177.7188614, 1.82454725, 9479.155257, 1.0]
[1.0, 1.0, 1.0, 141.9748614, 1.46831777, 3893.038859, 1.0]
[1.0, 1.0, 1.0, 133.2168614, 1.50802474, 3542.638111, 1.0]
[1.0, 1.0, 1.0, 139.3868614, 1.45730756, 3729.174202, 1.0]
[1.0, 1.0, 1.0, 162.7908614, 1.70551713, 5963.337205, 1.0]
[1.0, 1.0, 1.0, 154.2228614, 1.54201036, 4594.759907, 1.0]
[1.0, 1.0, 1.0, 144.9948614, 1.58493175, 4479.01039, 1.0]
[1.0, 3.0, 3.0, 146.8638614, 1.54937659, 4952.085367, 1.0]
[1.0, 1.0, 1.0, 133.3588614, 1.37003378, 3378.034885, 1.0]
[0.0, 2.0, 0.0, 231.2768614, 2.38707988, 15215.96441, 1.0]
[1.0, 1.0, 1.0, 134.0528614, 1.36455343, 3101.21277, 1.0]
[0.0, 2.0, 0.0, 169.9368614, 1.78779705, 8925.453146, 1.0]
[1.0, 1.0, 1.0, 131.6048614, 1.50069104, 3172.705144, 1.0]
[1.0, 1.0, 1.0, 147.1938614, 1.46438996, 3982.201795, 1.0]
[1.0, 1.0, 1.0, 134.9708614, 1.42891341, 3370.497447, 1.0]
[1.0, 1.0, 1.0, 141.1648614, 1.45215426, 3939.097143, 1.0]
[1.0, 1.0, 1.0, 141.4628614, 1.42794667, 3822.61863, 1.0]
[1.0, 1.0, 1.0, 133.2008614, 1.46483651, 3366.476376, 1.0]
[1.0, 1.0, 1.0, 171.3268614, 1.61912983, 6641.598612, 1.0]
[1.0, 1.0, 1.0, 131.5048614, 1.51447201, 3631.004541, 1.0]
[1.0, 1.0, 1.0, 152.2888614, 1.62605599, 5557.811709, 1.0]
[1.0, 1.0, 1.0, 142.3728614, 1.53903581, 4074.165662, 1.0]
[1.0, 1.0, 1.0, 136.9388614, 1.45077032, 3536.37416, 1.0]
[1.0, 2.0, 2.0, 149.8908614, 1.65976986, 4528.578862, 1.0]
[1.0, 1.0, 1.0, 133.9208614, 1.56462053, 3808.021317, 1.0]
[0.0, 2.0, 0.0, 178.1668614, 2.06045681, 10367.97502, 1.0]
[1.0, 1.0, 1.0, 146.6248614, 1.57806292, 4312.652687, 1.0]
[1.0, 1.0, 1.0, 135.1688614, 1.54385606, 3889.058587, 1.0]
[1.0, 1.0, 1.0, 150.8748614, 1.7024405, 4716.158306, 1.0]
[0.0, 2.0, 0.0, 218.3008614, 2.22940129, 9370.670736, 1.0]
[0.0, 3.0, 0.0, 139.3948614, 1.37995148, 3790.135953, 1.0]
[1.0, 1.0, 1.0, 132.4328614, 1.47328017, 3333.168392, 1.0]
[0.0, 2.0, 0.0, 138.7328614, 1.39770777, 3486.447016, 1.0]
[1.0, 1.0, 1.0, 140.5948614, 1.54850494, 3612.776887, 1.0]
[1.0, 1.0, 1.0, 130.8528614, 1.43034624, 3260.08949, 1.0]
[1.0, 1.0, 1.0, 145.8808614, 1.63179211, 4727.127674, 1.0]
[1.0, 1.0, 1.0, 135.5748614, 1.4373337, 4073.644988, 1.0]
[1.0, 1.0, 1.0, 145.4828614, 1.59626934, 4437.112998, 1.0]
[1.0, 1.0, 1.0, 155.0088614, 1.65391432, 5159.228493, 1.0]
[1.0, 1.0, 1.0, 162.5528614, 1.71011471, 5769.388313, 1.0]
[1.0, 1.0, 1.0, 131.9108614, 1.34013465, 2746.513927, 1.0]
[1.0, 1.0, 1.0, 131.7958614, 1.30552867, 2636.675607, 1.0]
[1.0, 1.0, 1.0, 134.8388614, 1.44283857, 3505.648025, 1.0]
[1.0, 1.0, 1.0, 131.5968614, 1.33868202, 3078.477817, 1.0]
[1.0, 1.0, 1.0, 131.0008614, 1.50242061, 3353.847736, 1.0]
[1.0, 1.0, 1.0, 140.3868614, 1.54857648, 3944.362536, 1.0]
[1.0, 1.0, 1.0, 134.4988614, 1.44755578, 3773.011581, 1.0]
[1.0, 1.0, 1.0, 140.2648614, 1.51071276, 4096.720409, 1.0]
[0.0, 2.0, 0.0, 189.8188614, 2.01956004, 9573.069189, 1.0]
[0.0, 2.0, 0.0, 174.9748614, 2.06382425, 10287.06586, 1.0]
[1.0, 1.0, 1.0, 131.5548614, 1.40066222, 3258.891919, 1.0]
[1.0, 1.0, 1.0, 122.9788614, 1.14313026, 1721.758291, 1.0]
[1.0, 1.0, 1.0, 133.1268614, 1.33697184, 2968.131873, 1.0]
[0.0, 3.0, 1.0, 190.3488614, 2.19032276, 10871.54538, 1.0]
[1.0, 1.0, 1.0, 154.8848614, 1.45157654, 4985.377018, 1.0]
[1.0, 1.0, 1.0, 140.4948614, 1.44622392, 3752.246386, 1.0]
[1.0, 1.0, 1.0, 131.8948614, 1.52919226, 3291.400747, 1.0]
[1.0, 1.0, 1.0, 137.8728614, 1.32934276, 3504.253132, 1.0]
[1.0, 1.0, 1.0, 133.3828614, 1.53482146, 3755.549532, 1.0]
[1.0, 1.0, 1.0, 140.4038614, 1.63060254, 3943.380566, 1.0]
[1.0, 1.0, 1.0, 137.3768614, 1.47853051, 3882.010465, 1.0]
[1.0, 1.0, 1.0, 135.2608614, 1.49546662, 3592.353529, 1.0]
[1.0, 1.0, 1.0, 139.3128614, 1.42647903, 3833.659194, 1.0]
[1.0, 1.0, 1.0, 135.0448614, 1.33936477, 3242.808674, 1.0]
[0.0, 2.0, 0.0, 175.8748614, 1.9941302, 9390.633908, 1.0]
[1.0, 1.0, 1.0, 144.8048614, 1.53627337, 4127.367857, 1.0]
[1.0, 1.0, 1.0, 143.3328614, 1.55628436, 4119.686803, 1.0]
[1.0, 1.0, 1.0, 139.4528614, 1.33218413, 3490.171798, 1.0]
[1.0, 1.0, 1.0, 151.8908614, 1.55629567, 4766.838427, 1.0]
[0.0, 2.0, 0.0, 177.1748614, 2.04042927, 9774.504211, 1.0]
[1.0, 1.0, 1.0, 142.5208614, 1.32191229, 3435.96684, 1.0]
[1.0, 1.0, 1.0, 137.0128614, 1.43150424, 3631.859403, 1.0]
[1.0, 1.0, 1.0, 133.8208614, 1.40007623, 3309.147418, 1.0]
[1.0, 1.0, 1.0, 140.2148614, 1.38978175, 3632.041577, 1.0]
[0.0, 2.0, 0.0, 181.6488614, 2.10782236, 9578.79959, 1.0]
[1.0, 1.0, 1.0, 134.1108614, 1.38792057, 3158.131629, 1.0]
[1.0, 1.0, 1.0, 136.9888614, 1.41295889, 3650.416823, 1.0]
[1.0, 1.0, 1.0, 133.6228614, 1.33687952, 3103.297143, 1.0]
[1.0, 1.0, 1.0, 136.6908614, 1.46901063, 3634.575642, 1.0]
[1.0, 1.0, 1.0, 141.8108614, 1.49086498, 3927.745016, 1.0]
[1.0, 1.0, 1.0, 151.1628614, 1.54274267, 4900.632511, 1.0]
[1.0, 1.0, 1.0, 157.6808614, 1.58961946, 5287.677612, 1.0]
[1.0, 1.0, 1.0, 141.9828614, 1.50103561, 3979.9499, 1.0]
[1.0, 1.0, 1.0, 133.9208614, 1.56462053, 3808.021317, 1.0]
[0.0, 3.0, 1.0, 226.4628614, 2.32190325, 17572.19994, 1.0]
[1.0, 1.0, 1.0, 137.3448614, 1.54729711, 4140.009071, 1.0]
[1.0, 1.0, 1.0, 135.1868614, 1.35766009, 3049.169759, 1.0]
[1.0, 1.0, 1.0, 131.2988614, 1.42246366, 3277.275536, 1.0]
[1.0, 1.0, 1.0, 138.9068614, 1.38108633, 3649.431492, 1.0]
[1.0, 1.0, 1.0, 149.6348614, 1.54236423, 4258.511802, 1.0]
[1.0, 1.0, 1.0, 143.2988614, 1.43278582, 4600.991649, 1.0]
[1.0, 1.0, 1.0, 139.2148614, 1.61542547, 4018.886646, 1.0]
[1.0, 1.0, 1.0, 150.4288614, 1.51073307, 4752.267346, 1.0]
[1.0, 1.0, 1.0, 161.7828614, 1.62993224, 5845.270941, 1.0]
