33.0,3.0,3.0,6.0,1.0,1.0,3.0,4.0,0.0,0.0
46.0,4.0,3.0,5.0,1.0,1.0,1.0,4.0,0.0,0.0
26.0,4.0,4.0,2.0,1.0,0.0,1.0,4.0,0.0,0.0
36.0,3.0,3.0,5.0,1.0,0.0,1.0,3.0,0.0,0.0
37.0,3.0,4.0,3.0,1.0,1.0,1.0,3.0,0.0,0.0
32.0,4.0,4.0,2.0,1.0,1.0,1.0,4.0,0.0,0.0
25.0,2.0,4.0,6.0,1.0,1.0,3.0,4.0,0.0,0.0
30.0,4.0,4.0,2.0,0.0,0.0,1.0,4.0,0.0,0.0
39.0,4.0,4.0,4.0,1.0,1.0,1.0,4.0,0.0,0.0
38.0,4.0,4.0,4.0,0.0,0.0,1.0,2.0,0.0,0.0
23.0,4.0,4.0,1.0,1.0,1.0,1.0,2.0,0.0,0.0
25.0,3.0,4.0,3.0,1.0,1.0,2.0,3.0,0.0,0.0
37.0,4.0,4.0,2.0,1.0,0.0,3.0,3.0,0.0,0.0
45.0,4.0,4.0,7.0,1.0,1.0,1.0,4.0,0.0,0.0
33.0,2.0,2.0,3.0,1.0,1.0,2.0,3.0,0.0,0.0
28.0,2.0,3.0,2.0,1.0,1.0,3.0,3.0,0.0,0.0
30.0,2.0,4.0,1.0,1.0,0.0,3.0,4.0,0.0,0.0
32.0,4.0,4.0,4.0,1.0,1.0,2.0,4.0,0.0,0.0
48.0,4.0,3.0,7.0,1.0,0.0,2.0,4.0,0.0,0.0
46.0,4.0,4.0,2.0,1.0,0.0,1.0,4.0,0.0,0.0
32.0,4.0,4.0,2.0,0.0,0.0,1.0,4.0,0.0,0.0
33.0,2.0,2.0,6.0,1.0,0.0,3.0,4.0,0.0,0.0
39.0,4.0,4.0,3.0,1.0,1.0,1.0,4.0,0.0,0.0
36.0,4.0,4.0,3.0,0.0,1.0,1.0,3.0,0.0,0.0
20.0,3.0,4.0,1.0,1.0,1.0,2.0,4.0,0.0,0.0
23.0,4.0,4.0,1.0,1.0,1.0,3.0,4.0,0.0,0.0
26.0,2.0,4.0,2.0,1.0,1.0,1.0,3.0,0.0,0.0
25.0,3.0,3.0,1.0,1.0,1.0,3.0,1.0,0.0,0.0
36.0,4.0,4.0,3.0,1.0,1.0,1.0,4.0,0.0,0.0
40.0,4.0,4.0,3.0,1.0,1.0,1.0,4.0,0.0,0.0
42.0,4.0,4.0,8.0,0.0,1.0,1.0,4.0,0.0,0.0
39.0,4.0,4.0,4.0,1.0,0.0,1.0,4.0,0.0,0.0
34.0,4.0,4.0,2.0,1.0,1.0,1.0,4.0,0.0,0.0
36.0,4.0,4.0,3.0,1.0,1.0,1.0,4.0,0.0,0.0
37.0,4.0,4.0,3.0,1.0,1.0,1.0,4.0,0.0,0.0
36.0,4.0,4.0,4.0,0.0,1.0,1.0,4.0,0.0,0.0
27.0,3.0,3.0,1.0,0.0,0.0,2.0,4.0,0.0,0.0
37.0,4.0,3.0,8.0,1.0,1.0,1.0,4.0,0.0,0.0
31.0,4.0,4.0,3.0,0.0,0.0,4.0,4.0,0.0,0.0
34.0,4.0,4.0,4.0,1.0,1.0,3.0,3.0,0.0,0.0
47.0,4.0,4.0,8.0,1.0,1.0,1.0,4.0,0.0,0.0
34.0,4.0,4.0,3.0,1.0,1.0,1.0,4.0,0.0,0.0
44.0,4.0,4.0,6.0,0.0,1.0,1.0,3.0,0.0,0.0
42.0,4.0,4.0,6.0,1.0,1.0,1.0,3.0,0.0,0.0
44.0,4.0,4.0,4.0,1.0,0.0,2.0,3.0,0.0,0.0
35.0,1.0,3.0,7.0,1.0,0.0,2.0,3.0,1.0,0.0
32.0,3.0,4.0,7.0,0.0,1.0,1.0,3.0,0.0,0.0
31.0,3.0,3.0,2.0,1.0,0.0,3.0,3.0,0.0,0.0
47.0,3.0,4.0,11.0,1.0,0.0,2.0,3.0,0.0,0.0
38.0,4.0,4.0,6.0,1.0,0.0,3.0,3.0,0.0,0.0
35.0,3.0,3.0,4.0,1.0,1.0,3.0,2.0,0.0,0.0
26.0,3.0,4.0,3.0,1.0,1.0,3.0,4.0,0.0,0.0
40.0,4.0,4.0,6.0,0.0,0.0,1.0,4.0,0.0,0.0
37.0,4.0,4.0,3.0,1.0,1.0,1.0,4.0,0.0,0.0
39.0,4.0,4.0,5.0,1.0,1.0,2.0,4.0,0.0,0.0
31.0,4.0,4.0,3.0,1.0,1.0,1.0,4.0,0.0,0.0
26.0,4.0,4.0,1.0,0.0,1.0,2.0,4.0,0.0,0.0
29.0,4.0,4.0,1.0,1.0,0.0,2.0,4.0,0.0,0.0
29.0,4.0,4.0,2.0,1.0,0.0,1.0,3.0,0.0,0.0
33.0,4.0,4.0,4.0,1.0,1.0,1.0,4.0,0.0,0.0
22.0,4.0,4.0,1.0,1.0,1.0,1.0,2.0,0.0,0.0
35.0,3.0,4.0,5.0,1.0,0.0,1.0,3.0,1.0,0.0
32.0,4.0,4.0,3.0,0.0,1.0,3.0,3.0,0.0,0.0
35.0,4.0,4.0,5.0,1.0,0.0,1.0,3.0,0.0,0.0
29.0,4.0,4.0,2.0,1.0,1.0,1.0,4.0,0.0,0.0
36.0,4.0,4.0,3.0,1.0,0.0,2.0,4.0,0.0,0.0
32.0,4.0,4.0,2.0,1.0,0.0,1.0,4.0,0.0,0.0
30.0,4.0,1.0,4.0,1.0,1.0,3.0,3.0,0.0,0.0
36.0,4.0,4.0,4.0,0.0,1.0,2.0,4.0,0.0,0.0
33.0,4.0,4.0,3.0,1.0,1.0,3.0,4.0,0.0,0.0
33.0,3.0,4.0,5.0,0.0,1.0,3.0,3.0,0.0,0.0
38.0,4.0,4.0,5.0,1.0,1.0,1.0,3.0,0.0,0.0
26.0,3.0,3.0,2.0,1.0,1.0,3.0,2.0,0.0,0.0
24.0,4.0,4.0,1.0,1.0,1.0,3.0,4.0,0.0,0.0
33.0,2.0,3.0,5.0,1.0,0.0,2.0,1.0,0.0,0.0
45.0,3.0,3.0,7.0,1.0,1.0,3.0,4.0,0.0,0.0
29.0,4.0,4.0,2.0,1.0,0.0,1.0,3.0,0.0,0.0
47.0,2.0,2.0,7.0,1.0,1.0,2.0,4.0,0.0,0.0
47.0,4.0,4.0,6.0,1.0,0.0,1.0,4.0,0.0,0.0
43.0,3.0,4.0,2.0,1.0,0.0,2.0,4.0,0.0,0.0
44.0,4.0,4.0,7.0,1.0,1.0,3.0,2.0,0.0,0.0
24.0,2.0,4.0,2.0,1.0,1.0,3.0,3.0,0.0,0.0
28.0,4.0,4.0,2.0,1.0,0.0,1.0,3.0,0.0,0.0
34.0,4.0,4.0,5.0,1.0,1.0,3.0,4.0,0.0,0.0
31.0,3.0,4.0,4.0,1.0,1.0,1.0,3.0,0.0,0.0
27.0,3.0,3.0,1.0,1.0,0.0,3.0,4.0,0.0,0.0
26.0,4.0,4.0,1.0,1.0,0.0,1.0,3.0,0.0,0.0
35.0,4.0,4.0,4.0,0.0,1.0,3.0,3.0,0.0,0.0
38.0,4.0,4.0,6.0,1.0,1.0,3.0,3.0,0.0,0.0
41.0,4.0,4.0,4.0,1.0,1.0,1.0,4.0,0.0,0.0
41.0,3.0,4.0,5.0,1.0,1.0,1.0,3.0,0.0,0.0
33.0,4.0,4.0,3.0,1.0,1.0,3.0,3.0,0.0,0.0
29.0,4.0,4.0,3.0,1.0,0.0,3.0,3.0,0.0,0.0
47.0,4.0,4.0,4.0,1.0,0.0,1.0,4.0,0.0,0.0
28.0,4.0,4.0,4.0,1.0,1.0,1.0,3.0,0.0,0.0
32.0,3.0,3.0,6.0,1.0,0.0,3.0,3.0,0.0,0.0
30.0,3.0,4.0,2.0,1.0,1.0,1.0,4.0,0.0,0.0
37.0,4.0,4.0,5.0,1.0,1.0,3.0,4.0,0.0,0.0
38.0,4.0,4.0,3.0,1.0,0.0,1.0,4.0,0.0,0.0
41.0,3.0,3.0,5.0,1.0,1.0,1.0,4.0,0.0,0.0
43.0,3.0,4.0,5.0,1.0,1.0,3.0,2.0,1.0,0.0
47.0,1.0,1.0,10.0,1.0,1.0,3.0,3.0,0.0,0.0
22.0,4.0,4.0,1.0,1.0,1.0,1.0,3.0,0.0,0.0
39.0,4.0,4.0,3.0,0.0,0.0,1.0,4.0,0.0,0.0
36.0,4.0,4.0,3.0,0.0,1.0,2.0,4.0,0.0,0.0
36.0,3.0,4.0,4.0,0.0,0.0,2.0,4.0,0.0,0.0
41.0,4.0,4.0,4.0,0.0,0.0,2.0,4.0,0.0,0.0
32.0,4.0,4.0,4.0,0.0,0.0,2.0,4.0,0.0,0.0
41.0,4.0,4.0,4.0,0.0,0.0,2.0,4.0,0.0,0.0
35.0,4.0,4.0,3.0,1.0,1.0,2.0,3.0,0.0,0.0
24.0,4.0,4.0,2.0,1.0,0.0,1.0,3.0,0.0,0.0
43.0,4.0,4.0,6.0,1.0,1.0,1.0,4.0,0.0,0.0
48.0,4.0,4.0,7.0,0.0,1.0,1.0,4.0,0.0,0.0
28.0,4.0,4.0,2.0,1.0,1.0,1.0,3.0,0.0,0.0
39.0,4.0,4.0,3.0,1.0,1.0,1.0,4.0,0.0,0.0
33.0,4.0,3.0,5.0,1.0,1.0,2.0,4.0,0.0,0.0
29.0,4.0,4.0,2.0,1.0,1.0,3.0,4.0,0.0,0.0
44.0,4.0,4.0,5.0,1.0,1.0,1.0,4.0,0.0,0.0
35.0,3.0,4.0,3.0,1.0,1.0,2.0,2.0,0.0,0.0
32.0,3.0,4.0,5.0,1.0,1.0,1.0,2.0,0.0,0.0
27.0,4.0,4.0,2.0,1.0,0.0,1.0,3.0,0.0,0.0
44.0,4.0,4.0,4.0,1.0,1.0,1.0,4.0,0.0,0.0
42.0,4.0,4.0,5.0,1.0,1.0,1.0,4.0,0.0,0.0
40.0,4.0,4.0,6.0,1.0,1.0,1.0,3.0,0.0,0.0
44.0,4.0,4.0,3.0,1.0,1.0,1.0,4.0,0.0,0.0
33.0,4.0,4.0,5.0,1.0,1.0,2.0,4.0,0.0,0.0
31.0,4.0,2.0,2.0,0.0,1.0,1.0,3.0,0.0,0.0
37.0,4.0,4.0,3.0,0.0,1.0,3.0,4.0,0.0,0.0
45.0,4.0,4.0,3.0,0.0,1.0,2.0,4.0,0.0,0.0
26.0,4.0,4.0,2.0,0.0,1.0,1.0,4.0,0.0,0.0
40.0,3.0,4.0,2.0,0.0,1.0,3.0,4.0,0.0,0.0
30.0,4.0,4.0,1.0,0.0,1.0,2.0,4.0,0.0,0.0
36.0,3.0,4.0,3.0,0.0,0.0,3.0,4.0,0.0,0.0
33.0,3.0,4.0,3.0,0.0,1.0,2.0,4.0,0.0,0.0
37.0,4.0,4.0,4.0,0.0,0.0,2.0,4.0,0.0,0.0
46.0,4.0,4.0,3.0,0.0,0.0,1.0,4.0,0.0,0.0
38.0,4.0,4.0,4.0,0.0,1.0,3.0,4.0,0.0,0.0
42.0,4.0,3.0,7.0,1.0,0.0,1.0,4.0,0.0,0.0
35.0,2.0,2.0,6.0,1.0,1.0,3.0,4.0,0.0,0.0
34.0,4.0,4.0,6.0,1.0,1.0,3.0,4.0,0.0,0.0
37.0,4.0,4.0,4.0,1.0,1.0,1.0,4.0,0.0,0.0
30.0,3.0,3.0,2.0,1.0,1.0,2.0,3.0,0.0,0.0
31.0,4.0,4.0,3.0,0.0,1.0,2.0,4.0,0.0,0.0
41.0,4.0,4.0,6.0,0.0,1.0,1.0,4.0,0.0,0.0
41.0,4.0,4.0,7.0,1.0,1.0,2.0,4.0,0.0,0.0
32.0,4.0,4.0,2.0,0.0,0.0,2.0,4.0,0.0,0.0
44.0,4.0,4.0,4.0,1.0,1.0,1.0,4.0,0.0,0.0
39.0,4.0,4.0,4.0,0.0,1.0,1.0,4.0,0.0,0.0
39.0,4.0,4.0,5.0,1.0,1.0,1.0,4.0,0.0,0.0
45.0,4.0,4.0,4.0,1.0,1.0,1.0,4.0,0.0,0.0
39.0,4.0,4.0,3.0,0.0,1.0,1.0,4.0,0.0,0.0
44.0,4.0,4.0,3.0,1.0,0.0,1.0,4.0,0.0,0.0
34.0,3.0,3.0,6.0,1.0,1.0,3.0,4.0,0.0,0.0
33.0,3.0,3.0,5.0,1.0,1.0,3.0,4.0,0.0,0.0
34.0,2.0,2.0,8.0,1.0,1.0,2.0,2.0,0.0,0.0
47.0,1.0,1.0,8.0,1.0,1.0,3.0,4.0,1.0,0.0
41.0,4.0,4.0,4.0,1.0,0.0,1.0,4.0,0.0,0.0
42.0,4.0,4.0,4.0,1.0,1.0,3.0,4.0,0.0,0.0
31.0,4.0,4.0,4.0,1.0,1.0,3.0,3.0,0.0,0.0
42.0,4.0,4.0,6.0,1.0,1.0,1.0,3.0,0.0,0.0
21.0,4.0,4.0,1.0,1.0,1.0,1.0,3.0,0.0,0.0
22.0,4.0,4.0,1.0,1.0,1.0,1.0,3.0,0.0,0.0
36.0,4.0,4.0,3.0,1.0,0.0,1.0,4.0,0.0,0.0
45.0,2.0,2.0,9.0,1.0,1.0,3.0,3.0,0.0,0.0
35.0,4.0,4.0,5.0,1.0,0.0,1.0,4.0,0.0,0.0
26.0,2.0,4.0,2.0,1.0,1.0,1.0,4.0,0.0,0.0
45.0,4.0,4.0,3.0,1.0,1.0,1.0,4.0,0.0,0.0
27.0,3.0,3.0,2.0,1.0,1.0,3.0,4.0,0.0,0.0
27.0,4.0,4.0,3.0,1.0,1.0,1.0,3.0,0.0,0.0
28.0,4.0,4.0,2.0,0.0,1.0,1.0,4.0,0.0,0.0
30.0,4.0,4.0,3.0,1.0,1.0,2.0,1.0,0.0,0.0
26.0,3.0,4.0,3.0,1.0,1.0,2.0,3.0,0.0,0.0
41.0,4.0,4.0,8.0,1.0,1.0,1.0,4.0,0.0,0.0
32.0,3.0,3.0,4.0,1.0,0.0,3.0,3.0,0.0,0.0
22.0,4.0,4.0,1.0,1.0,0.0,2.0,2.0,0.0,0.0
34.0,3.0,4.0,3.0,0.0,1.0,1.0,4.0,0.0,0.0
38.0,3.0,4.0,7.0,0.0,1.0,2.0,3.0,0.0,0.0
24.0,4.0,4.0,1.0,1.0,1.0,2.0,4.0,0.0,0.0
34.0,3.0,4.0,4.0,1.0,1.0,3.0,3.0,0.0,0.0
29.0,3.0,4.0,2.0,1.0,1.0,1.0,4.0,0.0,0.0
26.0,4.0,4.0,1.0,1.0,0.0,2.0,3.0,0.0,0.0
47.0,4.0,4.0,4.0,0.0,1.0,2.0,4.0,0.0,0.0
41.0,4.0,4.0,3.0,1.0,0.0,2.0,3.0,0.0,0.0
29.0,3.0,4.0,3.0,1.0,1.0,1.0,3.0,0.0,0.0
33.0,4.0,4.0,2.0,0.0,0.0,1.0,3.0,0.0,0.0
32.0,4.0,4.0,4.0,1.0,1.0,2.0,3.0,0.0,0.0
45.0,4.0,4.0,3.0,1.0,1.0,1.0,4.0,0.0,0.0
37.0,4.0,4.0,4.0,1.0,1.0,1.0,4.0,0.0,0.0
35.0,2.0,4.0,4.0,0.0,1.0,3.0,2.0,0.0,0.0
37.0,4.0,4.0,3.0,1.0,1.0,3.0,4.0,0.0,0.0
41.0,4.0,4.0,4.0,0.0,0.0,2.0,4.0,0.0,0.0
26.0,3.0,3.0,2.0,1.0,1.0,1.0,3.0,0.0,0.0
22.0,3.0,3.0,2.0,1.0,1.0,3.0,3.0,0.0,0.0
36.0,4.0,4.0,3.0,1.0,1.0,3.0,3.0,0.0,0.0
39.0,4.0,4.0,3.0,0.0,1.0,2.0,4.0,0.0,0.0
29.0,3.0,4.0,3.0,1.0,1.0,1.0,3.0,0.0,0.0
40.0,4.0,4.0,5.0,1.0,1.0,1.0,3.0,0.0,0.0
44.0,3.0,4.0,6.0,1.0,1.0,3.0,2.0,0.0,0.0
24.0,4.0,4.0,2.0,1.0,1.0,2.0,4.0,0.0,0.0
24.0,4.0,4.0,1.0,0.0,1.0,2.0,3.0,0.0,0.0
26.0,2.0,2.0,4.0,1.0,1.0,3.0,4.0,0.0,0.0
27.0,4.0,4.0,1.0,1.0,1.0,1.0,4.0,0.0,0.0
41.0,3.0,4.0,3.0,0.0,1.0,2.0,4.0,0.0,0.0
28.0,3.0,4.0,2.0,0.0,1.0,3.0,3.0,0.0,0.0
33.0,4.0,4.0,3.0,0.0,1.0,2.0,4.0,0.0,0.0
35.0,4.0,4.0,5.0,1.0,1.0,1.0,4.0,0.0,0.0
39.0,3.0,4.0,5.0,1.0,1.0,3.0,4.0,0.0,0.0
27.0,4.0,4.0,2.0,1.0,1.0,1.0,3.0,0.0,0.0
38.0,4.0,4.0,4.0,1.0,1.0,2.0,4.0,0.0,0.0
48.0,4.0,4.0,7.0,1.0,0.0,1.0,4.0,0.0,0.0
34.0,4.0,4.0,4.0,1.0,0.0,3.0,3.0,0.0,0.0
36.0,3.0,3.0,4.0,1.0,1.0,1.0,3.0,0.0,0.0
34.0,4.0,4.0,3.0,1.0,0.0,3.0,4.0,0.0,0.0
42.0,4.0,4.0,4.0,0.0,0.0,2.0,4.0,0.0,0.0
45.0,3.0,3.0,5.0,0.0,1.0,1.0,3.0,0.0,0.0
37.0,4.0,4.0,4.0,0.0,1.0,2.0,4.0,0.0,0.0
38.0,4.0,4.0,3.0,0.0,0.0,2.0,4.0,0.0,0.0
42.0,3.0,3.0,4.0,0.0,1.0,3.0,4.0,0.0,0.0
42.0,2.0,4.0,5.0,0.0,1.0,2.0,3.0,0.0,0.0
41.0,4.0,4.0,6.0,1.0,1.0,1.0,4.0,0.0,0.0
43.0,4.0,4.0,5.0,0.0,1.0,1.0,4.0,0.0,0.0
44.0,2.0,3.0,1.0,0.0,1.0,2.0,4.0,0.0,0.0
41.0,4.0,4.0,4.0,0.0,1.0,1.0,4.0,0.0,0.0
36.0,4.0,4.0,3.0,1.0,1.0,1.0,4.0,0.0,0.0
39.0,4.0,4.0,3.1188291314026086,1.0,0.8811708685973915,1.0,4.0,0.0,0.0
28.223041284260045,4.0,4.0,2.0,1.0,0.0,1.0,3.0,0.0,0.0
26.0,2.56950191632274,3.43049808367726,2.0,1.0,1.0,1.0,3.43049808367726,0.0,0.0
36.0,4.0,4.0,3.0,1.0,0.3126886040191218,1.687311395980878,4.0,0.0,0.0
22.875531523587554,3.8755315235875547,4.0,1.0,1.0,1.0,3.1244684764124453,4.0,0.0,0.0
32.16496869296029,2.8350313070397117,3.0,4.164968692960288,1.0,0.0,2.8350313070397117,2.670062614079424,0.0,0.0
32.78172435578772,3.7817243557877234,4.0,5.436551288424553,0.7817243557877233,1.0,1.7817243557877234,3.7817243557877234,0.0,0.0
32.0,4.0,4.0,2.0,0.0,0.0,1.5033319590193222,4.0,0.0,0.0
44.0,4.0,4.0,4.740087650925854,1.0,1.0,1.0,4.0,0.0,0.0
37.923785611832166,4.0,4.0,5.923785611832167,1.0,1.0,3.0,3.076214388167833,0.0,0.0
38.04182000882717,4.0,4.0,3.0,0.0,0.0,1.9581799911728304,4.0,0.0,0.0
33.0,4.0,4.0,4.090529638809426,1.0,1.0,1.0905296388094263,4.0,0.0,0.0
23.73829484849951,4.0,4.0,1.0,1.0,1.0,3.0,3.738294848499511,0.0,0.0
32.90437568178037,2.0956243182196292,2.0956243182196292,2.9043756817803708,1.0,0.9043756817803708,2.0956243182196292,3.0956243182196292,0.0,0.0
26.19631327638582,2.19631327638582,2.0,4.19631327638582,1.0,1.0,2.80368672361418,4.0,0.0,0.0
32.878183970640286,2.1218160293597164,2.1218160293597164,3.1218160293597164,1.0,0.8781839706402834,2.1218160293597164,3.0,0.0,0.0
34.54990681107543,1.4500931889245714,2.5499068110754286,7.450093188924572,1.0,0.4500931889245715,2.0,2.5499068110754286,0.5499068110754285,0.0
31.475586717144868,3.0,4.0,4.475586717144867,1.0,1.0,1.0,2.5244132828551336,0.0,0.0
34.326402666237364,1.6735973337626338,2.3264026662373665,7.6735973337626335,1.0,0.6735973337626338,2.0,2.3264026662373665,0.32640266623736625,0.0
38.33954265942612,4.0,4.0,5.0,1.0,1.0,1.3395426594261242,3.339542659426124,0.0,0.0
28.36555097439991,3.0,4.0,3.0,1.0,1.0,1.0,3.6344490256000896,0.0,0.0
22.04773660298331,4.0,4.0,1.0,0.9522633970166888,1.0,1.0,3.0477366029833113,0.0,0.0
40.1169324996049,3.0,4.0,2.1169324996049,0.0,1.0,2.8830675003951,4.0,0.0,0.0
39.0,3.9765592791708713,4.0,5.0,1.0,1.0,2.0234407208291287,4.0,0.0,0.0
41.312502048214526,3.312502048214524,3.312502048214524,5.0,1.0,1.0,1.0,4.0,0.0,0.0
44.437791041393304,3.5622089586066927,3.5622089586066927,5.562208958606693,0.0,1.0,1.0,3.0,0.0,0.0
41.0,4.0,4.0,3.057496120352762,1.0,0.0,1.9425038796472383,3.057496120352762,0.0,0.0
47.0,1.9955964942519804,1.9955964942519804,7.013210517244059,1.0,1.0,2.0044035057480194,3.9955964942519806,0.0,0.0
29.0,3.0,4.0,2.7151963571058153,1.0,1.0,1.0,3.2848036428941847,0.0,0.0
34.06459596627441,2.9354040337255873,2.9354040337255873,6.0,1.0,1.0,3.0,4.0,0.0,0.0
30.0,2.0,4.0,1.021635323791802,1.0,0.010817661895901054,3.0,4.0,0.0,0.0
36.36781654323521,3.632183456764791,4.0,3.0,1.0,1.0,1.0,3.632183456764791,0.0,0.0
35.0,4.0,4.0,5.0,0.33646149982384777,0.33646149982384777,1.0,4.0,0.0,0.0
29.0,4.0,4.0,2.0,1.0,0.0,1.0,3.0,0.0,0.0
43.52933665325857,4.0,4.0,5.4706633467414285,1.0,1.0,1.0,4.0,0.0,0.0
43.42382908292909,3.0,3.423829082929091,6.0,1.0,0.42382908292909105,3.0,2.0,0.0,0.0
36.0,4.0,4.0,3.0,1.0,1.0,1.0,4.0,0.0,0.0
21.719552571166144,4.0,4.0,1.0,1.0,1.0,1.0,3.2804474288338548,0.0,0.0
41.0,4.0,4.0,5.795319577403125,0.0,1.0,1.2046804225968746,4.0,0.0,0.0
26.0,3.0,4.0,2.7850550884930114,1.0,1.0,2.2149449115069886,3.0,0.0,0.0
46.90401173400374,1.095988265996265,1.095988265996265,9.904011734003735,1.0,1.0,2.9520058670018674,3.0,0.0,0.0
47.0,4.0,4.0,4.0,0.9627183170349112,0.037281682965088825,1.0372816829650888,4.0,0.0,0.0
26.0,2.303009455449735,4.0,2.303009455449735,1.0,1.0,1.0,3.303009455449735,0.0,0.0
30.956459369384653,3.0,4.0,7.0,0.5217703153076735,1.0,1.5217703153076734,3.5217703153076734,0.0,0.0
24.0,4.0,4.0,2.0,1.0,0.5220931211408266,1.5220931211408266,3.5220931211408266,0.0,0.0
27.0,4.0,4.0,2.430748097199335,1.0,1.0,1.0,3.430748097199335,0.0,0.0
29.361854786689513,3.0,3.6381452133104886,2.6381452133104886,1.0,1.0,1.3618547866895114,3.0,0.0,0.0
26.0,4.0,4.0,1.0,0.9064107685987751,0.09358923140122488,2.0,3.093589231401225,0.0,0.0
36.0,4.0,4.0,3.0,1.0,0.791381696270771,2.791381696270771,3.208618303729229,0.0,0.0
41.0,4.0,4.0,7.84835405019578,1.0,1.0,1.1516459498042209,4.0,0.0,0.0
37.77850008727904,4.0,4.0,3.2214999127209554,0.0,0.0,2.0,4.0,0.0,0.0
37.0,4.0,3.280214379259051,7.719785620740949,1.0,1.0,1.0,4.0,0.0,0.0
43.83679539172409,2.1632046082759113,3.1632046082759113,1.1632046082759113,0.16320460827591143,0.8367953917240886,2.0,4.0,0.0,0.0
26.0,4.0,4.0,1.1708924417145539,1.0,0.0,1.0,3.170892441714554,0.0,0.0
21.889799882994733,4.0,4.0,1.0,1.0,1.0,1.0,3.0,0.0,0.0
32.64642306071344,2.353576939286562,3.353576939286562,5.0,1.0,0.3535769392865623,1.6464230607134378,1.3535769392865622,0.0,0.0
34.818579728222595,2.3628405435548077,4.0,4.0,0.18142027177740372,1.0,3.0,2.181420271777404,0.0,0.0
31.0,4.0,4.0,3.0,0.40938260037252827,1.0,1.5906173996274717,4.0,0.0,0.0
31.0,4.0,4.0,3.6671640469391518,0.6671640469391515,1.0,2.6671640469391518,3.3328359530608482,0.0,0.0
33.42006430535585,3.0,3.0,6.0,1.0,1.0,3.0,4.0,0.0,0.0
34.0,4.0,4.0,4.0384838492902455,1.0,1.0,3.0,3.0384838492902455,0.0,0.0
26.0,2.249141361417745,2.49828272283549,3.750858638582255,1.0,1.0,3.0,4.0,0.0,0.0
27.0,3.0,3.0,1.532596180370142,0.532596180370142,0.532596180370142,2.532596180370142,4.0,0.0,0.0
41.0,4.0,4.0,4.0,0.0,0.8684438860438081,1.1315561139561918,4.0,0.0,0.0
24.242107743900256,2.0,3.757892256099745,1.7578922560997448,1.0,0.7578922560997448,3.242107743900255,3.242107743900255,0.0,0.0
22.3680972008525,3.3680972008524996,4.0,1.0,1.0,0.6319027991475005,3.6319027991475004,4.0,0.0,0.0
29.0,4.0,4.0,1.621487692530836,1.0,0.6214876925308358,1.378512307469164,4.0,0.0,0.0
47.0,4.0,4.0,4.0,0.7054612572030542,0.2945387427969458,1.294538742796946,4.0,0.0,0.0
31.939991091043943,3.0,3.0,3.8799821820878853,1.0,0.0,3.0,3.0,0.0,0.0
38.0,2.7355557286502554,3.4711114573005113,7.264444271349745,0.26444427134974435,1.0,2.0,2.7355557286502554,0.0,0.0
21.29656846946745,4.0,4.0,1.0,1.0,1.0,1.0,3.7034315305325505,0.0,0.0
41.906896596287496,4.0,3.093103403712503,7.093103403712503,1.0,0.09310340371250314,1.0,4.0,0.0,0.0
26.0,1.6727016120938147,1.6727016120938147,3.3454032241876295,1.0,1.0,3.0,4.0,0.0,0.0
36.90762904553032,3.9076290455303178,3.0923709544696822,7.907629045530318,1.0,1.0,1.0923709544696822,3.8152580910606355,0.0,0.0
41.40262365841011,3.0,3.0,4.59737634158989,1.0,1.0,1.4026236584101097,4.0,0.0,0.0
33.20181901400846,3.0,4.0,4.7981809859915465,0.2018190140084536,1.0,3.0,3.0,0.0,0.0
44.513818370323946,4.0,4.0,3.0,0.4861816296760516,1.0,1.5138183703239485,4.0,0.0,0.0
29.0,4.0,4.0,2.0,1.0,0.0,1.0,3.0,0.0,0.0
23.90824609001138,4.0,3.9082460900113825,2.0917539099886175,1.0,1.0,2.0917539099886175,3.9082460900113825,0.0,0.0
33.0,3.5919697118348233,4.0,3.0,0.0,1.0,2.0,4.0,0.0,0.0
29.0,3.0,4.0,2.547674433716822,1.0,1.0,1.0,3.452325566283178,0.0,0.0
36.0,3.0,3.0,4.260100604377626,1.0,0.7398993956223744,1.0,3.0,0.0,0.0
38.78850929513268,4.0,4.0,3.7885092951326773,1.0,0.0,1.0,4.0,0.0,0.0
41.0,4.0,4.0,4.0,0.0,0.14247118565041805,1.8575288143495818,4.0,0.0,0.0
38.0,4.0,4.0,5.509803540585479,1.0,1.0,1.0,3.5098035405854793,0.0,0.0
26.59134159355358,3.0,3.4086584064464214,1.4086584064464214,1.0,0.4086584064464215,3.0,3.5913415935535786,0.0,0.0
41.0,4.0,4.0,4.0,0.4743062262178074,0.0,1.5256937737821925,4.0,0.0,0.0
24.24596175355408,2.1229808767770413,4.0,2.0,1.0,1.0,3.0,3.0,0.0,0.0
46.17877160167687,1.8212283983231254,1.8212283983231254,9.178771601676875,1.0,1.0,2.5893858008384374,3.0,0.0,0.0
33.0,3.862127082512529,4.0,3.0,0.8621270825125289,1.0,2.862127082512529,4.0,0.0,0.0
34.0,4.0,4.0,4.0,1.0,1.0,2.846245714366316,3.153754285633684,0.0,0.0
41.60967715687101,2.3903228431289927,3.0,4.695161421564496,1.0,1.0,1.0,4.0,0.0,0.0
30.453648991811818,3.4536489918118174,2.5463510081881826,2.0,0.5463510081881825,1.0,1.5463510081881826,3.0,0.0,0.0
36.0,4.0,4.0,3.0,1.0,1.0,1.0,4.0,0.0,0.0
31.56303924088932,4.0,4.0,3.0,0.0,0.5630392408893224,3.4369607591106774,3.4369607591106774,0.0,0.0
44.0,1.2590252551793495,3.7409747448206505,1.7409747448206505,0.7409747448206506,1.0,1.2590252551793495,3.2590252551793495,0.0,0.0
31.037633742931806,4.0,4.0,4.0,1.0,1.0,2.9623662570681923,3.0,0.0,0.0
21.580541973248614,4.0,4.0,1.0,1.0,1.0,1.0,3.419458026751385,0.0,0.0
24.0,4.0,4.0,1.0,1.0,1.0,1.2332584719598085,4.0,0.0,0.0
28.74848593436769,4.0,4.0,2.0,0.7484859343676884,1.0,1.0,4.0,0.0,0.0
35.0,4.0,4.0,5.0,1.0,0.9366716660440879,1.936671666044088,3.936671666044088,0.0,0.0
21.0,4.0,4.0,1.0,1.0,1.0,1.0,3.1197910180550856,0.0,0.0
36.0,4.0,4.0,3.0,1.0,1.0,1.0,4.0,0.0,0.0
33.0,4.0,4.0,3.0,1.0,1.0,3.0,3.423979874668718,0.0,0.0
44.0,4.0,4.0,3.290356581044876,1.0,0.0,1.2903565810448758,3.709643418955124,0.0,0.0
27.830473163090314,3.8304731630903155,3.660946326180631,4.169526836909684,1.0,1.0,1.1695268369096845,3.1695268369096845,0.0,0.0
23.275384156803124,4.0,4.0,1.0,1.0,1.0,3.0,4.0,0.0,0.0
28.37948052455815,3.0,4.0,3.0,1.0,1.0,1.0,3.6205194754418493,0.0,0.0
39.90732558256712,4.0,4.0,3.0,1.0,1.0,1.0,4.0,0.0,0.0
37.22384068982883,3.223840689828836,4.0,3.223840689828836,0.7761593101711642,0.7761593101711642,1.0,2.776159310171164,0.0,0.0
44.0,4.0,4.0,4.035419433086784,1.0,0.0,1.9645805669132157,3.0354194330867843,0.0,0.0
36.0,4.0,4.0,3.195446756965508,0.0,1.0,1.0,3.195446756965508,0.0,0.0
37.0,4.0,4.0,3.0311567547552167,1.0,1.0,1.0,4.0,0.0,0.0
31.068753105052952,3.0687531050529526,4.0,4.0,1.0,1.0,1.0,2.9312468949470474,0.0,0.0
44.20140953709379,3.798590462906213,3.798590462906213,5.798590462906213,0.0,1.0,1.0,3.0,0.0,0.0
36.0,3.153652488952748,3.153652488952748,3.846347511047252,1.0,1.0,1.0,3.153652488952748,0.0,0.0
39.627775111793596,4.0,4.0,3.0,0.6277751117935981,1.0,1.0,4.0,0.0,0.0
41.410784031229966,4.0,4.0,6.0,1.0,1.0,1.0,3.5892159687700316,0.0,0.0
29.35504909455627,4.0,4.0,2.0,0.6449509054437303,0.0,1.0,3.3550490945562697,0.0,0.0
27.0,3.0,3.0,1.0,0.9313119606332074,0.0,2.9313119606332076,4.0,0.0,0.0
36.0,4.0,4.0,3.0,1.0,0.027074150737599556,1.0,4.0,0.0,0.0
29.975617163098626,4.0,4.0,3.0,1.0,1.0,2.0243828369013745,1.0243828369013745,0.0,0.0
41.0,4.0,4.0,4.0,0.0,0.0,2.0,4.0,0.0,0.0
27.364086690005646,4.0,4.0,2.0,1.0,0.6359133099943554,1.0,3.0,0.0,0.0
30.00693699026213,2.0069369902621306,3.9930630097378694,1.0069369902621306,1.0,0.0,3.0,3.9930630097378694,0.0,0.0
38.975105603820865,4.0,4.0,3.0,0.024894396179133138,0.0,1.0,4.0,0.0,0.0
34.0,4.0,4.0,4.0,1.0,0.8058802389224143,3.0,3.0,0.0,0.0
44.0,4.0,4.0,3.0,1.0,0.2673755311515087,1.0,4.0,0.0,0.0
47.40388099915912,4.0,4.0,7.596119000840877,0.5961190008408773,1.0,1.0,4.0,0.0,0.0
22.416390620563476,3.0,3.0,2.0,1.0,0.5836093794365245,3.0,3.4163906205634755,0.0,0.0
22.935531347414866,4.0,4.0,1.0,1.0,0.9355313474148675,1.0644686525851323,2.0,0.0,0.0
33.0,4.0,4.0,4.63846261632821,1.0,1.0,1.63846261632821,4.0,0.0,0.0
23.0,4.0,4.0,1.0,1.0,1.0,3.0,3.7142494276393547,0.0,0.0
28.0,2.111163573264287,3.111163573264287,2.0,0.8888364267357131,1.0,3.0,3.0,0.0,0.0
22.878844003695527,3.8788440036955283,3.8788440036955283,1.121155996304472,1.0,1.0,3.0,3.8788440036955283,0.0,0.0
39.0,4.0,4.0,3.1507541566099238,0.0,0.15075415660992386,1.0,4.0,0.0,0.0
39.105623123691444,3.8943768763085567,4.0,2.8943768763085567,0.0,1.0,1.211246247382887,4.0,0.0,0.0
24.0,4.0,4.0,1.3802645997299159,1.0,1.0,1.3802645997299159,4.0,0.0,0.0
33.7184246431734,3.0,3.0,5.7184246431734,1.0,1.0,3.0,4.0,0.0,0.0
47.0,1.6975113934975474,1.6975113934975474,7.907465819507358,1.0,1.0,2.3024886065024526,3.6975113934975474,0.0,0.0
36.237775114646645,4.0,4.0,3.0,1.0,1.0,1.0,4.0,0.0,0.0
41.0,4.0,4.0,4.0,0.11574929830739844,0.0,1.8842507016926016,4.0,0.0,0.0
26.3568361857737,3.6431638142262974,3.6431638142262974,1.0,0.6431638142262972,0.0,2.0,3.3568361857737026,0.0,0.0
36.0,4.0,4.0,3.6008728928897247,0.3991271071102751,0.0,1.0,4.0,0.0,0.0
29.242087563149322,4.0,4.0,1.0,0.7579124368506773,0.24208756314932267,2.0,4.0,0.0,0.0
30.881701811816914,4.0,3.6451054354507373,4.0,1.0,1.0,3.0,3.0,0.0,0.0
19.903043800906797,3.096956199093201,4.0,1.0,1.0,1.0,2.0,3.903043800906799,0.0,0.0
45.0,4.0,4.0,3.0,0.23948718510111022,1.0,1.7605128148988898,4.0,0.0,0.0
26.278612347539646,4.0,4.0,1.0,0.0,0.7213876524603553,1.7213876524603553,4.0,0.0,0.0
41.46247863022819,4.0,4.0,7.462478630228187,0.5375213697718126,1.0,1.5375213697718126,4.0,0.0,0.0
36.96188251607432,4.0,4.0,3.0,1.0,1.0,1.0,4.0,0.0,0.0
39.0,4.0,4.0,3.774158483854173,1.0,1.0,1.0,4.0,0.0,0.0
47.49724225216151,4.0,3.502757747838487,7.502757747838487,1.0,0.502757747838487,1.497242252161513,4.0,0.0,0.0
27.0,4.0,4.0,1.822744011975541,1.0,1.0,1.0,3.1772559880244593,0.0,0.0
35.0,3.1849750518442947,4.0,5.0,1.0,0.18497505184429486,1.0,3.1849750518442947,0.8150249481557051,0.0
44.0158692014647,4.0,4.0,4.0,1.0,1.0,1.0,4.0,0.0,0.0
29.0,4.0,4.0,1.1751479141295031,1.0,0.17514791412950315,1.8248520858704969,4.0,0.0,0.0
41.71436305613305,4.0,4.0,3.0,1.0,0.0,1.2856369438669488,3.714363056133051,0.0,0.0
25.68926834540266,3.0,3.0,1.6892683454026614,1.0,1.0,3.0,1.6892683454026614,0.0,0.0
38.636106906280894,4.0,4.0,5.363893093719106,1.0,1.0,1.6361069062808942,4.0,0.0,0.0
33.0,4.0,3.566825897860718,5.0,1.0,1.0,2.0,4.0,0.0,0.0
36.28535563514947,4.0,4.0,3.2853556351494686,0.0,1.0,2.0,4.0,0.0,0.0
21.188092218301286,4.0,4.0,1.0,1.0,1.0,1.0,3.0,0.0,0.0
33.0,3.0,3.9463872754401828,5.053612724559817,0.05361272455981714,1.0,3.0,3.0536127245598172,0.0,0.0
43.45663538389872,3.0,4.0,5.456635383898718,1.0,1.0,3.0,2.0,0.5433646161012821,0.0
35.49087252943864,1.9817450588772865,3.490872529438643,7.0,1.0,0.49087252943864323,2.0,2.509127470561357,0.5091274705613568,0.0
31.0,4.0,4.0,3.0,0.5644064585486085,1.0,1.4355935414513916,4.0,0.0,0.0
44.0,4.0,4.0,4.0,1.0,1.0,1.0,4.0,0.0,0.0
23.0,4.0,4.0,1.0,1.0,0.2623197837408998,3.0,4.0,0.0,0.0
26.389180815414743,4.0,4.0,1.610819184585257,0.38918081541474303,1.0,1.0,4.0,0.0,0.0
33.0,2.4735064378602254,2.4735064378602254,6.0,1.0,0.4735064378602255,3.0,4.0,0.0,0.0
41.0,3.0,3.501781983611937,5.0,1.0,1.0,1.0,3.498218016388063,0.0,0.0
30.277406547013946,3.4451869059721076,1.2774065470139462,4.0,1.0,1.0,3.277406547013946,3.0,0.27740654701394607,0.0
47.05516843952546,4.0,3.9448315604745408,6.05516843952546,1.0,0.0,1.0551684395254592,4.0,0.0,0.0
39.0,3.3633636152682898,4.0,5.0,1.0,1.0,2.6366363847317102,4.0,0.0,0.0
24.0,4.0,4.0,1.0,0.7513779908505684,1.0,2.0,3.7513779908505684,0.0,0.0
41.45256261073261,4.0,4.0,6.0,1.0,1.0,1.0,3.547437389267386,0.0,0.0
44.43959192633149,3.560408073668511,3.560408073668511,5.560408073668511,0.0,1.0,1.0,3.0,0.0,0.0
24.0,4.0,4.0,1.1798217879337394,1.0,1.0,2.820178212066261,4.0,0.0,0.0
20.47271926616591,3.472719266165911,4.0,1.0,1.0,1.0,1.5272807338340888,4.0,0.0,0.0
31.359579027543802,4.0,4.0,2.640420972456198,0.0,0.6404209724561979,2.0,4.0,0.0,0.0
37.727277262543325,4.0,4.0,4.0,1.0,1.0,1.7272772625433257,4.0,0.0,0.0
31.892627007585244,3.8926270075852427,4.0,4.0,1.0,1.0,1.892627007585243,3.0,0.0,0.0
39.0,4.0,4.0,3.0,0.3257529281574948,0.3257529281574948,1.0,4.0,0.0,0.0
47.53465484938496,4.0,4.0,6.534654849384958,1.0,0.0,1.0,4.0,0.0,0.0
33.77681447756094,2.0,2.0,6.0,1.0,0.38840723878046834,3.0,4.0,0.0,0.0
38.0,4.0,4.0,4.335520578681,1.0,1.0,1.8322397106595,4.0,0.0,0.0
47.64347363265328,3.286947265306568,2.6434736326532837,7.0,1.0,0.35652636734671606,2.0,4.0,0.0,0.0
33.0,3.0,4.0,2.489513099260574,0.5104869007394258,1.0,1.489513099260574,4.0,0.0,0.0
36.0,3.599363513698736,3.599363513698736,3.400636486301264,1.0,1.0,1.0,3.599363513698736,0.0,0.0
40.91820549740067,2.918205497400669,3.918205497400669,5.0817945025993305,1.0,1.0,1.0,2.918205497400669,0.0,0.0
44.62482832949799,4.0,4.0,6.624828329497986,0.6248283294979862,1.0,1.0,3.624828329497986,0.0,0.0
38.57457055581918,4.0,4.0,3.0,0.0,0.5745705558191815,2.0,4.0,0.0,0.0
47.715903912782714,4.0,4.0,7.284096087217287,0.28409608721728663,1.0,1.0,4.0,0.0,0.0
21.0,4.0,4.0,1.0,1.0,1.0,1.1025353695206344,2.7949292609587313,0.0,0.0
35.65291214841065,4.0,4.0,3.3470878515893525,1.0,1.0,1.0,4.0,0.0,0.0
34.572964071363046,1.572964071363049,2.0,5.5729640713630495,1.0,1.0,3.0,4.0,0.0,0.0
31.12278269355659,4.0,4.0,2.877217306443409,0.12278269355659133,0.0,3.877217306443409,4.0,0.0,0.0
35.0,3.0,3.8941969021492286,3.1058030978507714,1.0,1.0,2.1058030978507714,2.0,0.0,0.0
34.0,4.0,4.0,3.5028674979240875,1.0,0.0,3.0,3.4971325020759125,0.0,0.0
31.93528433651379,4.0,4.0,2.0647156634862123,1.0,0.06471566348621238,1.0,4.0,0.0,0.0
37.0,4.0,4.0,3.763911741710618,1.0,1.0,1.0,4.0,0.0,0.0
32.0,4.0,4.0,4.0,1.0,1.0,2.0,3.2313867992077707,0.0,0.0
24.447346808294267,2.447346808294265,4.0,2.447346808294265,1.0,1.0,2.552653191705735,3.0,0.0,0.0
26.0,2.1193876536697727,4.0,2.1193876536697727,1.0,1.0,1.0,4.0,0.0,0.0
44.0,4.0,4.0,3.3439258948954738,1.0,1.0,1.0,4.0,0.0,0.0
46.262672515269635,1.7373274847303637,1.7373274847303637,8.0,1.0,1.0,2.631336257634818,3.631336257634818,0.6313362576348182,0.0
39.0,4.0,4.0,3.0,0.3192483830992996,0.3192483830992996,1.0,4.0,0.0,0.0
48.0,4.0,4.0,6.5423123967723145,0.0,1.0,1.4576876032276855,4.0,0.0,0.0
44.0,4.0,4.0,4.029771341376321,1.0,1.0,1.0,4.0,0.0,0.0
29.0,3.0,4.0,2.797639653463076,1.0,1.0,1.0,3.202360346536924,0.0,0.0
27.515770760812444,4.0,4.0,3.5157707608124427,1.0,1.0,1.0,3.4842292391875573,0.0,0.0
36.0,4.0,4.0,3.4453919550600873,0.0,1.0,2.0,4.0,0.0,0.0
44.0,4.0,4.0,3.766029118891197,1.0,1.0,1.0,4.0,0.0,0.0
38.62821595069384,3.3717840493061586,4.0,5.371784049306159,1.0,0.6282159506938414,3.0,3.6282159506938414,0.0,0.0
29.91554782904353,4.0,4.0,1.0844521709564716,0.08445217095647162,1.0,1.9155478290435284,4.0,0.0,0.0
32.35493771142414,3.0,3.0,4.3549377114241405,1.0,0.35493771142414077,3.0,3.3549377114241405,0.0,0.0
26.0,4.0,4.0,1.0,0.03853108677492856,0.9614689132250714,2.0,3.9614689132250716,0.0,0.0
44.32724482969393,3.6727551703060652,3.6727551703060652,7.327244829693935,1.0,1.0,2.6727551703060652,2.3272448296939348,0.0,0.0
37.10013930458901,3.89986069541099,4.0,7.0,0.89986069541099,1.0,1.10013930458901,3.89986069541099,0.0,0.0
39.714144847328264,3.2858551526717363,4.0,2.2858551526717363,0.0,1.0,2.7141448473282637,4.0,0.0,0.0
38.320891509812704,4.0,4.0,5.0,1.0,1.0,1.3208915098127005,3.3208915098127005,0.0,0.0
32.82638147037168,2.1736185296283246,2.1736185296283246,6.0,1.0,0.0,3.0,3.8263814703716754,0.0,0.0
31.0,4.0,4.0,3.4718282291324827,0.4718282291324828,1.0,2.4718282291324827,3.5281717708675173,0.0,0.0
45.0,3.0180847920381,3.0180847920381,4.9819152079619,0.018084792038099984,1.0,1.0,3.0180847920381,0.0,0.0
35.0,3.490552504992495,3.490552504992495,4.0,0.5094474950075049,1.0,3.0,2.490552504992495,0.0,0.0
36.0,4.0,4.0,2.789425185607551,1.0,0.21057481439244885,2.0,4.0,0.0,0.0
22.0,4.0,4.0,1.0,1.0,1.0,1.0,2.287310666476297,0.0,0.0
39.0,3.2319043344504643,4.0,5.0,1.0,1.0,2.7680956655495357,4.0,0.0,0.0
31.0130967465306,4.0,4.0,2.986903253469399,0.013096746530601111,0.0,3.986903253469399,4.0,0.0,0.0
26.0,3.0,3.0690232928426915,2.0690232928426915,1.0,1.0,1.0690232928426915,3.0,0.0,0.0
34.64891543002172,3.351084569978287,3.351084569978287,4.0,1.0,1.0,3.0,2.351084569978287,0.0,0.0
42.0,4.0,4.0,5.631979121363963,1.0,1.0,1.0,3.3680208786360377,0.0,0.0
45.0,3.0,3.0,7.2108493724853,1.0,1.0,2.7891506275147,3.7891506275147,0.0,0.0
36.96251004531757,4.0,4.0,3.9625100453175732,1.0,1.0,1.0,4.0,0.0,0.0
33.04374485668247,4.0,4.0,3.0,1.0,0.9562551433175266,3.0,4.0,0.0,0.0
27.0,3.0,3.0,1.8881521698654333,1.0,0.8881521698654333,3.0,4.0,0.0,0.0
28.812476442090972,4.0,4.0,2.0,0.8124764420909728,1.0,1.0,4.0,0.0,0.0
29.0,4.0,4.0,1.8473357101324241,1.0,0.0,1.1526642898675759,3.152664289867576,0.0,0.0
35.0,3.5787090018296874,4.0,3.0,1.0,1.0,2.0,2.5787090018296874,0.0,0.0
34.33856336106123,3.0,3.6614366389387687,4.0,1.0,1.0,3.0,2.6614366389387687,0.0,0.0
21.280465477506265,4.0,4.0,1.0,1.0,1.0,1.0,3.719534522493733,0.0,0.0
26.0,3.0,3.1199103973332925,2.0,1.0,1.0,3.0,2.1199103973332925,0.0,0.0
26.48073085829077,3.519269141709232,3.519269141709232,1.0,0.0,0.519269141709232,2.0,4.0,0.0,0.0
31.443859297324305,3.0,4.0,4.443859297324305,1.0,1.0,1.0,2.5561407026756946,0.0,0.0
34.50055219911426,4.0,4.0,3.0,0.49944780088573815,0.0,3.0,4.0,0.0,0.0
27.0,4.0,4.0,2.5385404672688,1.0,1.0,1.0,3.0,0.0,0.0
36.0,4.0,4.0,3.0,1.0,0.5268715015761911,1.4731284984238089,4.0,0.0,0.0
21.509988749262888,4.0,4.0,1.0,1.0,1.0,1.0,3.490011250737112,0.0,0.0
41.0,4.0,4.0,4.0,0.347566611429585,0.0,1.652433388570415,4.0,0.0,0.0
26.0,3.0,3.844084983918989,2.0,1.0,1.0,3.0,2.844084983918989,0.0,0.0
40.0,4.0,4.0,5.263069154657473,0.736930845342527,0.736930845342527,1.0,3.2630691546574733,0.0,0.0
37.0,4.0,4.0,3.415382593008161,0.0,1.0,2.584617406991839,4.0,0.0,0.0
31.787013338764336,4.0,4.0,3.7870133387643348,1.0,1.0,1.7870133387643345,4.0,0.0,0.0
31.0,4.0,3.345674148372763,1.3271629258136186,0.6728370741863813,1.0,1.0,3.6728370741863814,0.0,0.0
37.48919854151283,3.5108014584871743,4.0,7.0,0.5108014584871745,1.0,1.4891985415128255,3.5108014584871743,0.0,0.0
42.0,4.0,3.2349019342724685,6.765098065727531,1.0,0.23490193427246864,1.0,3.7650980657275315,0.0,0.0
40.77140893738725,4.0,4.0,4.0,1.0,1.0,1.0,4.0,0.0,0.0
45.57776769274343,4.0,4.0,3.577767692743425,1.0,1.0,1.0,4.0,0.0,0.0
44.16586375574826,4.0,4.0,3.0,1.0,1.0,1.0,4.0,0.0,0.0
36.46849796367378,4.0,4.0,3.0,1.0,1.0,1.0,4.0,0.0,0.0
28.0,2.3834246565908663,3.3834246565908663,2.0,0.6165753434091336,1.0,3.0,3.0,0.0,0.0
43.0,3.0,3.724895113864254,5.275104886135746,1.0,0.724895113864254,3.0,2.0,0.724895113864254,0.0
41.03922521893826,4.0,4.0,3.0,1.0,0.0,1.9607747810617366,3.039225218938263,0.0,0.0
26.0,4.0,4.0,1.4618390926956648,1.0,0.0,1.5381609073043352,3.461839092695665,0.0,0.0
34.621284858390844,3.0,3.3787151416091565,4.0,1.0,1.0,3.0,2.3787151416091565,0.0,0.0
32.70196098413779,4.0,4.0,4.701960984137791,1.0,1.0,2.0,4.0,0.0,0.0
42.02032585170984,2.9898370741450804,3.0101629258549196,4.0,0.010162925854919735,1.0,3.0,3.9898370741450804,0.0,0.0
32.15639000202103,4.0,4.0,3.0,0.15639000202102493,1.0,3.0,3.156390002021025,0.0,0.0
27.90781443995224,4.0,4.0,3.907814439952239,1.0,1.0,1.0,3.0,0.0,0.0
41.0,4.0,4.0,4.0,0.7182065603280595,0.0,1.2817934396719406,4.0,0.0,0.0
44.08814341394909,4.0,4.0,4.0,1.0,1.0,1.0,4.0,0.0,0.0
34.0,3.0,4.0,2.8994978922367345,0.0,1.0,1.1005021077632655,3.8994978922367345,0.0,0.0
27.0,3.0,3.0,1.4120817876581016,1.0,0.41208178765810155,3.0,4.0,0.0,0.0
45.33844818325795,4.0,4.0,4.0,1.0,1.0,1.0,4.0,0.0,0.0
36.0,4.0,4.0,3.3791162562925,0.6208837437075,1.0,1.0,4.0,0.0,0.0
36.57848019109878,2.7107599044506125,3.0,4.0,1.0,1.0,1.0,2.7107599044506125,0.0,0.0
33.9154016010094,3.0,4.0,2.0845983989906016,0.0,1.0,2.0,3.0845983989906016,0.0,0.0
26.0,3.0,3.5591414544570363,2.5591414544570363,1.0,1.0,1.5591414544570363,3.0,0.0,0.0
41.0,3.591902287253455,4.0,4.408097712746545,1.0,1.0,1.0,3.591902287253455,0.0,0.0
45.0,4.0,4.0,3.0,1.0,1.0,1.0,4.0,0.0,0.0
27.0,4.0,4.0,2.0,1.0,0.07213695733216274,1.0,3.0,0.0,0.0
32.414851982869216,4.0,4.0,2.4148519828692154,0.0,0.4148519828692153,2.0,4.0,0.0,0.0
36.0,4.0,4.0,3.4512588500139145,0.0,1.0,2.0,4.0,0.0,0.0
27.069484259206355,4.0,4.0,3.0694842592063565,1.0,1.0,1.0,3.0,0.0,0.0
33.8327143827171,3.0,4.0,3.0,0.0,1.0,1.1672856172829005,4.0,0.0,0.0
24.0,4.0,4.0,1.0,1.0,1.0,1.4350892801240391,4.0,0.0,0.0
24.0,4.0,4.0,1.0,1.0,1.0,1.1819737465703137,4.0,0.0,0.0
32.0,3.0,3.0,5.841228071231429,1.0,0.0,3.0,3.0,0.0,0.0
44.0,2.6412317522312545,4.0,4.0,1.0,0.6793841238843729,2.6793841238843727,3.0,0.0,0.0
29.0,4.0,4.0,2.0,1.0,0.0,1.0,3.0,0.0,0.0
32.3769967920459,2.0,1.3769967920459019,4.246006415908196,1.0,0.376996792045902,2.0,2.376996792045902,0.0,0.0
43.41963488084025,3.0,4.0,5.419634880840248,1.0,1.0,3.0,2.0,0.5803651191597518,0.0
41.0,4.0,4.0,6.238087365055503,0.23808736505550332,1.0,1.2380873650555033,4.0,0.0,0.0
41.0,4.0,4.0,6.0,0.06246683733255709,1.0,1.0,4.0,0.0,0.0
49.0,3.4558425210832,3.4558425210832,10.5441574789168,1.0,1.0,1.0,4.0,0.0,0.0
27.245389534080942,4.0,4.0,2.0,1.0,1.0,1.0,3.0,0.0,0.0
27.426345709666148,4.0,4.0,2.0,1.0,0.5736542903338524,1.0,3.0,0.0,0.0
45.369208361178536,4.0,4.0,4.0,1.0,1.0,1.0,4.0,0.0,0.0
34.0,4.0,4.0,4.0,1.0,0.37543814192795666,3.0,3.0,0.0,0.0
28.15119944692081,4.0,4.0,2.0,1.0,0.0,1.0,3.0,0.0,0.0
48.0,4.0,4.0,6.183293849164963,0.18329384916496327,0.8167061508350367,1.8167061508350368,4.0,0.0,0.0
47.268136721043696,4.0,4.0,6.268136721043696,1.0,0.0,1.0,4.0,0.0,0.0
36.0,3.0,3.0,4.785914977822306,1.0,0.21408502217769443,1.0,3.0,0.0,0.0
44.0,3.825656790765368,3.825656790765368,6.523029627703896,0.1743432092346321,1.0,1.0,2.6513135815307356,0.0,0.0
26.0,3.0,4.0,3.0,1.0,1.0,2.259650986046015,3.259650986046015,0.0,0.0
36.0,4.0,4.0,3.0,1.0,0.1606645912722121,1.0,4.0,0.0,0.0
37.0,4.0,4.0,4.0,0.0,0.4567264766755824,2.0,4.0,0.0,0.0
41.0,4.0,4.0,4.0,0.0,0.4680673662811292,1.5319326337188708,4.0,0.0,0.0
40.4856420696963,4.0,4.0,4.0,1.0,1.0,1.0,3.485642069696297,0.0,0.0
41.0,4.0,4.0,6.369847586745071,1.0,1.0,1.3698475867450712,4.0,0.0,0.0
42.0,3.3442465808175923,3.0,7.0,1.0,0.32787670959120374,1.6557534191824075,4.0,0.0,0.0
27.098519408252994,3.0,3.0985194082529945,2.0,0.9014805917470053,1.0,3.0,3.9014805917470055,0.0,0.0
37.0,4.0,4.0,2.739816954577398,1.0,0.739816954577398,3.0,3.739816954577398,0.0,0.0
38.95167911693695,4.0,4.0,5.048320883063049,1.0,1.0,1.951679116936951,4.0,0.0,0.0
29.0,3.0,4.0,3.0,1.0,1.0,1.0,3.0,0.0,0.0
36.625531147646086,4.0,4.0,3.625531147646087,0.0,1.0,2.0,4.0,0.0,0.0
43.800948469568596,3.0,4.0,5.800948469568596,1.0,1.0,3.0,2.0,0.19905153043140322,0.0
26.0,3.0,3.793958457034809,2.0,1.0,1.0,3.0,2.793958457034809,0.0,0.0
30.019716473222935,3.0,3.0,2.0,1.0,0.980283526777063,2.019716473222937,3.0,0.0,0.0
32.2540699593265,4.0,4.0,2.254069959326503,0.0,0.254069959326503,2.0,4.0,0.0,0.0
41.29025833155109,4.0,4.0,7.290258331551084,0.7097416684489158,1.0,1.709741668448916,4.0,0.0,0.0
36.0,3.890078753884092,3.890078753884092,3.109921246115908,1.0,1.0,1.0,3.890078753884092,0.0,0.0
46.0,4.0,4.0,2.7134039048350385,0.28659609516496143,0.0,1.0,4.0,0.0,0.0
35.10309658805831,4.0,4.0,2.103096588058304,1.0,0.0,1.0,4.0,0.0,0.0
43.780882613314496,3.0,3.7808826133144935,6.0,1.0,0.7808826133144934,3.0,2.0,0.0,0.0
42.3321830719797,1.6678169280203023,3.0,4.333908464010151,1.0,1.0,1.0,4.0,0.0,0.0
36.31148729859731,4.0,4.0,3.0,1.0,1.0,1.0,4.0,0.0,0.0
35.998797471784016,2.9987974717840173,4.0,3.9987974717840173,0.0,0.0,2.0012025282159827,4.0,0.0012025282159826567,0.0
37.56807750152356,4.0,4.0,4.0,0.0,1.0,2.568077501523561,4.0,0.0,0.0
21.843022865391955,4.0,4.0,1.0,1.0,1.0,1.0,3.156977134608046,0.0,0.0
41.02441849655907,4.0,3.9755815034409303,6.024418496559069,1.0,0.9755815034409304,1.0,4.0,0.0,0.0
39.0,4.0,4.0,3.0,0.0,0.27337959085524666,1.0,4.0,0.0,0.0
34.0,3.5006527734913644,3.5006527734913644,6.0,1.0,1.0,3.0,4.0,0.0,0.0
41.0,3.0887447801867522,3.0887447801867522,5.088744780186753,1.0,1.0,1.0,4.0,0.0,0.0
39.0,4.0,4.0,3.9298906107881892,0.07010938921181087,1.0,1.0,4.0,0.0,0.0
27.0,4.0,4.0,2.711694753903194,1.0,1.0,1.0,3.0,0.0,0.0
27.0,4.0,4.0,2.328313685591872,1.0,1.0,1.0,3.0,0.0,0.0
33.43867649718231,3.0,3.0,5.4386764971823105,1.0,1.0,3.0,4.0,0.0,0.0
43.55354503738508,4.0,4.0,5.446454962614924,1.0,1.0,1.0,4.0,0.0,0.0
42.0,4.0,4.0,3.7555973483908827,0.24440265160911734,0.0,1.7555973483908827,4.0,0.0,0.0
31.0,3.809957286894726,3.809957286894726,2.809957286894726,0.19004271310527399,0.0,3.809957286894726,3.809957286894726,0.0,0.0
29.0,3.0,4.0,2.013522895393992,1.0,1.0,1.0,3.986477104606008,0.0,0.0
42.09253472752977,2.0925347275297703,4.0,5.0,0.09253472752977021,1.0,2.0925347275297703,2.9074652724702297,0.09253472752977021,0.0
41.0,4.0,4.0,4.0,0.0,0.0,2.0,4.0,0.0,0.0
31.558704563315754,4.0,4.0,1.5587045633157524,1.0,0.44129543668424764,1.0,4.0,0.0,0.0
29.804343687537614,4.0,4.0,3.0,1.0,1.0,2.195656312462385,1.195656312462385,0.0,0.0
41.0,4.0,4.0,3.0489570879839984,0.9510429120160014,0.0,2.0,3.0489570879839984,0.0,0.0
32.0,4.0,4.0,4.0,0.5182736362779794,0.5182736362779794,2.0,4.0,0.0,0.0
27.80090603485106,2.1990939651489394,3.0,1.8009060348510606,1.0,0.8009060348510605,3.0,3.1990939651489394,0.0,0.0
36.92482297340832,4.0,4.0,2.0,1.0,0.07517702659167891,2.924822973408321,3.075177026591679,0.0,0.0
33.222583551099355,3.0,3.0,6.0,1.0,1.0,3.0,4.0,0.0,0.0
41.05902602656716,4.0,4.0,4.0,0.05902602656716016,0.05902602656716016,2.0590260265671603,4.0,0.0,0.0
21.456582379532886,4.0,4.0,1.0,1.0,1.0,1.0,3.5434176204671153,0.0,0.0
39.0,3.04682195236543,4.0,5.0,1.0,1.0,2.95317804763457,4.0,0.0,0.0
43.87293938783954,3.0,3.8729393878395393,6.0,1.0,0.8729393878395393,3.0,2.0,0.0,0.0
32.4117066695767,2.5882933304233013,3.0,5.588293330423301,1.0,0.0,2.5882933304233013,2.1765866608466027,0.0,0.0
33.45953321867926,3.0,3.0,6.0,1.0,1.0,3.0,4.0,0.0,0.0
36.76025687268992,4.0,4.0,3.0,1.0,1.0,3.0,3.760256872689921,0.0,0.0
29.857092159659594,4.0,4.0,2.0,0.1429078403404045,0.0,1.0,3.8570921596595955,0.0,0.0
23.61495639332969,4.0,4.0,1.0,1.0,1.0,2.385043606670308,4.0,0.0,0.0
22.311399987960566,4.0,4.0,1.0,1.0,1.0,1.0,2.0,0.0,0.0
34.0,3.8537534795581476,3.8537534795581476,6.0,1.0,1.0,3.0,4.0,0.0,0.0
36.28404424985998,4.0,4.0,3.0,1.0,0.28404424985997867,2.2840442498599787,4.0,0.0,0.0
32.0,4.0,4.0,2.0,1.0,0.4639803954392362,1.0,4.0,0.0,0.0
47.0,1.0,1.0,9.927982693620192,1.0,1.0,3.0,3.0360086531899038,0.03600865318990365,0.0
32.0,3.0,4.0,5.47197807856776,0.7640109607161196,1.0,1.0,2.23598903928388,0.0,0.0
38.0,4.0,4.0,6.0,1.0,0.5334313913163796,3.0,3.0,0.0,0.0
32.21396828393813,2.737989427979377,2.737989427979377,6.262010572020623,1.0,1.0,3.0,4.0,0.0,0.0
31.97518501544991,3.0,4.0,7.0,0.012407492275044452,1.0,1.0124074922750443,3.0124074922750443,0.0,0.0
39.0,4.0,4.0,4.0,1.0,0.4683873361679495,1.0,4.0,0.0,0.0
43.7376226443094,3.7376226443093934,4.0,4.262377355690607,1.0,0.2623773556906066,2.2623773556906066,2.7376226443093934,0.2623773556906066,0.0
41.0,4.0,4.0,6.0,0.22121112117360042,1.0,1.0,4.0,0.0,0.0
41.81003537239854,4.0,4.0,6.18996462760146,1.0,1.0,1.1899646276014606,3.1899646276014604,0.0,0.0
45.0,4.0,4.0,3.891480380330196,1.0,1.0,1.0,4.0,0.0,0.0
47.51181615515764,1.511816155157636,1.511816155157636,10.255908077578818,1.0,1.0,2.4881838448423643,3.255908077578818,0.0,0.0
36.0,4.0,4.0,3.0,1.0,1.0,1.0,4.0,0.0,0.0
33.68593225742822,4.0,4.0,3.685932257428221,1.0,1.0,3.0,3.0,0.0,0.0
33.0,3.0,3.572041409053344,5.0,0.4279585909466559,1.0,3.0,3.427958590946656,0.0,0.0
29.0,4.0,4.0,2.6392686580507765,1.0,0.0,2.278537316101553,3.0,0.0,0.0
29.437478715751322,3.562521284248679,4.0,2.0,1.0,1.0,1.0,4.0,0.0,0.0
38.0,3.0250994282202184,4.0,6.974900571779782,0.0250994282202186,1.0,2.0250994282202184,3.0,0.0,0.0
33.100171888577,4.0,4.0,3.1001718885770018,1.0,0.8998281114229985,3.0,3.0,0.0,0.0
29.467949177413477,4.0,3.467949177413476,3.532050822586524,1.0,0.4679491774134761,2.532050822586524,1.532050822586524,0.0,0.0
31.950557111844304,3.950557111844305,4.0,4.0,1.0,1.0,1.9505571118443048,3.0,0.0,0.0
35.0,4.0,4.0,5.0,0.1470598167825795,0.1470598167825795,1.0,4.0,0.0,0.0
26.504455497039956,4.0,4.0,1.0,1.0,0.504455497039955,1.0,3.504455497039955,0.0,0.0
33.64427447084476,4.0,4.0,3.6442744708447616,1.0,1.0,3.0,3.0,0.0,0.0
39.0,4.0,4.0,3.3569928646141203,1.0,0.6430071353858796,1.0,4.0,0.0,0.0
39.0,4.0,4.0,4.0,1.0,0.2737494911956837,1.0,4.0,0.0,0.0
26.0,3.0,4.0,3.0,1.0,1.0,2.285108969430512,4.0,0.0,0.0
47.0,4.0,4.0,4.0,0.01319246786211381,0.9868075321378862,1.9868075321378862,4.0,0.0,0.0
39.0,4.0,4.0,3.0,0.0,0.7622441420126862,1.7622441420126862,4.0,0.0,0.0
37.08220079050033,3.9177992094996665,3.0822007905003335,7.917799209499666,0.9177992094996664,1.0,1.0822007905003335,3.9177992094996665,0.0,0.0
34.343628629695104,3.3436286296951057,4.0,4.0,0.6563713703048941,1.0,3.0,3.0,0.0,0.0
37.604581881914534,3.395418118085467,4.0,7.0,0.3954181180854669,1.0,1.604581881914533,3.395418118085467,0.0,0.0
36.0,2.0224078860849195,1.0224078860849195,6.0,1.0,1.0,2.0224078860849195,1.0224078860849195,0.0,0.0
20.51051674579103,3.510516745791031,4.0,1.0,1.0,1.0,1.4894832542089689,4.0,0.0,0.0
22.0,4.0,4.0,1.0,1.0,1.0,1.0,2.307317948209054,0.0,0.0
41.0,4.0,4.0,7.700937078629813,1.0,1.0,1.2990629213701876,4.0,0.0,0.0
29.0,3.1084665985655424,4.0,2.0,1.0,1.0,1.0,4.0,0.0,0.0
31.991875755531833,3.0,3.0,3.983751511063663,1.0,0.0,3.0,3.0,0.0,0.0
21.68263902916377,4.0,4.0,1.0,1.0,1.0,1.0,3.3173609708362286,0.0,0.0
39.0,4.0,4.0,4.0,1.0,0.013263880437414888,1.0,4.0,0.0,0.0
30.08444643619922,4.0,4.0,1.0,0.08444643619922032,1.0,1.9155535638007797,4.0,0.0,0.0
32.0,3.0,4.0,6.263451535463374,0.368274232268313,1.0,1.0,2.631725767731687,0.0,0.0
25.892763898353742,3.0,4.0,3.0,1.0,1.0,2.892763898353742,3.892763898353742,0.0,0.0
40.43184214023578,3.4318421402357826,4.0,2.4318421402357826,0.4318421402357826,0.5681578597642174,2.5681578597642174,3.5681578597642174,0.0,0.0
45.33905463892402,4.0,3.660945361075979,4.339054638924021,1.0,1.0,1.0,4.0,0.0,0.0
33.0,4.0,4.0,3.0,1.0,1.0,3.0,3.456025458850922,0.0,0.0
21.531019219401955,4.0,4.0,1.0,1.0,1.0,1.0,2.468980780598045,0.0,0.0
45.88952910011464,4.0,4.0,2.055235449942678,1.0,0.0,1.0,4.0,0.0,0.0
33.73513623528221,4.0,4.0,3.0,1.0,0.2648637647177895,3.0,4.0,0.0,0.0
36.0,4.0,4.0,3.0,1.0,1.0,1.0,4.0,0.0,0.0
37.478821813263615,4.0,4.0,4.0,1.0,1.0,1.4788218132636177,4.0,0.0,0.0
39.42224022499322,4.0,4.0,3.0,0.42224022499322,1.0,1.0,4.0,0.0,0.0
21.332693036940796,4.0,4.0,1.0,1.0,1.0,1.0,3.6673069630592035,0.0,0.0
33.26862909220948,4.0,3.2686290922094816,4.731370907790518,1.0,1.0,2.0,4.0,0.0,0.0
33.0,3.0,3.0,5.566953655822887,1.0,1.0,3.0,4.0,0.0,0.0
36.0,3.0,4.0,3.555132613399017,0.0,0.0,2.444867386600983,4.0,0.0,0.0
35.0,4.0,4.0,3.232406309352647,0.7675936906473529,1.0,2.232406309352647,3.0,0.0,0.0
26.37981946558034,4.0,4.0,2.37981946558034,0.37981946558033997,1.0,1.0,4.0,0.0,0.0
24.0,4.0,4.0,1.0,0.7518623429340722,1.0,2.0,3.7518623429340723,0.0,0.0
36.60102662704364,4.0,4.0,4.0,0.0,0.39897337295636104,2.0,4.0,0.0,0.0
21.0,4.0,4.0,1.0,1.0,1.0,1.0228120825630422,2.9543758348739155,0.0,0.0
35.0,2.3994236897114414,4.0,4.0,0.0,1.0,3.0,2.1997118448557207,0.0,0.0
29.0,3.006889876059181,4.0,2.0,1.0,1.0,1.0,4.0,0.0,0.0
37.0,4.0,4.0,3.3709312145610006,1.0,1.0,1.0,4.0,0.0,0.0
36.0,4.0,4.0,3.0,1.0,0.32986369720324693,1.670136302796753,4.0,0.0,0.0
24.254193411235946,3.745806588764053,3.745806588764053,1.0,0.25419341123594685,1.0,2.254193411235947,2.491613177528106,0.0,0.0
45.0,4.0,4.0,3.6897942719997983,1.0,1.0,1.0,4.0,0.0,0.0
33.47927227299393,4.0,4.0,3.4792722729939323,1.0,0.5207277270060677,3.0,3.0,0.0,0.0
34.164059916113,4.0,4.0,4.0,0.8359400838870048,0.1640599161129952,3.0,3.0,0.0,0.0
45.0,4.0,4.0,3.0,0.2790537688561039,1.0,1.720946231143896,4.0,0.0,0.0
37.32142189792372,4.0,4.0,4.678578102076278,1.0,1.0,2.6785781020762784,4.0,0.0,0.0
24.0,4.0,4.0,1.9295879211074358,1.0,0.0,1.0,3.070412078892564,0.0,0.0
44.0,4.0,4.0,3.2707718799391343,1.0,0.0,1.2707718799391343,3.7292281200608657,0.0,0.0
39.0,4.0,4.0,3.0,0.2953053742744056,1.0,1.0,4.0,0.0,0.0
29.71338724937363,3.0,4.0,2.2866127506263707,1.0,1.0,1.0,3.7133872493736293,0.0,0.0
32.55038880784227,3.550388807842271,3.550388807842271,2.550388807842271,1.0,0.5503888078422712,3.0,4.0,0.0,0.0
26.162715969263083,4.0,4.0,1.8372840307369185,0.0,0.8372840307369185,1.0,4.0,0.0,0.0
32.0,4.0,4.0,2.0,0.6315266037215568,0.0,1.3684733962784432,4.0,0.0,0.0
33.0,4.0,4.0,3.0,0.12131939094694555,1.0,2.1213193909469457,4.0,0.0,0.0
41.0,4.0,4.0,4.0,0.20544366797841684,1.0,1.0,4.0,0.0,0.0
33.0,2.7739320193082087,2.7739320193082087,4.547864038616417,1.0,1.0,2.7739320193082087,3.7739320193082087,0.0,0.0
36.0840023773887,4.0,4.0,4.0,0.0,1.0,2.0,4.0,0.0,0.0
26.6164721355458,4.0,4.0,2.0,1.0,0.0,1.0,3.383527864454201,0.0,0.0
44.23415826756136,4.0,4.0,3.0,1.0,1.0,1.0,4.0,0.0,0.0
39.0,4.0,4.0,3.0,0.0,0.8075788196853625,1.8075788196853626,4.0,0.0,0.0
37.079687292500616,4.0,4.0,4.0,0.0,1.0,2.079687292500614,4.0,0.0,0.0
36.80060211871561,4.0,4.0,2.199397881284394,1.0,0.0,2.800602118715606,3.199397881284394,0.0,0.0
25.05423517859519,3.0,3.9457648214048104,2.9457648214048104,1.0,1.0,2.0542351785951896,2.9457648214048104,0.0,0.0
33.4145792412022,4.0,4.0,3.5854207587978006,1.0,1.0,1.0,4.0,0.0,0.0
41.0,4.0,4.0,4.123739621715126,0.0,1.0,1.123739621715126,4.0,0.0,0.0
34.61143090761426,3.0,3.388569092385738,4.0,1.0,1.0,3.0,2.388569092385738,0.0,0.0
36.0,3.0,3.7970090698411365,6.594018139682273,1.0,0.7970090698411363,1.7970090698411363,2.2029909301588635,0.0,0.0
29.69233516258175,4.0,3.69233516258175,3.30766483741825,1.0,0.6923351625817501,2.30766483741825,1.3076648374182498,0.0,0.0
25.961913420565395,2.038086579434606,1.961913420565394,3.923826841130788,1.0,0.9619134205653942,3.0,4.0,0.0,0.0
38.0,4.0,4.0,4.250592738375512,1.0,1.0,1.749407261624488,3.749407261624488,0.0,0.0
41.0,4.0,4.0,7.570808783962152,1.0,1.0,1.4291912160378488,4.0,0.0,0.0
28.021281710126107,4.0,4.0,2.0,0.021281710126106912,1.0,1.0,4.0,0.0,0.0
33.0,3.0,3.86921147637012,5.13078852362988,0.13078852362987958,1.0,3.0,3.13078852362988,0.0,0.0
47.0,1.5978313768054766,1.5978313768054766,7.402168623194523,1.0,1.0,2.402168623194523,4.0,0.4021686231945234,0.0
31.340916763655986,4.0,4.0,2.6590832363440153,0.0,0.6590832363440152,2.0,4.0,0.0,0.0
25.597277994075824,4.0,4.0,2.0,0.0,1.0,1.0,3.597277994075825,0.0,0.0
23.380092181703958,4.0,4.0,1.0,1.0,1.0,3.0,3.3800921817039598,0.0,0.0
37.0,4.0,4.0,4.0,1.0,1.0,1.0,4.0,0.0,0.0
32.0,4.0,4.0,3.6532541660595053,0.653254166059505,1.0,2.3467458339404947,3.0,0.0,0.0
47.18170267808784,4.0,4.0,7.818297321912162,0.8182973219121618,1.0,1.0,4.0,0.0,0.0
46.0,4.0,4.0,3.196892137891208,0.19689213789120774,0.19689213789120774,1.0,4.0,0.0,0.0
42.0,4.0,4.0,5.547209260896418,1.0,1.0,1.0,3.4527907391035826,0.0,0.0
46.74324119534469,4.0,4.0,7.8716205976723455,1.0,1.0,1.0,4.0,0.0,0.0
24.0,4.0,4.0,1.0,1.0,0.8320308400620593,1.0,4.0,0.0,0.0
26.64063024427706,3.0,3.3593697557229416,2.0,1.0,1.0,3.0,3.6406302442770584,0.0,0.0
26.0,4.0,4.0,1.0,1.0,0.0,1.9742689345269793,3.0,0.0,0.0
34.34169668301416,3.3166066339716664,4.0,4.0,0.6583033169858332,1.0,3.0,2.658303316985833,0.0,0.0
26.0,2.479925059082267,4.0,2.479925059082267,1.0,1.0,1.4799250590822668,3.520074940917733,0.0,0.0
27.975783963555642,4.0,4.0,3.975783963555643,1.0,1.0,1.0,3.024216036444357,0.0,0.0
32.0,4.0,4.0,2.0,0.018433369321059656,0.0,2.01843336932106,4.0,0.0,0.0
33.0,4.0,4.0,3.0,0.3392328955956828,1.0,2.339232895595683,4.0,0.0,0.0
38.0,3.2337281657011108,4.0,6.766271834298889,0.23372816570111055,1.0,1.7662718342988895,3.2337281657011108,0.0,0.0
41.0,4.0,4.0,3.026191534850539,0.9738084651494614,0.0,2.0,3.026191534850539,0.0,0.0
45.260374705092765,3.260374705092763,3.0,5.0,0.26037470509276306,1.0,1.0,3.260374705092763,0.0,0.0
33.0,3.594514129544558,4.0,3.0,0.0,1.0,2.0,4.0,0.0,0.0
37.516308857761935,4.0,4.0,5.5163088577619375,1.0,1.0,3.0,3.4836911422380625,0.0,0.0
34.0,4.0,4.0,4.606446725083994,1.0,1.0,3.0,3.6064467250839938,0.0,0.0
33.0,3.0,4.0,2.9548833747370553,0.045116625262944576,1.0,1.9548833747370553,4.0,0.0,0.0
42.0,4.0,3.3039472522773594,6.696052747722641,1.0,0.3039472522773594,1.0,3.6960527477226406,0.0,0.0
35.85152313591004,4.0,4.0,3.0,0.8515231359100461,0.0,2.148476864089954,4.0,0.0,0.0
41.74918521103838,4.0,4.0,6.0,1.0,1.0,1.0,3.2508147889616206,0.0,0.0
32.35125775888972,4.0,4.0,2.0,0.0,0.0,1.6487422411102783,3.6487422411102783,0.0,0.0
30.027469347643855,4.0,1.0824080429315601,4.0,1.0,1.0,3.0,3.0,0.0,0.0
36.29257709692473,4.0,4.0,3.0,1.0,0.2925770969247329,2.2925770969247328,4.0,0.0,0.0
34.0,4.0,4.0,5.271156938873289,1.0,1.0,3.0,4.0,0.0,0.0
26.0,4.0,4.0,1.5584628152894842,0.0,1.0,1.4415371847105158,4.0,0.0,0.0
24.0,4.0,4.0,1.0,1.0,1.0,2.4397685678818672,4.0,0.0,0.0
31.806671335783903,3.0,4.0,4.806671335783902,1.0,1.0,1.0,2.1933286642160983,0.0,0.0
42.40519372450196,3.594806275498036,4.0,2.594806275498036,1.0,0.0,1.405193724501964,4.0,0.0,0.0
26.0,3.0,3.0596243487439843,2.0,1.0,1.0,3.0,2.0596243487439843,0.0,0.0
36.07034509390262,3.0703450939026133,4.0,4.0,0.0,0.0,2.0,4.0,0.0,0.0
40.76909584690518,2.7690958469051825,3.0,5.2309041530948175,1.0,1.0,1.0,3.538191693810365,0.0,0.0
36.0,4.0,4.0,3.0,1.0,1.0,1.0,4.0,0.0,0.0
31.48790466267679,4.0,4.0,3.487904662676791,0.48790466267679133,1.0,2.0,4.0,0.0,0.0
44.0,4.0,4.0,4.162068080072464,1.0,0.0,1.8379319199275364,3.162068080072464,0.0,0.0
27.0,4.0,4.0,2.6028817158334334,1.0,0.6028817158334335,1.0,3.0,0.0,0.0
22.0,4.0,4.0,1.0,1.0,0.7341834937125311,1.265816506287469,2.734183493712531,0.0,0.0
32.61309056725934,4.0,4.0,3.386909432740656,0.0,0.6130905672593439,2.0,4.0,0.0,0.0
35.0,3.5443668659531467,4.0,5.0,1.0,0.0,1.0,3.5443668659531467,0.45563313404685324,0.0
24.241425124016146,3.758574875983855,3.758574875983855,1.0,0.2414251240161449,1.0,2.241425124016145,2.51714975196771,0.0,0.0
28.48765148198713,3.0,4.0,3.0,1.0,1.0,1.0,3.5123485180128697,0.0,0.0
30.0,3.6586784304588997,3.6586784304588997,2.6586784304588997,1.0,1.0,2.0,1.682643139082201,0.0,0.0
40.88240229093709,3.882402290937084,4.0,2.882402290937084,0.8824022909370839,0.11759770906291611,2.117597709062916,3.117597709062916,0.0,0.0
38.61064352244988,4.0,4.0,3.0,1.0,0.6106435224498785,1.0,4.0,0.0,0.0
34.8325440956901,4.0,4.0,5.167455904309894,1.0,1.0,2.167455904309894,4.0,0.0,0.0
33.46424942584334,3.0,4.0,2.53575057415666,0.0,1.0,2.0,3.53575057415666,0.0,0.0
39.0,4.0,4.0,3.4489413704231957,1.0,0.5510586295768042,1.0,4.0,0.0,0.0
44.0,4.0,4.0,4.4109098255940085,1.0,0.5890901744059918,1.0,4.0,0.0,0.0
24.274884518467776,2.274884518467776,3.725115481532224,1.725115481532224,1.0,1.0,3.0,2.450230963064448,0.0,0.0
31.0,4.0,2.05295413189122,1.97352293405439,0.026477065945609946,1.0,1.0,3.0264770659456097,0.0,0.0
41.0,4.0,4.0,4.0,0.0,0.6471714258747711,1.3528285741252288,4.0,0.0,0.0
43.99250569670118,4.0,4.0,5.0,0.9925056967011779,1.0,1.0,4.0,0.0,0.0
33.7341945272014,1.2658054727985961,2.0,5.265805472798596,1.0,0.734194527201404,3.0,4.0,0.0,0.0
27.42817362975239,4.0,4.0,2.0,1.0,0.0,1.0,3.0,0.0,0.0
38.62954666409762,4.0,4.0,3.0,0.3704533359023814,0.0,1.0,4.0,0.0,0.0
45.49749330729057,4.0,4.0,3.497493307290572,1.0,1.0,1.0,4.0,0.0,0.0
36.0,4.0,4.0,3.0,1.0,0.1732900030326805,1.0,4.0,0.0,0.0
35.98838395135776,4.0,4.0,3.0116160486422383,1.0,1.0,1.0,4.0,0.0,0.0
36.0,4.0,4.0,3.3533464347090916,0.0,1.0,2.0,4.0,0.0,0.0
41.0,4.0,4.0,4.0,0.600423942856012,1.0,1.0,4.0,0.0,0.0
24.0,4.0,4.0,1.0,0.2454922890010348,1.0,2.0,3.2454922890010347,0.0,0.0
35.56434143324579,4.0,4.0,3.0,1.0,1.0,2.564341433245785,3.0,0.0,0.0
28.84072778512379,4.0,4.0,2.0,0.8407277851237885,1.0,1.0,4.0,0.0,0.0
34.88849464317257,3.0,4.0,3.111505356827426,1.0,1.0,2.111505356827426,2.111505356827426,0.0,0.0
26.856403656850325,3.0,3.1435963431496763,1.1435963431496763,1.0,0.14359634314967618,3.0,3.8564036568503237,0.0,0.0
31.816843654909636,4.0,4.0,3.0,0.0,0.8168436549096354,3.1831563450903646,3.1831563450903646,0.0,0.0
36.633622504561586,4.0,4.0,4.0,0.0,1.0,2.0,4.0,0.0,0.0
41.0,4.0,4.0,6.734410096913369,1.0,1.0,1.7344100969133693,4.0,0.0,0.0
29.855095501385502,4.0,4.0,3.0,1.0,0.8550955013855022,2.1449044986144976,1.2898089972289957,0.0,0.0
23.028423496915185,4.0,4.0,1.0,1.0,0.02842349691518331,3.0,4.0,0.0,0.0
37.0,3.885850041690693,4.0,3.0,1.0,1.0,1.0,3.885850041690693,0.0,0.0
48.0,4.0,4.0,7.0,0.3883188226954126,0.6116811773045874,1.0,4.0,0.0,0.0
27.0,3.0,3.0,1.0,0.3730325963299822,0.0,2.373032596329982,4.0,0.0,0.0
26.7067501713178,4.0,4.0,2.0,1.0,0.0,1.0,3.2932498286822005,0.0,0.0
39.0,4.0,4.0,3.075703212405601,1.0,1.0,1.0,4.0,0.0,0.0
39.0,3.872672123315162,4.0,5.0,1.0,1.0,2.127327876684838,4.0,0.0,0.0
32.0,4.0,4.0,2.0,0.17139775792292122,0.0,2.171397757922921,4.0,0.0,0.0
42.784884807301154,4.0,4.0,6.0,1.0,1.0,1.0,3.7848848073011565,0.0,0.0
30.0,3.0,3.2596940582627676,2.0,1.0,1.0,1.7403059417372324,3.2596940582627676,0.0,0.0
34.7628074034979,2.2371925965021005,4.0,4.0,0.23719259650210045,1.0,3.0,2.2371925965021005,0.0,0.0
32.348483563039544,2.651516436960459,2.651516436960459,3.651516436960459,1.0,0.3484835630395413,2.651516436960459,3.0,0.0,0.0
29.0,4.0,4.0,2.0,1.0,0.4261869614456886,1.0,3.426186961445689,0.0,0.0
42.0,2.334559731059372,3.665440268940628,4.665440268940627,0.0,1.0,2.334559731059372,3.334559731059372,0.0,0.0
30.0,2.863198420061093,4.0,1.0,0.5684007899694534,0.4315992100305466,2.5684007899694534,4.0,0.0,0.0
24.0,4.0,4.0,1.0,1.0,1.0,1.4087240964655632,4.0,0.0,0.0
39.11130735469581,4.0,4.0,3.1113073546958083,1.0,1.0,1.0,4.0,0.0,0.0
30.33627615764463,3.327447684710744,1.336276157644628,4.0,1.0,1.0,3.336276157644628,3.0,0.33627615764462804,0.0
46.864851095185564,2.067574452407219,2.067574452407219,7.0,1.0,1.0,2.067574452407219,4.0,0.0,0.0
32.41753821482654,2.582461785173455,3.0,5.5824617851734555,1.0,0.0,2.582461785173455,2.16492357034691,0.0,0.0
36.52657555674693,4.0,4.0,3.526575556746926,1.0,1.0,1.0,4.0,0.0,0.0
23.0,3.273976193754817,3.273976193754817,1.7260238062451831,1.0,0.0,3.0,4.0,0.0,0.0
34.95591036372422,3.0,4.0,2.955910363724221,0.9559103637242206,1.0,2.0,2.044089636275779,0.0,0.0
24.395443162898843,4.0,4.0,1.3954431628988435,1.0,1.0,1.3954431628988435,4.0,0.0,0.0
22.97355121328513,3.973551213285129,4.0,1.0,1.0,1.0,3.026448786714871,4.0,0.0,0.0
27.589099548408143,4.0,4.0,1.589099548408143,0.4109004515918572,1.0,1.0,4.0,0.0,0.0
27.0,4.0,4.0,2.0,1.0,0.8622758116712718,1.0,3.0,0.0,0.0
41.787555220750164,4.0,4.0,7.5751104415003265,0.0,1.0,1.0,4.0,0.0,0.0
35.65531913961507,3.0,3.655319139615066,6.655319139615067,1.0,1.0,2.0,2.344680860384934,0.0,0.0
45.507132859652565,4.0,4.0,3.5071328596525664,1.0,1.0,1.0,4.0,0.0,0.0
40.49164953905218,4.0,4.0,6.0,1.0,1.0,1.0,3.4916495390521822,0.0,0.0
35.0,4.0,4.0,5.0,1.0,0.0386219863707975,1.0386219863707975,4.0,0.0,0.0
39.0,3.0041628654621158,4.0,5.0,1.0,1.0,2.9958371345378842,4.0,0.0,0.0
27.45754303560642,4.0,4.0,2.0,1.0,0.4575430356064185,1.0,3.0,0.0,0.0
33.0,4.0,3.7802400893899732,4.219759910610026,1.0,1.0,1.2197599106100268,4.0,0.0,0.0
24.0,4.0,4.0,1.7693362928874974,1.0,0.23066370711250272,1.0,3.2306637071125026,0.0,0.0
25.032451002306637,2.0324510023066362,4.0,5.902646993080092,1.0,1.0,3.0,4.0,0.0,0.0
25.931435793991476,3.0,4.0,3.0,1.0,1.0,2.0,3.0,0.0,0.0
29.0,3.0,4.0,2.162639926866869,1.0,1.0,1.0,3.837360073133131,0.0,0.0
29.479692223368318,3.0,4.0,2.5203077766316815,1.0,1.0,1.0,3.4796922233683185,0.0,0.0
22.0,4.0,4.0,1.0,1.0,0.7794471141705909,1.220552885829409,2.0,0.0,0.0
38.538727183421734,3.461272816578264,4.0,5.461272816578264,1.0,0.5387271834217363,3.0,3.538727183421736,0.0,0.0
34.0,4.0,4.0,4.181446304724469,1.0,1.0,3.0,3.181446304724469,0.0,0.0
42.59499918184493,3.4050008181550657,4.0,2.4050008181550657,1.0,0.0,1.5949991818449343,4.0,0.0,0.0
28.0,4.0,4.0,2.0,0.39709107854203196,1.0,1.0,3.602908921457968,0.0,0.0
25.055244991987458,2.027622495993729,3.944755008012543,5.972377504006271,1.0,1.0,2.972377504006271,4.0,0.0,0.0
32.0,3.0,3.0,3.8867212440863312,1.0,0.0,3.0,3.0566393779568344,0.0,0.0
36.02955453689179,4.0,4.0,3.029554536891786,1.0,1.0,1.0,4.0,0.0,0.0
32.0,4.0,4.0,4.0,1.0,1.0,2.0,3.321664573799555,0.0,0.0
22.75625459549964,4.0,4.0,1.0,1.0,1.0,1.0,2.2437454045003578,0.0,0.0
31.16653875110864,3.0,4.0,7.0,0.4167306244456803,1.0,1.4167306244456803,3.4167306244456803,0.0,0.0
30.60852292440037,2.782954151199263,1.6085229244003685,4.0,1.0,1.0,3.6085229244003685,3.0,0.6085229244003686,0.0
42.47258375491478,1.5274162450852184,3.5274162450852184,4.5274162450852184,0.47258375491478166,1.0,1.5274162450852184,3.4725837549147816,0.0,0.0
34.065929257538215,3.868141484923571,4.0,4.0,0.9340707424617857,1.0,3.0,2.9340707424617856,0.0,0.0
26.0,4.0,4.0,1.0,1.0,0.0,1.6871410939374942,3.0,0.0,0.0
47.482790792980346,4.0,4.0,7.5172092070196515,1.0,0.5172092070196511,1.0,4.0,0.0,0.0
45.589556991730156,4.0,4.0,3.5895569917301557,1.0,1.0,1.0,4.0,0.0,0.0
26.0,2.853147997068805,4.0,2.853147997068805,1.0,1.0,1.8531479970688052,3.146852002931195,0.0,0.0
20.54781055386593,3.5478105538659284,4.0,1.0,1.0,1.0,1.4521894461340716,4.0,0.0,0.0
47.0,1.2246372086438027,1.2246372086438027,9.326088374068592,1.0,1.0,2.7753627913561973,3.2246372086438027,0.0,0.0
34.0,4.0,4.0,2.9012695392868233,0.9012695392868232,0.0,3.0,3.8025390785736466,0.0,0.0
39.0,4.0,4.0,3.0,0.6120689187613237,0.6120689187613237,1.0,4.0,0.0,0.0
33.0,3.0,3.7029074194433003,5.0,0.2970925805566996,1.0,3.0,3.2970925805566997,0.0,0.0
41.0,4.0,4.0,3.692591787331966,0.30740821266803386,0.0,2.0,3.692591787331966,0.0,0.0
32.81379297284346,2.1862070271565432,2.1862070271565432,2.8137929728434568,1.0,0.8137929728434565,2.1862070271565432,3.1862070271565432,0.0,0.0
41.14649061663442,3.0,3.0,4.853509383365574,1.0,1.0,1.1464906166344266,4.0,0.0,0.0
42.0,3.0,3.0,4.0,0.21854194941696992,1.0,2.78145805058303,4.0,0.0,0.0
44.0,4.0,4.0,6.735427263865051,0.7354272638650513,1.0,1.7354272638650512,3.735427263865051,0.0,0.0
37.0,4.0,4.0,3.777733204570395,1.0,1.0,1.0,4.0,0.0,0.0
22.0,4.0,4.0,1.0,1.0,0.2158404615902747,1.7841595384097253,2.2158404615902745,0.0,0.0
44.0,3.974676935211456,4.0,2.991558978403819,1.0,1.0,1.0,3.991558978403819,0.0,0.0
38.0,3.0507261184120495,4.0,6.949273881587951,0.05072611841204944,1.0,2.0507261184120495,3.0,0.0,0.0
32.0,4.0,4.0,2.0,0.4704894035653139,0.4704894035653139,1.0,4.0,0.0,0.0
22.183497161258433,4.0,4.0,1.0,1.0,1.0,1.0,2.8165028387415667,0.0,0.0
24.0,4.0,4.0,1.0,0.050385967526553554,1.0,2.0503859675265534,3.0503859675265534,0.0,0.0
22.47751126690485,4.0,4.0,1.0,1.0,0.4775112669048498,1.5224887330951502,2.0,0.0,0.0
20.090734016873228,4.0,4.0,1.0,1.0,1.0,1.454632991563387,3.0,0.0,0.0
36.0,4.0,4.0,3.0,0.6972389554611508,0.3027610445388492,2.0,4.0,0.0,0.0
36.46062904896826,4.0,4.0,4.460629048968258,0.46062904896825796,1.0,2.460629048968258,4.0,0.0,0.0
37.94266282867277,4.0,4.0,5.942662828672777,1.0,1.0,3.0,3.0573371713272235,0.0,0.0
33.65214591612086,3.0,3.0,6.0,1.0,1.0,3.0,4.0,0.0,0.0
47.0,4.0,4.0,4.0,0.4321463764150587,0.5678536235849413,1.5678536235849414,4.0,0.0,0.0
41.0,4.0,4.0,4.0,0.8345139876050305,0.0,1.1654860123949695,4.0,0.0,0.0
38.933661429036654,4.0,4.0,5.0,1.0,1.0,1.9336614290366523,3.9336614290366523,0.0,0.0
41.0,4.0,4.0,7.395215124865549,1.0,1.0,1.6047848751344507,4.0,0.0,0.0
47.80977365509184,4.0,3.19022634490816,6.80977365509184,1.0,0.0,1.8097736550918402,4.0,0.0,0.0
23.72740840777653,4.0,4.0,1.0,1.0,0.7274084077765285,3.0,4.0,0.0,0.0
44.343485960924404,4.0,4.0,3.0,1.0,1.0,1.0,4.0,0.0,0.0
38.341955221429885,4.0,4.0,5.658044778570115,1.0,0.3419552214298849,2.6580447785701153,3.3419552214298847,0.0,0.0
41.0,4.0,4.0,7.626296606533839,1.0,1.0,1.3737033934661609,4.0,0.0,0.0
45.71494347371901,1.6425282631404938,1.6425282631404938,8.642528263140495,1.0,1.0,3.0,3.357471736859506,0.35747173685950606,0.0
26.50469409145664,4.0,4.0,1.0,0.0,0.49530590854336254,1.4953059085433624,4.0,0.0,0.0
41.7826097430903,4.0,4.0,3.217390256909706,1.0,0.21739025690970581,1.0,4.0,0.0,0.0
36.0,4.0,4.0,2.729565810458854,1.0,1.0,2.729565810458854,3.270434189541146,0.0,0.0
29.263608916919186,4.0,4.0,1.0,0.736391083080814,0.263608916919186,2.0,4.0,0.0,0.0
39.0,4.0,4.0,4.0,0.845689031763059,1.0,1.0,4.0,0.0,0.0
32.0,4.0,4.0,3.0316968941194293,0.0,0.9683031058805704,2.9683031058805707,3.0316968941194293,0.0,0.0
33.54717873163469,3.4528212683653097,4.0,3.0,0.45282126836530967,1.0,1.0,4.0,0.0,0.0
36.718388735950825,3.7183887359508265,4.0,7.0,1.0,1.0,1.2816112640491735,3.436777471901653,0.0,0.0
41.0,4.0,4.0,6.610126828154758,1.0,1.0,1.6101268281547583,4.0,0.0,0.0
29.0,3.0,3.0,4.0,1.0,1.0,3.0,4.0,0.0,1.0
27.0,2.0,2.0,5.0,1.0,1.0,3.0,1.0,0.0,1.0
17.0,2.0,2.0,1.0,1.0,1.0,3.0,2.0,0.0,1.0
28.0,1.0,2.0,4.0,1.0,1.0,2.0,3.0,0.0,1.0
30.0,2.0,2.0,4.0,1.0,1.0,2.0,4.0,0.0,1.0
29.0,2.0,4.0,3.0,1.0,0.0,3.0,3.0,0.0,1.0
28.0,4.0,4.0,1.0,1.0,1.0,3.0,2.0,0.0,1.0
27.0,2.0,4.0,3.0,1.0,1.0,4.0,4.0,0.0,1.0
26.0,2.0,4.0,3.0,1.0,1.0,3.0,4.0,0.0,1.0
24.0,3.0,3.0,2.0,1.0,1.0,3.0,3.0,0.0,1.0
34.0,3.0,4.0,4.0,1.0,1.0,1.0,3.0,0.0,1.0
24.0,3.0,4.0,3.0,1.0,1.0,1.0,4.0,0.0,1.0
27.0,2.0,4.0,4.0,1.0,1.0,2.0,1.0,0.0,1.0
35.0,4.0,4.0,1.0,0.0,1.0,1.0,4.0,0.0,1.0
38.0,3.0,4.0,3.0,1.0,1.0,3.0,2.0,0.0,1.0
29.0,2.0,4.0,3.0,1.0,1.0,3.0,3.0,0.0,1.0
26.0,2.0,4.0,3.0,1.0,1.0,3.0,4.0,0.0,1.0
39.0,4.0,3.0,1.0,1.0,0.0,2.0,2.0,0.0,1.0
29.0,1.0,2.0,5.0,1.0,0.0,1.0,2.0,0.0,1.0
29.0,2.0,3.0,4.0,1.0,1.0,2.0,1.0,0.0,1.0
22.0,3.0,2.0,2.0,1.0,1.0,2.0,1.0,0.0,1.0
20.0,2.0,3.0,1.0,1.0,1.0,2.0,1.0,0.0,1.0
25.0,4.0,3.0,2.0,1.0,1.0,3.0,3.0,0.0,1.0
32.0,2.0,3.0,4.0,1.0,1.0,3.0,2.0,0.0,1.0
39.0,3.0,4.0,2.0,1.0,1.0,1.0,3.0,0.0,1.0
31.0,3.0,3.0,3.0,1.0,1.0,2.0,1.0,1.0,1.0
32.0,4.0,4.0,3.0,0.0,1.0,1.0,4.0,0.0,1.0
32.0,4.0,4.0,3.0,0.0,1.0,1.0,4.0,0.0,1.0
22.0,4.0,4.0,1.0,1.0,1.0,3.0,3.0,0.0,1.0
25.0,1.0,2.0,2.0,1.0,1.0,2.0,1.0,0.0,1.0
31.0,3.0,3.0,6.0,0.0,1.0,3.0,1.0,0.0,1.0
19.0,2.0,4.0,1.0,1.0,1.0,2.0,3.0,0.0,1.0
24.0,2.0,2.0,2.0,1.0,1.0,3.0,4.0,0.0,1.0
19.0,3.0,3.0,3.0,1.0,1.0,2.0,3.0,0.0,1.0
29.0,1.0,3.0,5.0,1.0,1.0,3.0,3.0,0.0,1.0
23.0,3.0,4.0,1.0,1.0,1.0,2.0,3.0,0.0,1.0
34.0,2.0,4.0,7.0,1.0,1.0,2.0,3.0,0.0,1.0
27.0,2.0,4.0,1.0,1.0,1.0,3.0,3.0,0.0,1.0
35.0,3.0,4.0,4.0,1.0,1.0,1.0,4.0,0.0,1.0
24.0,2.0,4.0,2.0,1.0,1.0,1.0,4.0,0.0,1.0
24.0,2.0,3.0,2.0,1.0,1.0,2.0,1.0,0.0,1.0
48.0,3.0,4.0,3.0,1.0,1.0,2.0,3.0,0.0,1.0
22.0,3.0,4.0,3.0,1.0,1.0,2.0,3.0,0.0,1.0
26.0,3.0,3.0,3.0,1.0,1.0,3.0,3.0,0.0,1.0
27.0,3.0,4.0,4.0,1.0,1.0,3.0,3.0,0.0,1.0
22.0,1.0,3.0,2.0,1.0,1.0,3.0,1.0,0.0,1.0
20.0,2.0,2.0,2.0,1.0,1.0,3.0,2.0,1.0,1.0
31.0,3.0,4.0,5.0,1.0,1.0,3.0,1.0,0.0,1.0
30.0,3.0,3.0,3.0,1.0,0.0,3.0,2.0,0.0,1.0
24.0,3.0,3.0,3.0,1.0,0.0,2.0,1.0,0.0,1.0
28.0,4.0,4.0,5.0,1.0,1.0,2.0,4.0,0.0,1.0
29.0,3.0,3.0,3.0,1.0,1.0,2.0,1.0,0.0,1.0
23.0,2.0,3.0,2.0,1.0,1.0,3.0,1.0,0.0,1.0
33.0,2.0,4.0,3.0,1.0,1.0,3.0,4.0,0.0,1.0
29.0,2.0,4.0,4.0,1.0,0.0,2.0,4.0,0.0,1.0
23.0,3.0,3.0,1.0,1.0,1.0,2.0,2.0,0.0,1.0
19.0,3.0,3.0,1.0,1.0,1.0,2.0,1.0,0.0,1.0
25.0,3.0,3.0,3.0,1.0,1.0,3.0,2.0,0.0,1.0
17.0,3.0,4.0,1.0,1.0,1.0,2.0,1.0,0.0,1.0
25.0,2.0,4.0,3.0,1.0,1.0,3.0,2.0,0.0,1.0
30.0,3.0,3.0,3.0,1.0,1.0,3.0,1.0,0.0,1.0
29.0,3.0,4.0,5.0,1.0,1.0,1.0,2.0,0.0,1.0
24.0,1.0,3.0,4.0,1.0,1.0,3.0,3.0,0.0,1.0
25.0,3.0,3.0,3.0,1.0,1.0,3.0,3.0,0.0,1.0
22.0,4.0,4.0,1.0,1.0,0.0,2.0,4.0,0.0,1.0
29.0,2.0,3.0,5.0,1.0,1.0,2.0,4.0,0.0,1.0
21.0,3.0,4.0,2.0,1.0,1.0,3.0,3.0,0.0,1.0
41.0,1.0,4.0,9.0,1.0,1.0,2.0,1.0,0.0,1.0
27.0,4.0,4.0,3.0,1.0,1.0,3.0,4.0,1.0,1.0
25.0,3.0,3.0,3.0,1.0,1.0,2.0,1.0,0.0,1.0
34.0,1.0,4.0,4.0,1.0,1.0,3.0,4.0,1.0,1.0
22.0,1.0,2.0,3.0,1.0,1.0,3.0,1.0,1.0,1.0
25.0,2.0,3.0,2.0,1.0,1.0,2.0,4.0,0.0,1.0
38.0,2.0,3.0,3.0,1.0,1.0,2.0,4.0,0.0,1.0
29.0,3.0,3.0,4.0,1.0,1.0,3.0,4.0,0.0,1.0
22.0,3.0,4.0,1.0,1.0,0.0,1.0,4.0,0.0,1.0
29.0,3.0,3.0,6.0,1.0,1.0,3.0,3.0,0.0,1.0
28.0,2.0,3.0,3.0,1.0,1.0,3.0,4.0,0.0,1.0
29.0,2.0,4.0,2.0,1.0,1.0,3.0,2.0,0.0,1.0
32.0,1.0,4.0,4.0,1.0,1.0,3.0,2.0,0.0,1.0
25.0,2.0,3.0,2.0,1.0,1.0,3.0,1.0,0.0,1.0
26.0,1.0,2.0,3.0,1.0,0.0,3.0,2.0,0.0,1.0
23.0,1.0,2.0,3.0,1.0,1.0,3.0,2.0,1.0,1.0
28.0,3.0,4.0,5.0,1.0,1.0,2.0,4.0,0.0,1.0
22.0,4.0,4.0,3.0,1.0,1.0,3.0,2.0,0.0,1.0
28.0,2.0,4.0,4.0,1.0,1.0,3.0,4.0,0.0,1.0
26.0,3.0,3.0,3.0,1.0,1.0,3.0,3.0,0.0,1.0
26.0,2.0,3.0,2.0,1.0,1.0,3.0,3.0,0.0,1.0
35.0,3.0,4.0,5.0,1.0,1.0,1.0,4.0,0.0,1.0
21.0,1.0,3.0,1.0,1.0,1.0,3.0,3.0,1.0,1.0
22.0,3.0,4.0,1.0,1.0,1.0,3.0,3.0,0.0,1.0
28.0,3.0,3.0,4.0,1.0,1.0,3.0,3.0,0.0,1.0
22.0,3.0,4.0,1.0,0.0,0.0,1.0,4.0,0.0,1.0
22.0,2.0,4.0,1.0,1.0,1.0,3.0,3.0,0.0,1.0
38.0,3.0,3.0,2.0,0.0,1.0,3.0,4.0,0.0,1.0
35.0,4.0,3.0,2.0,0.0,1.0,3.0,4.0,0.0,1.0
47.0,4.0,3.0,4.0,1.0,1.0,1.0,3.0,0.0,1.0
38.0,4.0,4.0,2.0,1.0,0.0,1.0,4.0,0.0,1.0
21.0,3.0,3.0,1.0,1.0,1.0,2.0,2.0,0.0,1.0
30.0,3.0,4.0,2.0,1.0,1.0,1.0,2.0,0.0,1.0
25.0,1.0,2.0,3.0,1.0,1.0,2.0,3.0,0.0,1.0
22.0,1.0,3.0,2.0,1.0,1.0,3.0,2.0,0.0,1.0
31.0,3.0,3.0,3.0,1.0,1.0,3.0,1.0,1.0,1.0
32.0,1.0,3.0,4.0,1.0,1.0,3.0,3.0,0.0,1.0
24.0,2.0,3.0,5.0,1.0,1.0,3.0,3.0,0.0,1.0
47.0,4.0,4.0,5.0,1.0,1.0,1.0,3.0,0.0,1.0
22.0,3.0,4.0,2.0,0.0,1.0,3.0,4.0,0.0,1.0
30.0,4.0,4.0,2.0,1.0,1.0,4.0,3.0,0.0,1.0
35.0,1.0,2.0,5.0,1.0,1.0,2.0,2.0,1.0,1.0
32.0,1.0,2.0,6.0,0.0,1.0,2.0,3.0,0.0,1.0
29.0,2.0,3.0,4.0,1.0,1.0,3.0,2.0,0.0,1.0
28.0,3.0,3.0,3.0,1.0,0.0,2.0,4.0,0.0,1.0
34.0,4.0,4.0,6.0,1.0,1.0,2.0,2.0,0.0,1.0
27.0,2.0,4.0,4.0,1.0,1.0,3.0,4.0,0.0,1.0
36.0,1.0,3.0,6.0,1.0,1.0,3.0,2.0,0.0,1.0
17.0,2.0,2.0,0.0,1.0,0.0,3.0,2.0,0.0,1.0
21.0,3.0,3.0,1.0,1.0,1.0,3.0,2.0,0.0,1.0
25.0,2.0,2.0,1.0,1.0,1.0,3.0,1.0,0.0,1.0
23.0,2.0,3.0,2.0,1.0,0.0,3.0,2.0,0.0,1.0
25.0,2.0,2.0,1.0,1.0,1.0,3.0,3.0,0.0,1.0
32.0,3.0,4.0,4.0,1.0,1.0,3.0,2.0,0.0,1.0
37.0,2.0,3.0,5.0,1.0,1.0,4.0,2.0,0.0,1.0
39.0,1.0,2.0,2.0,1.0,0.0,2.0,4.0,0.0,1.0
21.0,3.0,3.0,2.0,1.0,1.0,2.0,3.0,0.0,1.0
35.0,3.0,2.0,9.0,1.0,0.0,3.0,4.0,0.0,1.0
40.0,2.0,3.0,5.0,1.0,1.0,3.0,3.0,0.0,1.0
32.0,4.0,4.0,4.0,1.0,0.0,1.0,4.0,0.0,1.0
22.0,2.0,2.0,3.0,1.0,0.0,3.0,3.0,0.0,1.0
30.0,3.0,3.0,4.0,1.0,0.0,2.0,2.0,0.0,1.0
35.0,3.0,4.0,5.0,1.0,1.0,1.0,4.0,0.0,1.0
22.0,1.0,2.0,2.0,1.0,1.0,3.0,4.0,0.0,1.0
29.0,2.0,3.0,3.0,1.0,0.0,3.0,2.0,0.0,1.0
26.0,3.0,4.0,3.0,1.0,1.0,3.0,2.0,0.0,1.0
26.0,3.0,2.0,5.0,1.0,1.0,2.0,2.0,0.0,1.0
23.0,2.0,3.0,3.0,1.0,1.0,2.0,3.0,0.0,1.0
21.0,2.0,1.0,3.0,1.0,0.0,3.0,1.0,1.0,1.0
25.0,2.0,3.0,4.0,1.0,0.0,3.0,2.0,0.0,1.0
28.0,2.0,3.0,6.0,1.0,1.0,2.0,4.0,0.0,1.0
36.0,2.0,4.0,11.0,1.0,1.0,1.0,4.0,1.0,1.0
24.0,4.0,4.0,2.0,1.0,0.0,3.0,3.0,0.0,1.0
21.0,3.0,3.0,1.0,0.0,1.0,3.0,2.0,0.0,1.0
35.0,2.0,2.0,6.0,1.0,0.0,2.0,2.0,1.0,1.0
32.0,2.0,4.0,3.0,1.0,1.0,3.0,4.0,0.0,1.0
24.0,1.0,2.0,3.0,1.0,1.0,3.0,2.0,0.0,1.0
29.0,2.0,3.0,3.0,1.0,1.0,3.0,3.0,0.0,1.0
31.0,4.0,4.0,5.0,1.0,0.0,1.0,4.0,0.0,1.0
24.0,4.0,4.0,2.0,1.0,1.0,3.0,3.0,0.0,1.0
37.0,2.0,3.0,9.0,1.0,1.0,3.0,3.0,0.0,1.0
37.0,3.0,3.0,11.0,1.0,1.0,1.0,2.0,0.0,1.0
24.0,1.0,2.0,3.0,1.0,1.0,3.0,2.0,0.0,1.0
16.0,2.0,3.0,1.0,1.0,1.0,3.0,1.0,0.0,1.0
21.0,3.0,2.0,1.0,1.0,1.0,3.0,1.0,1.0,1.0
30.0,3.0,4.0,3.0,0.0,1.0,3.0,3.0,0.0,1.0
29.0,2.0,4.0,4.0,1.0,1.0,3.0,2.0,0.0,1.0
24.0,3.0,4.0,4.0,1.0,1.0,3.0,1.0,0.0,1.0
29.0,3.0,3.0,2.0,1.0,1.0,3.0,2.0,0.0,1.0
29.0,1.0,2.0,1.0,1.0,1.0,3.0,3.0,0.0,1.0
22.0,4.0,4.0,1.0,1.0,1.0,2.0,4.0,0.0,1.0
30.0,3.0,3.0,4.0,1.0,0.0,3.0,2.0,0.0,1.0
25.0,4.0,4.0,2.0,1.0,1.0,1.0,2.0,0.0,1.0
28.0,2.0,3.0,3.0,1.0,1.0,2.0,4.0,0.0,1.0
22.0,3.0,3.0,1.0,1.0,1.0,3.0,2.0,0.0,1.0
25.0,4.0,4.0,2.0,1.0,1.0,3.0,3.0,0.0,1.0
29.0,3.0,4.0,5.0,1.0,1.0,3.0,3.0,0.0,1.0
30.0,4.0,4.0,1.0,1.0,0.0,3.0,2.0,0.0,1.0
37.0,4.0,4.0,1.0,0.0,1.0,1.0,4.0,0.0,1.0
31.0,1.0,2.0,4.0,1.0,1.0,3.0,3.0,0.0,1.0
36.0,1.0,2.0,4.0,1.0,1.0,3.0,1.0,1.0,1.0
25.0,3.0,4.0,2.0,1.0,0.0,2.0,4.0,0.0,1.0
30.0,2.0,2.0,2.0,1.0,1.0,3.0,2.0,0.0,1.0
20.0,3.0,3.0,2.0,1.0,1.0,2.0,2.0,1.0,1.0
18.0,3.0,3.0,1.0,1.0,1.0,2.0,2.0,0.0,1.0
35.0,2.0,3.0,6.0,1.0,0.0,3.0,2.0,0.0,1.0
22.0,3.0,3.0,2.0,1.0,1.0,3.0,1.0,0.0,1.0
28.0,2.0,4.0,7.0,1.0,1.0,3.0,3.0,0.0,1.0
21.0,3.0,3.0,1.0,1.0,1.0,3.0,1.0,0.0,1.0
27.0,3.0,4.0,4.0,1.0,1.0,3.0,4.0,0.0,1.0
30.0,3.0,4.0,3.0,1.0,1.0,3.0,3.0,0.0,1.0
26.0,4.0,4.0,3.0,1.0,1.0,3.0,2.0,0.0,1.0
37.0,2.0,4.0,5.0,1.0,1.0,1.0,4.0,0.0,1.0
36.0,1.0,1.0,5.0,1.0,1.0,3.0,3.0,0.0,1.0
28.0,4.0,4.0,4.0,1.0,1.0,3.0,4.0,0.0,1.0
21.0,4.0,4.0,2.0,1.0,1.0,3.0,3.0,0.0,1.0
23.0,4.0,3.0,2.0,1.0,0.0,2.0,3.0,0.0,1.0
36.0,3.0,4.0,9.0,1.0,1.0,3.0,4.0,0.0,1.0
28.0,4.0,3.0,2.0,1.0,1.0,3.0,2.0,0.0,1.0
46.0,2.0,2.0,5.0,1.0,1.0,2.0,4.0,0.0,1.0
47.0,4.0,4.0,5.0,1.0,1.0,3.0,2.0,0.0,1.0
34.0,4.0,4.0,2.0,0.0,1.0,1.0,4.0,0.0,1.0
22.0,2.0,4.0,2.0,1.0,1.0,3.0,2.0,0.0,1.0
21.0,3.0,4.0,3.0,1.0,1.0,3.0,1.0,0.0,1.0
30.0,2.0,3.0,5.0,1.0,0.0,3.0,4.0,0.0,1.0
34.0,2.0,4.0,6.0,1.0,1.0,3.0,3.0,0.0,1.0
28.0,4.0,4.0,1.0,0.0,0.0,2.0,4.0,0.0,1.0
21.0,2.0,2.0,0.0,0.0,1.0,4.0,4.0,0.0,1.0
45.0,2.0,3.0,3.0,0.0,0.0,2.0,4.0,0.0,1.0
34.0,4.0,4.0,2.0,0.0,0.0,2.0,4.0,0.0,1.0
35.0,2.0,3.0,5.0,1.0,1.0,3.0,3.0,0.0,1.0
27.0,4.0,4.0,4.0,1.0,1.0,3.0,3.0,0.0,1.0
37.0,2.0,4.0,4.0,1.0,0.0,2.0,3.0,0.0,1.0
28.0,1.0,3.0,5.0,1.0,1.0,3.0,4.0,0.0,1.0
31.0,3.0,4.0,5.0,1.0,1.0,1.0,4.0,0.0,1.0
32.0,2.0,2.0,6.0,1.0,1.0,2.0,3.0,0.0,1.0
27.0,2.0,2.0,3.0,1.0,1.0,2.0,2.0,1.0,1.0
23.0,2.0,2.0,1.0,1.0,1.0,2.0,4.0,0.0,1.0
24.0,2.0,3.0,3.0,1.0,1.0,2.0,3.0,0.0,1.0
42.0,3.0,2.0,9.0,1.0,1.0,3.0,3.0,0.0,1.0
38.0,2.0,3.0,6.0,1.0,1.0,3.0,2.0,0.0,1.0
21.0,3.0,3.0,1.0,1.0,0.0,3.0,2.0,0.0,1.0
45.0,1.0,1.0,8.0,1.0,1.0,2.0,2.0,1.0,1.0
38.0,1.0,3.0,2.0,1.0,0.0,3.0,3.0,1.0,1.0
44.0,4.0,4.0,1.0,1.0,0.0,1.0,4.0,0.0,1.0
42.0,2.0,4.0,1.0,1.0,0.0,3.0,3.0,0.0,1.0
26.0,2.0,4.0,0.0,1.0,1.0,4.0,1.0,0.0,1.0
39.0,2.0,2.0,6.0,1.0,1.0,2.0,4.0,0.0,1.0
39.0,2.0,1.0,5.0,1.0,1.0,2.0,1.0,1.0,1.0
46.0,4.0,4.0,1.0,0.0,1.0,1.0,4.0,0.0,1.0
39.0,4.0,4.0,1.0,1.0,1.0,1.0,4.0,0.0,1.0
38.0,4.0,4.0,1.0,1.0,0.0,1.0,4.0,0.0,1.0
29.0,4.0,4.0,0.0,1.0,0.0,1.0,4.0,0.0,1.0
24.0,4.0,4.0,0.0,1.0,0.0,2.0,2.0,0.0,1.0
26.0,2.0,4.0,0.0,1.0,0.0,1.0,2.0,0.0,1.0
33.0,2.0,2.0,2.0,1.0,1.0,3.0,1.0,0.0,1.0
42.0,1.0,3.0,9.0,1.0,1.0,3.0,2.0,1.0,1.0
43.0,1.0,2.0,8.0,1.0,0.0,3.0,1.0,0.0,1.0
25.0,3.0,3.0,4.0,1.0,1.0,3.0,2.0,0.0,1.0
28.0,1.0,1.0,3.0,1.0,1.0,3.0,1.0,0.0,1.0
47.0,2.0,3.0,0.0,1.0,0.0,1.0,3.0,0.0,1.0
48.0,2.0,4.0,2.0,1.0,1.0,1.0,3.0,0.0,1.0
25.0,1.0,4.0,1.0,1.0,1.0,2.0,1.0,0.0,1.0
45.0,4.0,4.0,0.0,1.0,1.0,2.0,4.0,0.0,1.0
31.0,4.0,4.0,0.0,1.0,0.0,1.0,4.0,0.0,1.0
36.0,2.0,4.0,5.0,1.0,1.0,2.0,3.0,0.0,1.0
20.0,2.0,2.0,2.0,1.0,1.0,2.0,2.0,1.0,1.0
21.0,2.0,3.0,0.0,1.0,1.0,3.0,4.0,0.0,1.0
49.0,4.0,4.0,6.0,1.0,1.0,1.0,2.0,0.0,1.0
42.0,3.0,3.0,10.0,1.0,1.0,3.0,3.0,0.0,1.0
20.0,2.0,3.0,1.0,1.0,1.0,2.0,3.0,0.0,1.0
47.0,1.0,2.0,2.0,1.0,0.0,1.0,3.0,0.0,1.0
22.0,2.0,3.0,1.0,1.0,1.0,2.0,1.0,0.0,1.0
27.0,2.0,4.0,1.0,1.0,0.0,1.0,3.0,0.0,1.0
30.0,2.0,3.0,3.0,1.0,1.0,3.0,1.0,0.0,1.0
25.0,4.0,4.0,1.0,1.0,0.0,3.0,3.0,0.0,1.0
47.0,2.0,3.0,4.0,1.0,1.0,2.0,3.0,0.0,1.0
29.0,2.0,3.0,1.0,1.0,1.0,1.0,1.0,0.0,1.0
29.0,2.0,3.0,1.0,1.0,1.0,1.0,2.0,0.0,1.0
21.0,3.0,4.0,0.0,1.0,1.0,2.0,3.0,0.0,1.0
38.0,4.0,4.0,1.0,1.0,0.0,1.0,4.0,0.0,1.0
28.0,4.0,4.0,0.0,0.0,0.0,1.0,4.0,0.0,1.0
25.0,4.0,4.0,1.0,1.0,1.0,1.0,3.0,0.0,1.0
24.0,2.0,2.0,3.0,1.0,0.0,2.0,1.0,0.0,1.0
25.0,2.0,3.0,0.0,1.0,1.0,2.0,1.0,0.0,1.0
46.0,2.0,4.0,6.0,1.0,1.0,1.0,4.0,0.0,1.0
26.0,2.0,2.0,3.0,1.0,1.0,2.0,1.0,0.0,1.0
38.0,2.0,2.0,1.0,1.0,0.0,3.0,2.0,0.0,1.0
47.0,1.0,2.0,3.0,1.0,1.0,1.0,3.0,0.0,1.0
41.0,1.0,3.0,10.0,1.0,1.0,2.0,3.0,1.0,1.0
41.0,2.0,3.0,1.0,1.0,0.0,2.0,3.0,0.0,1.0
28.0,4.0,4.0,5.0,1.0,1.0,2.0,1.0,0.0,1.0
17.0,2.0,2.0,3.0,1.0,1.0,3.0,1.0,0.0,1.0
27.0,2.0,3.0,5.0,1.0,1.0,2.0,1.0,0.0,1.0
27.0,1.0,2.0,4.0,1.0,1.0,3.0,1.0,1.0,1.0
19.0,2.0,3.0,0.0,1.0,0.0,2.0,2.0,0.0,1.0
27.0,2.0,4.0,3.0,1.0,0.0,3.0,2.0,0.0,1.0
26.0,4.0,3.0,4.0,1.0,1.0,2.0,3.0,0.0,1.0
29.0,2.0,3.0,2.0,1.0,1.0,3.0,1.0,0.0,1.0
26.0,2.0,3.0,3.0,1.0,1.0,3.0,1.0,0.0,1.0
45.0,4.0,4.0,1.0,1.0,0.0,3.0,3.0,0.0,1.0
37.0,4.0,4.0,1.0,1.0,1.0,1.0,4.0,0.0,1.0
44.0,3.0,4.0,1.0,1.0,1.0,1.0,3.0,0.0,1.0
49.0,4.0,3.0,5.0,1.0,1.0,2.0,3.0,0.0,1.0
26.0,2.0,3.0,2.0,1.0,1.0,3.0,3.0,0.0,1.0
38.0,1.0,2.0,1.0,1.0,1.0,2.0,4.0,1.0,1.0
36.0,2.0,3.0,5.0,1.0,1.0,2.0,3.0,0.0,1.0
20.0,2.0,3.0,1.0,0.0,1.0,3.0,2.0,0.0,1.0
44.0,2.0,1.0,3.0,1.0,0.0,3.0,2.0,0.0,1.0
31.0,3.0,4.0,2.0,1.0,1.0,1.0,2.0,1.0,1.0
45.0,4.0,4.0,1.0,1.0,1.0,1.0,3.0,0.0,1.0
36.0,2.0,3.0,2.0,1.0,1.0,3.0,2.0,1.0,1.0
25.0,3.0,4.0,0.0,1.0,1.0,1.0,3.0,0.0,1.0
48.0,3.0,4.0,3.0,1.0,1.0,3.0,1.0,0.0,1.0
30.0,4.0,4.0,0.0,0.0,0.0,1.0,3.0,0.0,1.0
48.0,1.0,2.0,8.0,1.0,1.0,3.0,1.0,0.0,1.0
28.0,3.0,4.0,1.0,1.0,1.0,3.0,1.0,1.0,1.0
24.0,4.0,4.0,2.0,1.0,1.0,3.0,3.0,0.0,1.0
21.0,3.0,3.0,2.0,1.0,1.0,2.0,2.0,0.0,1.0
35.0,4.0,4.0,2.0,0.0,1.0,3.0,3.0,0.0,1.0
21.0,1.0,3.0,4.0,1.0,1.0,3.0,2.0,0.0,1.0
47.0,1.0,2.0,4.0,1.0,1.0,2.0,2.0,0.0,1.0
32.0,2.0,4.0,4.0,1.0,1.0,3.0,2.0,0.0,1.0
22.0,2.0,2.0,2.0,1.0,1.0,3.0,1.0,0.0,1.0
23.0,1.0,1.0,3.0,1.0,1.0,2.0,1.0,1.0,1.0
30.0,4.0,4.0,0.0,1.0,0.0,1.0,4.0,0.0,1.0
40.0,3.0,3.0,1.0,1.0,0.0,3.0,3.0,0.0,1.0
37.0,3.0,4.0,1.0,1.0,1.0,2.0,4.0,0.0,1.0
49.0,3.0,4.0,5.0,1.0,1.0,1.0,4.0,0.0,1.0
22.0,4.0,4.0,0.0,1.0,1.0,2.0,4.0,0.0,1.0
49.0,2.0,2.0,8.0,1.0,0.0,3.0,1.0,0.0,1.0
22.0,2.0,4.0,1.0,1.0,1.0,2.0,4.0,0.0,1.0
32.0,2.0,4.0,0.0,1.0,0.0,3.0,4.0,0.0,1.0
28.0,4.0,4.0,0.0,0.0,1.0,1.0,3.0,0.0,1.0
30.0,2.0,4.0,4.0,1.0,0.0,1.0,4.0,0.0,1.0
25.0,2.0,4.0,1.0,1.0,1.0,2.0,2.0,0.0,1.0
48.0,2.0,1.0,3.0,1.0,0.0,4.0,3.0,0.0,1.0
19.0,3.0,3.0,2.0,1.0,1.0,3.0,2.0,0.0,1.0
27.0,3.0,2.0,3.0,1.0,1.0,3.0,2.0,0.0,1.0
30.0,1.0,2.0,4.0,1.0,1.0,4.0,1.0,0.0,1.0
24.0,3.0,3.0,2.0,1.0,1.0,3.0,3.0,0.0,1.0
18.0,3.0,4.0,0.0,1.0,0.0,3.0,1.0,0.0,1.0
45.0,1.0,2.0,6.0,1.0,1.0,3.0,3.0,1.0,1.0
25.0,2.0,2.0,3.0,1.0,0.0,3.0,1.0,0.0,1.0
30.0,1.0,1.0,5.0,1.0,1.0,2.0,2.0,0.0,1.0
32.0,2.0,4.0,2.0,1.0,1.0,3.0,3.0,0.0,1.0
42.0,1.0,4.0,11.0,0.0,1.0,2.0,2.0,1.0,1.0
22.0,2.0,4.0,0.0,1.0,1.0,3.0,3.0,0.0,1.0
40.0,3.0,4.0,1.0,1.0,1.0,1.0,2.0,0.0,1.0
22.0,2.0,3.0,2.0,1.0,1.0,3.0,1.0,0.0,1.0
26.0,2.0,4.0,0.0,1.0,1.0,3.0,1.0,0.0,1.0
45.0,1.0,2.0,1.0,1.0,0.0,3.0,3.0,0.0,1.0
26.0,3.0,4.0,3.0,1.0,1.0,3.0,2.0,0.0,1.0
48.0,1.0,3.0,5.0,1.0,1.0,3.0,2.0,0.0,1.0
43.0,1.0,3.0,8.0,1.0,1.0,3.0,1.0,0.0,1.0
27.0,3.0,4.0,2.0,1.0,0.0,2.0,2.0,0.0,1.0
42.0,3.0,2.0,1.0,1.0,1.0,3.0,3.0,0.0,1.0
27.0,3.0,4.0,0.0,1.0,1.0,3.0,3.0,0.0,1.0
37.0,1.0,2.0,2.0,1.0,1.0,2.0,2.0,1.0,1.0
22.0,1.0,2.0,0.0,1.0,1.0,2.0,4.0,0.0,1.0
47.0,1.0,4.0,8.0,1.0,1.0,3.0,3.0,0.0,1.0
28.0,3.0,4.0,0.0,1.0,1.0,3.0,2.0,0.0,1.0
48.0,1.0,3.0,4.0,1.0,1.0,3.0,4.0,1.0,1.0
21.0,3.0,4.0,0.0,1.0,0.0,3.0,1.0,0.0,1.0
20.0,2.0,3.0,1.0,1.0,1.0,2.0,4.0,0.0,1.0
39.0,1.0,1.0,5.0,1.0,0.0,3.0,1.0,1.0,1.0
37.0,2.0,3.0,5.0,1.0,0.0,3.0,2.0,0.0,1.0
40.0,3.0,3.0,4.0,1.0,1.0,2.0,2.0,0.0,1.0
34.0,4.0,4.0,2.0,0.0,1.0,1.0,4.0,0.0,1.0
48.0,1.0,3.0,4.0,1.0,1.0,3.0,3.0,1.0,1.0
44.0,1.0,2.0,7.0,1.0,1.0,3.0,4.0,0.0,1.0
44.0,2.0,2.0,1.0,1.0,0.0,3.0,2.0,0.0,1.0
39.0,3.0,3.0,1.0,0.0,1.0,3.0,4.0,0.0,1.0
47.0,1.0,2.0,7.0,1.0,0.0,3.0,2.0,0.0,1.0
29.0,3.0,3.0,3.0,1.0,0.0,2.0,4.0,0.0,1.0
22.0,3.0,3.0,0.0,1.0,1.0,2.0,2.0,0.0,1.0
31.0,2.0,4.0,5.0,1.0,1.0,3.0,2.0,0.0,1.0
42.0,3.0,4.0,10.0,1.0,0.0,3.0,2.0,0.0,1.0
38.0,3.0,3.0,7.0,1.0,1.0,3.0,1.0,0.0,1.0
47.0,1.0,1.0,6.0,1.0,0.0,3.0,1.0,0.0,1.0
28.0,3.0,4.0,1.0,1.0,1.0,3.0,4.0,0.0,1.0
49.0,2.0,4.0,6.0,0.0,1.0,2.0,3.0,0.0,1.0
23.0,3.0,4.0,2.0,1.0,0.0,2.0,3.0,0.0,1.0
35.0,2.0,3.0,0.0,1.0,1.0,2.0,4.0,0.0,1.0
21.0,2.0,4.0,2.0,1.0,1.0,3.0,1.0,0.0,1.0
22.0,4.0,4.0,0.0,1.0,1.0,1.0,4.0,0.0,1.0
22.0,4.0,4.0,0.0,1.0,0.0,1.0,4.0,0.0,1.0
23.0,2.0,4.0,4.0,1.0,1.0,3.0,3.0,0.0,1.0
35.0,1.0,3.0,0.0,1.0,1.0,2.0,2.0,1.0,1.0
47.0,1.0,2.0,2.0,1.0,1.0,2.0,4.0,0.0,1.0
49.0,3.0,4.0,6.0,1.0,1.0,1.0,4.0,0.0,1.0
29.0,4.0,2.0,0.0,1.0,0.0,2.0,2.0,0.0,1.0
25.0,3.0,3.0,1.0,1.0,1.0,3.0,4.0,0.0,1.0
23.0,4.0,4.0,2.0,1.0,0.0,3.0,3.0,0.0,1.0
21.0,3.0,3.0,0.0,1.0,1.0,2.0,2.0,0.0,1.0
22.0,3.0,4.0,2.0,1.0,1.0,2.0,3.0,0.0,1.0
47.0,3.0,4.0,3.0,1.0,1.0,2.0,3.0,0.0,1.0
36.0,2.0,2.0,0.0,0.0,0.0,3.0,3.0,0.0,1.0
30.0,3.0,3.0,5.0,1.0,0.0,3.0,4.0,0.0,1.0
40.0,1.0,1.0,2.0,1.0,0.0,3.0,4.0,0.0,1.0
21.0,1.0,3.0,0.0,1.0,0.0,3.0,4.0,1.0,1.0
35.0,4.0,4.0,2.0,0.0,1.0,3.0,4.0,0.0,1.0
32.0,3.0,4.0,1.0,0.0,1.0,2.0,4.0,0.0,1.0
35.0,1.0,2.0,0.0,1.0,0.0,4.0,4.0,0.0,1.0
21.0,1.0,2.0,1.0,1.0,0.0,3.0,4.0,0.0,1.0
47.0,4.0,4.0,1.0,0.0,1.0,1.0,4.0,0.0,1.0
31.0,2.0,2.0,8.0,1.0,1.0,2.0,2.0,1.0,1.0
34.0,4.0,3.0,0.0,0.0,0.0,3.0,3.0,0.0,1.0
30.0,4.0,4.0,3.0,1.0,0.0,2.0,4.0,0.0,1.0
30.0,2.0,3.0,4.0,1.0,0.0,3.0,2.0,0.0,1.0
21.0,4.0,4.0,1.0,1.0,1.0,3.0,3.0,0.0,1.0
28.0,4.0,4.0,1.0,0.0,1.0,2.0,4.0,0.0,1.0
32.0,1.0,2.0,4.0,1.0,1.0,3.0,2.0,1.0,1.0
25.0,2.0,2.0,3.0,1.0,1.0,3.0,3.0,0.0,1.0
19.0,2.0,2.0,2.0,1.0,1.0,3.0,1.0,0.0,1.0
40.0,1.0,2.0,6.0,1.0,1.0,3.0,1.0,1.0,1.0
24.0,2.0,2.0,2.0,1.0,1.0,3.0,1.0,1.0,1.0
32.0,2.0,2.0,1.0,1.0,1.0,2.0,1.0,0.0,1.0
23.0,2.0,4.0,2.0,1.0,1.0,1.0,4.0,0.0,1.0
22.0,2.0,4.0,4.0,1.0,1.0,3.0,4.0,0.0,1.0
49.0,2.0,3.0,0.0,1.0,1.0,1.0,2.0,0.0,1.0
25.0,2.0,3.0,0.0,1.0,1.0,2.0,4.0,0.0,1.0
18.0,3.0,4.0,1.0,1.0,1.0,3.0,1.0,0.0,1.0
37.0,1.0,3.0,0.0,1.0,1.0,3.0,4.0,0.0,1.0
29.0,3.0,2.0,0.0,1.0,1.0,2.0,2.0,0.0,1.0
20.0,2.0,3.0,3.0,1.0,1.0,3.0,4.0,0.0,1.0
23.0,4.0,4.0,1.0,1.0,1.0,2.0,3.0,0.0,1.0
17.0,2.0,3.0,1.0,1.0,1.0,3.0,2.0,0.0,1.0
49.0,1.0,3.0,0.0,1.0,1.0,3.0,3.0,1.0,1.0
23.0,3.0,3.0,2.0,1.0,1.0,2.0,2.0,0.0,1.0
18.0,2.0,3.0,1.0,1.0,1.0,2.0,3.0,0.0,1.0
37.0,2.0,3.0,2.0,0.0,0.0,3.0,3.0,0.0,1.0
25.0,2.0,3.0,1.0,1.0,0.0,2.0,1.0,0.0,1.0
19.0,4.0,4.0,0.0,0.0,1.0,3.0,4.0,0.0,1.0
28.0,2.0,4.0,1.0,1.0,0.0,3.0,4.0,0.0,1.0
20.0,2.0,3.0,1.0,1.0,1.0,3.0,4.0,0.0,1.0
33.0,4.0,4.0,0.0,1.0,0.0,3.0,3.0,0.0,1.0
47.0,1.0,4.0,6.0,1.0,1.0,1.0,4.0,0.0,1.0
25.0,3.0,3.0,0.0,1.0,1.0,3.0,4.0,0.0,1.0
49.0,1.0,3.0,6.0,1.0,1.0,2.0,4.0,0.0,1.0
48.0,1.0,1.0,8.0,1.0,0.0,2.0,2.0,1.0,1.0
19.0,2.0,2.0,0.0,1.0,1.0,2.0,2.0,0.0,1.0
46.0,1.0,2.0,3.0,1.0,1.0,2.0,1.0,1.0,1.0
39.0,1.0,2.0,2.0,1.0,1.0,3.0,1.0,1.0,1.0
30.0,3.0,4.0,5.0,1.0,1.0,1.0,4.0,0.0,1.0
24.0,2.0,2.0,3.0,1.0,1.0,2.0,4.0,0.0,1.0
47.0,3.0,3.0,2.0,1.0,1.0,2.0,4.0,0.0,1.0
45.0,2.0,3.0,4.0,1.0,0.0,2.0,4.0,0.0,1.0
42.0,2.0,4.0,2.0,1.0,1.0,3.0,4.0,0.0,1.0
47.0,1.0,1.0,1.0,1.0,1.0,3.0,4.0,0.0,1.0
25.0,2.0,2.0,2.0,1.0,1.0,3.0,1.0,0.0,1.0
20.0,2.0,3.0,3.0,1.0,1.0,3.0,4.0,0.0,1.0
35.0,2.0,2.0,6.0,1.0,0.0,3.0,1.0,1.0,1.0
41.0,3.0,2.0,11.0,1.0,1.0,2.0,3.0,0.0,1.0
27.0,2.0,4.0,1.0,1.0,0.0,1.0,1.0,0.0,1.0
25.0,4.0,4.0,0.0,1.0,0.0,3.0,4.0,0.0,1.0
48.0,1.0,1.0,1.0,1.0,0.0,3.0,3.0,1.0,1.0
23.0,4.0,4.0,0.0,1.0,0.0,1.0,4.0,0.0,1.0
49.0,4.0,4.0,1.0,1.0,1.0,3.0,4.0,0.0,1.0
26.0,2.0,4.0,3.0,1.0,1.0,3.0,4.0,0.0,1.0
38.0,1.0,2.0,12.0,1.0,1.0,2.0,3.0,0.0,1.0
22.0,4.0,4.0,0.0,1.0,1.0,3.0,2.0,0.0,1.0
32.0,2.0,3.0,1.0,1.0,1.0,3.0,3.0,0.0,1.0
27.0,1.0,2.0,4.0,1.0,1.0,1.0,4.0,1.0,1.0
41.0,2.0,4.0,1.0,1.0,1.0,2.0,3.0,0.0,1.0
28.0,3.0,4.0,0.0,1.0,0.0,1.0,3.0,0.0,1.0
33.0,4.0,4.0,2.0,0.0,1.0,1.0,4.0,0.0,1.0
39.0,2.0,2.0,5.0,1.0,0.0,3.0,2.0,1.0,1.0
43.0,3.0,4.0,10.0,1.0,1.0,3.0,3.0,0.0,1.0
32.0,3.0,4.0,0.0,1.0,1.0,3.0,4.0,0.0,1.0
47.0,2.0,2.0,4.0,1.0,1.0,3.0,1.0,0.0,1.0
42.0,4.0,4.0,1.0,1.0,1.0,2.0,4.0,0.0,1.0
24.0,3.0,4.0,0.0,1.0,0.0,2.0,3.0,0.0,1.0
24.0,3.0,3.0,2.0,1.0,0.0,3.0,2.0,0.0,1.0
45.0,1.0,1.0,0.0,0.0,0.0,2.0,1.0,0.0,1.0
28.0,2.0,3.0,1.0,1.0,1.0,3.0,1.0,0.0,1.0
33.0,1.0,2.0,0.0,1.0,0.0,3.0,3.0,0.0,1.0
34.0,3.0,4.0,4.0,1.0,1.0,1.0,3.0,0.0,1.0
36.0,1.0,4.0,2.0,1.0,1.0,2.0,2.0,0.0,1.0
22.0,4.0,4.0,0.0,1.0,0.0,2.0,4.0,0.0,1.0
43.0,1.0,2.0,8.0,1.0,1.0,2.0,2.0,1.0,1.0
46.0,1.0,4.0,8.0,1.0,1.0,1.0,4.0,1.0,1.0
30.0,1.0,1.0,7.0,1.0,1.0,2.0,3.0,0.0,1.0
42.0,4.0,4.0,1.0,1.0,0.0,1.0,4.0,0.0,1.0
36.0,1.0,4.0,1.0,1.0,1.0,3.0,3.0,0.0,1.0
49.0,1.0,2.0,8.0,1.0,1.0,3.0,1.0,1.0,1.0
47.0,1.0,4.0,7.0,1.0,1.0,2.0,3.0,0.0,1.0
24.0,2.0,3.0,2.0,1.0,1.0,3.0,1.0,0.0,1.0
48.0,1.0,1.0,6.0,1.0,1.0,2.0,3.0,1.0,1.0
47.0,1.0,2.0,2.0,1.0,1.0,2.0,3.0,1.0,1.0
24.0,3.0,4.0,1.0,1.0,0.0,3.0,3.0,0.0,1.0
48.0,3.0,4.0,5.0,1.0,1.0,2.0,3.0,0.0,1.0
45.0,3.0,4.0,0.0,1.0,1.0,1.0,3.0,0.0,1.0
25.0,3.0,4.0,3.0,1.0,1.0,1.0,1.0,0.0,1.0
28.0,2.0,4.0,0.0,1.0,1.0,3.0,1.0,0.0,1.0
30.0,4.0,2.0,0.0,1.0,0.0,3.0,3.0,0.0,1.0
46.0,3.0,1.0,5.0,1.0,1.0,3.0,2.0,0.0,1.0
28.0,1.0,4.0,0.0,1.0,0.0,4.0,1.0,0.0,1.0
21.0,2.0,4.0,0.0,1.0,1.0,2.0,2.0,0.0,1.0
20.0,3.0,4.0,2.0,1.0,1.0,3.0,3.0,0.0,1.0
28.0,3.0,3.0,5.0,1.0,1.0,3.0,3.0,0.0,1.0
38.0,1.0,2.0,6.0,1.0,1.0,2.0,1.0,1.0,1.0
20.0,3.0,4.0,1.0,1.0,1.0,3.0,2.0,0.0,1.0
39.0,3.0,1.0,1.0,1.0,1.0,2.0,3.0,0.0,1.0
23.0,3.0,4.0,4.0,1.0,1.0,3.0,1.0,1.0,1.0
36.0,2.0,3.0,6.0,1.0,1.0,2.0,3.0,0.0,1.0
45.0,3.0,4.0,0.0,1.0,1.0,1.0,3.0,0.0,1.0
30.0,2.0,3.0,1.0,1.0,1.0,2.0,1.0,0.0,1.0
27.0,3.0,4.0,0.0,1.0,0.0,3.0,3.0,0.0,1.0
21.0,4.0,4.0,1.0,1.0,1.0,3.0,4.0,0.0,1.0
26.0,4.0,4.0,0.0,1.0,1.0,3.0,4.0,0.0,1.0
39.0,2.0,3.0,10.0,1.0,1.0,3.0,4.0,0.0,1.0
30.0,3.0,4.0,4.0,0.0,1.0,2.0,3.0,0.0,1.0
47.0,2.0,4.0,2.0,1.0,1.0,3.0,2.0,1.0,1.0
44.0,1.0,2.0,2.0,1.0,1.0,3.0,1.0,0.0,1.0
34.0,2.0,4.0,6.0,1.0,0.0,3.0,4.0,0.0,1.0
45.0,1.0,3.0,7.0,1.0,0.0,1.0,3.0,0.0,1.0
43.0,4.0,4.0,5.0,1.0,1.0,1.0,3.0,0.0,1.0
28.0,3.0,4.0,0.0,1.0,0.0,3.0,4.0,0.0,1.0
27.0,3.0,4.0,0.0,1.0,1.0,3.0,3.0,0.0,1.0
26.0,3.0,4.0,1.0,0.0,1.0,2.0,2.0,0.0,1.0
48.0,4.0,4.0,1.0,0.0,1.0,1.0,4.0,0.0,1.0
45.0,4.0,4.0,1.0,1.0,0.0,1.0,4.0,0.0,1.0
45.0,4.0,4.0,1.0,1.0,1.0,1.0,4.0,0.0,1.0
25.0,3.0,3.0,1.0,1.0,0.0,2.0,4.0,0.0,1.0
20.0,4.0,4.0,0.0,0.0,0.0,2.0,4.0,0.0,1.0
47.0,3.0,2.0,5.0,1.0,1.0,4.0,4.0,0.0,1.0
24.0,4.0,4.0,4.0,1.0,1.0,1.0,4.0,0.0,1.0
38.0,3.0,3.0,4.0,0.0,0.0,3.0,2.0,1.0,1.0
31.0,1.0,1.0,6.0,1.0,1.0,3.0,2.0,0.0,1.0
46.0,1.0,2.0,7.0,1.0,1.0,3.0,1.0,1.0,1.0
45.0,2.0,2.0,7.0,1.0,1.0,3.0,1.0,1.0,1.0
16.0,2.0,4.0,1.0,1.0,1.0,3.0,4.0,0.0,1.0
18.0,3.0,2.0,1.0,1.0,1.0,3.0,1.0,0.0,1.0
41.0,1.0,3.0,3.0,1.0,0.0,2.0,4.0,0.0,1.0
23.0,3.0,2.0,0.0,1.0,1.0,2.0,2.0,0.0,1.0
42.0,4.0,4.0,0.0,0.0,0.0,3.0,4.0,0.0,1.0
21.0,2.0,3.0,0.0,1.0,1.0,3.0,4.0,0.0,1.0
26.0,4.0,4.0,2.0,1.0,1.0,1.0,3.0,0.0,1.0
37.0,3.0,4.0,0.0,1.0,1.0,3.0,4.0,0.0,1.0
25.0,4.0,4.0,0.0,0.0,1.0,2.0,4.0,0.0,1.0
45.0,4.0,4.0,1.0,1.0,1.0,1.0,4.0,0.0,1.0
47.0,4.0,4.0,1.0,1.0,1.0,1.0,4.0,0.0,1.0
28.0,4.0,4.0,5.0,1.0,0.0,3.0,4.0,0.0,1.0
24.0,2.0,2.0,4.0,1.0,1.0,3.0,4.0,0.0,1.0
47.0,2.0,3.0,5.0,1.0,1.0,1.0,1.0,0.0,1.0
26.0,1.0,3.0,1.0,1.0,1.0,3.0,1.0,0.0,1.0
25.0,4.0,4.0,3.0,1.0,1.0,1.0,2.0,0.0,1.0
47.0,1.0,1.0,4.0,1.0,1.0,2.0,2.0,0.0,1.0
48.0,1.0,1.0,8.0,1.0,1.0,1.0,1.0,1.0,1.0
32.0,1.0,3.0,4.0,1.0,1.0,2.0,2.0,1.0,1.0
47.0,1.0,2.0,2.0,1.0,1.0,2.0,4.0,0.0,1.0
40.0,1.0,1.0,0.0,1.0,1.0,3.0,2.0,0.0,1.0
49.0,1.0,2.0,5.0,1.0,0.0,2.0,2.0,1.0,1.0
21.0,2.0,4.0,3.0,1.0,1.0,3.0,2.0,0.0,1.0
